{
"type": "FeatureCollection",
"name": "(N) ORLAND 424 COUNTIES",
"crs": { "type": "name", "properties": { "name": "urn:ogc:def:crs:OGC:1.3:CRS84" } },
"features": [
{ "type": "Feature", "properties": { "STATE": "AQUALAND", "County": "Silvergate" }, "geometry": { "type": "MultiPolygon", "coordinates": [ [ [ [ -12.805388310057664, 47.335471483769915 ], [ -12.738961564517176, 47.335471483769915 ], [ -12.681391718382086, 47.354661432481606 ], [ -12.626774172048794, 47.339899933472608 ], [ -12.401236974417802, 47.335578812172287 ], [ -12.401277879347102, 47.335439377553961 ], [ -12.397356303343576, 47.336542082100003 ], [ -12.392919041200001, 47.336542082100003 ], [ -12.4042960573, 47.330853574 ], [ -12.427272747117078, 47.31758149465437 ], [ -12.432310467800001, 47.285882356400002 ], [ -12.437304837199999, 47.240933031799997 ], [ -12.428236935499999, 47.234887764 ], [ -12.3124846875, 47.193547675399998 ], [ -11.427706796500001, 47.050553268800002 ], [ -11.114906532, 47.050553268800002 ], [ -11.1182193926, 47.042933689500003 ], [ -11.118219392567795, 47.042933689500003 ], [ -11.20067241427547, 46.946549412011791 ], [ -11.2019150666, 46.850433639400002 ], [ -11.20423282421128, 46.845102796874443 ], [ -12.280880997301967, 46.891559633681432 ], [ -12.547398576053755, 46.400785007664773 ], [ -12.551662124938613, 46.397306287101706 ], [ -12.617350892891384, 46.251260688717814 ], [ -12.7083194982, 46.088940029500002 ], [ -12.7146564561, 46.076403873700002 ], [ -12.7158641791, 46.081717855100003 ], [ -12.710976716899999, 46.096380241699997 ], [ -12.7335812297, 46.1596728775 ], [ -12.754993174699999, 46.253885435699999 ], [ -12.758531325, 46.272750888399997 ], [ -12.7593422082, 46.273021182800001 ], [ -12.875638766, 46.309589321399997 ], [ -12.887330693299999, 46.309589321399997 ], [ -12.94150852347445, 46.309589321399997 ], [ -13.007571855303283, 46.48641427319005 ], [ -13.0752622341, 46.667594174900003 ], [ -13.1096933818, 46.711862793400002 ], [ -13.111317982736727, 46.711862793400002 ], [ -12.830035834480464, 47.313499713214455 ], [ -12.811292909661262, 47.317757684959112 ], [ -12.805388310057664, 47.335471483769915 ] ] ] ] } },
{ "type": "Feature", "properties": { "STATE": "AQUALAND", "County": "Silvergate" }, "geometry": { "type": "MultiPolygon", "coordinates": [ [ [ [ -11.218059598881084, 46.160406457594881 ], [ -11.218066472852501, 46.160012213667258 ], [ -11.218128684906794, 46.156444156259766 ], [ -11.310379980515744, 46.173690872602833 ], [ -11.322761194981132, 46.175864102042468 ], [ -11.483199517812757, 46.204025255974372 ], [ -12.547398576053755, 46.400785007664773 ], [ -12.280880997301967, 46.891559633681432 ], [ -11.204232824211278, 46.845102796874443 ], [ -11.204277613676698, 46.844999781103603 ], [ -11.185973467565223, 46.84431491465525 ], [ -11.207893609699999, 46.838476553200003 ], [ -11.214120295599894, 46.386337917542953 ], [ -11.218059598881084, 46.160406457594881 ] ], [ [ -11.20458338238709, 46.845011221720902 ], [ -11.2042780362, 46.844998809300002 ], [ -11.204277613676698, 46.844999781103603 ], [ -11.20458338238709, 46.845011221720902 ] ], [ [ -11.204625420899999, 46.845012930599999 ], [ -11.204625487636251, 46.845012797127495 ], [ -11.20458338238709, 46.845011221720902 ], [ -11.204625420899999, 46.845012930599999 ] ] ] ] } },
{ "type": "Feature", "properties": { "STATE": "ORLAY", "County": "Stormmark" }, "geometry": { "type": "MultiPolygon", "coordinates": [ [ [ [ -12.505351119181698, 51.772761035720549 ], [ -13.334098946349254, 51.825713398600492 ], [ -13.3576949458, 52.824263636200001 ], [ -12.48526989305264, 52.564269415186196 ], [ -12.505351119181698, 51.772761035720549 ] ] ], [ [ [ -13.3576949458, 52.824263636200001 ], [ -13.3631491121, 52.82588905 ], [ -13.3576949458, 52.824263636201998 ], [ -13.3576949458, 52.824263636200001 ] ] ] ] } },
{ "type": "Feature", "properties": { "STATE": "ORLAY", "County": "North Havens" }, "geometry": { "type": "MultiPolygon", "coordinates": [ [ [ [ -8.604157238302541, 52.16821975516676 ], [ -8.405938299626161, 51.99680396915636 ], [ -8.420910276013959, 51.95457007196719 ], [ -8.506073967700001, 51.796795113800002 ], [ -8.367046479377311, 51.666873748493138 ], [ -8.229867157993924, 51.538679497550248 ], [ -8.82790266895636, 51.260578474827533 ], [ -9.38579554345813, 51.703908841869179 ], [ -9.10385496010189, 51.836840217613272 ], [ -8.604157238302541, 52.16821975516676 ] ] ] ] } },
{ "type": "Feature", "properties": { "STATE": "ORLAY", "County": "Lavard" }, "geometry": { "type": "MultiPolygon", "coordinates": [ [ [ [ -7.960341854626891, 52.599918407561908 ], [ -7.933730720518343, 52.341855472981109 ], [ -7.989316429599335, 52.320547617833398 ], [ -8.102474797454498, 52.271040831896762 ], [ -8.184986107348887, 52.235678841942025 ], [ -8.191880529215986, 52.229557409185553 ], [ -8.194678239948887, 52.229333473742031 ], [ -8.249919313749311, 52.174771241932547 ], [ -8.262782485249311, 52.164954862032545 ], [ -8.286750597710775, 52.130942458508962 ], [ -8.311382367855876, 52.096047450803404 ], [ -8.311382367855881, 52.096047450803397 ], [ -8.416184091894422, 51.958126063485132 ], [ -8.420910276013959, 51.95457007196719 ], [ -8.405938299626161, 51.99680396915636 ], [ -8.604157238302541, 52.16821975516676 ], [ -8.656449584565905, 52.212951762211326 ], [ -8.715707980397095, 52.264081480706722 ], [ -8.717354969199805, 52.27609065659405 ], [ -8.726009008860821, 52.294360295878413 ], [ -8.732415568366168, 52.301220422173664 ], [ -8.735066074915926, 52.305642995772956 ], [ -8.710586687162552, 52.31307742583121 ], [ -8.570959791282453, 52.331657817573728 ], [ -8.324547191662639, 52.44570001243909 ], [ -8.145338028302772, 52.494575238809965 ], [ -7.960341854626891, 52.599918407561908 ] ] ] ] } },
{ "type": "Feature", "properties": { "STATE": "ORLAY", "County": "Camphor's" }, "geometry": { "type": "MultiPolygon", "coordinates": [ [ [ [ -7.1876880684, 52.381703999199999 ], [ -6.755956346554984, 52.089445616524245 ], [ -6.773389336713129, 52.053996415109062 ], [ -7.0468170081, 51.8127859302 ], [ -7.060289353419731, 51.789125849649807 ], [ -7.058686650562407, 51.787973245868663 ], [ -7.05868665056251, 51.78797324586845 ], [ -7.060289353419848, 51.789125849649601 ], [ -7.1616632956, 51.572707538 ], [ -7.220482240553998, 51.561846094130708 ], [ -7.245549597752211, 51.570909575703631 ], [ -7.5593505152, 51.851454373099997 ], [ -7.5044199676, 52.114294306300003 ], [ -7.1876880684, 52.381703999199999 ] ] ] ] } },
{ "type": "Feature", "properties": { "STATE": "AUSTINAS", "County": "New Orchester" }, "geometry": { "type": "MultiPolygon", "coordinates": [ [ [ [ -4.4363284713, 51.812376524699999 ], [ -4.3895663778, 51.781096624100002 ], [ -4.3046685668, 51.782578520900003 ], [ -4.1336874274, 51.717624065700001 ], [ -3.9631508571, 51.678138953800001 ], [ -3.8442939218, 51.680213609299997 ], [ -3.725371329293472, 51.630639355029111 ], [ -3.9319295803, 51.467486364899997 ], [ -3.981424826327915, 51.426453236594618 ], [ -4.023906669591568, 51.391234441555127 ], [ -4.1117606161, 51.530480853 ], [ -4.4727155007, 51.290109475800001 ], [ -4.867265526, 51.156009993600001 ], [ -5.058969123367635, 51.423854898330362 ], [ -4.892802839452817, 51.527541020751052 ], [ -4.722481538939328, 51.633819832552284 ], [ -4.4363284713, 51.812376524699999 ] ] ] ] } },
{ "type": "Feature", "properties": { "STATE": "NEW ZALES", "County": "Montclair" }, "geometry": { "type": "MultiPolygon", "coordinates": [ [ [ [ -2.38100349, 57.992660045716633 ], [ -0.6339708733, 57.850434678500001 ], [ -0.6329303791, 57.882527310500002 ], [ 0.7995859117, 57.777195230300002 ], [ 0.7969117623, 57.752459348899997 ], [ 1.132289237902992, 57.725463444194858 ], [ 1.216577059843564, 56.663194045275219 ], [ 0.687374190496257, 56.407592659407655 ], [ 0.6839369273, 56.468478211399997 ], [ -0.035196788, 56.617146891799997 ], [ -0.186213737361933, 56.560406568203703 ], [ -2.639806013357557, 57.006629141355042 ], [ -2.283920095877507, 57.489374753462286 ], [ -2.349726813806937, 57.553380049250293 ], [ -2.34641192597213, 57.560541034884693 ], [ -2.347563959431709, 57.562697272470807 ], [ -2.368969834526026, 57.571355991881319 ], [ -2.38100349, 57.577372819600001 ], [ -2.38100349, 57.992660045716633 ] ] ] ] } },
{ "type": "Feature", "properties": { "STATE": "DENBURG", "County": "Verdantia" }, "geometry": { "type": "MultiPolygon", "coordinates": [ [ [ [ -17.839448513699999, 42.742384449299998 ], [ -17.839448513699999, 42.778700496100001 ], [ -17.839448513699999, 43.593647500499998 ], [ -17.819521052, 43.596138433199997 ], [ -17.031969371909586, 43.698298186115302 ], [ -16.150314742799999, 43.809883038599999 ], [ -16.150314742799381, 43.809883038600077 ], [ -16.171667842, 43.802120084400002 ], [ -16.173213653450379, 43.777387101193916 ], [ -16.173344108599998, 43.775299818800001 ], [ -16.20865137610733, 43.777962451384248 ], [ -16.218612575638456, 43.312565587757717 ], [ -16.220470077605526, 43.251268022728041 ], [ -16.220636921499999, 43.245762174200003 ], [ -16.779712878600002, 43.228820478499998 ], [ -17.248776192499999, 42.863993456599999 ], [ -17.256928087885658, 42.862315125188815 ], [ -17.29234914, 42.855022555600002 ], [ -17.29385938700425, 42.854711622394952 ], [ -17.310580579300002, 42.851269024 ], [ -17.82220798582992, 42.745933969742879 ], [ -17.839448513699999, 42.742384449299998 ] ] ] ] } },
{ "type": "Feature", "properties": { "STATE": "NORTH ORLE", "County": "Norford" }, "geometry": { "type": "MultiPolygon", "coordinates": [ [ [ [ -18.756564388899999, 55.953676536800003 ], [ -18.761616360400001, 55.953517419599997 ], [ -18.754863542300001, 56.385697776299999 ], [ -18.752118469300001, 56.5078535229 ], [ -17.696264839099999, 56.516508060900001 ], [ -17.6616192611, 55.988162997499998 ], [ -17.9698316916, 55.978455519400001 ], [ -18.235856220799999, 55.982678130899998 ], [ -18.2354295124, 55.970090233699999 ], [ -18.236971330599999, 55.970041672500003 ], [ -18.756564388899999, 55.953676536800003 ] ] ] ] } },
{ "type": "Feature", "properties": { "STATE": "FRELANDIA", "County": "Orvornia" }, "geometry": { "type": "MultiPolygon", "coordinates": [ [ [ [ -3.1892311782, 40.895335653700002 ], [ -2.8449938828, 40.543920821299999 ], [ -4.5456641578, 40.572196081500003 ], [ -4.5790183379, 40.822776353400002 ], [ -3.1892311782, 40.895335653700002 ] ] ] ] } },
{ "type": "Feature", "properties": { "STATE": "PINELAND", "County": "Ardentia" }, "geometry": { "type": "MultiPolygon", "coordinates": [ [ [ [ 3.1984791974, 44.554840834 ], [ 3.176343784, 44.567656073400002 ], [ 2.8352934537, 45.343839583600001 ], [ 2.8280061593, 45.3620578198 ], [ 2.7882520289, 45.461443145799997 ], [ 2.7778026632, 45.733126653600003 ], [ 2.7776455189, 45.737212404399997 ], [ 2.7764916726, 45.767212407400002 ], [ 2.9160819877, 45.863851856300002 ], [ 2.9293763034, 45.873055613299996 ], [ 3.6585183888, 45.296798158800001 ], [ 3.9484648065, 44.293137482100001 ], [ 3.7221342829, 44.4063027439 ], [ 3.4116103871, 44.437355133499999 ], [ 3.2821317992, 44.506410380299997 ], [ 3.2636487963, 44.517111066200002 ], [ 3.2470892679, 44.526698161600002 ], [ 3.1984791974, 44.554840834 ] ] ] ] } },
{ "type": "Feature", "properties": { "STATE": "WESTVALE", "County": "Qorshend" }, "geometry": { "type": "MultiPolygon", "coordinates": [ [ [ [ -0.160225493, 50.4758922997 ], [ -0.00302830260001, 50.464363826850004 ], [ 0.111321580042747, 50.455977674946823 ], [ 0.1541688878, 50.452835354 ], [ 0.088241945913169, 49.867977803718404 ], [ 0.0800170689, 49.795012468400003 ], [ -0.04727955811828, 49.027797219181913 ], [ -0.1266038658, 48.5497105651 ], [ -0.0973206928, 48.507404624800003 ], [ -1.1844292093, 48.645425035199999 ], [ -1.005597153, 49.847424801800003 ], [ -0.999262731919959, 49.847931823980296 ], [ -0.988055679514283, 49.848828863200396 ], [ -0.7775579965, 49.8656776001 ], [ -0.749520068901485, 49.894711724051426 ], [ -0.6093304314, 50.0398823433 ], [ -0.39742715595, 50.164896188900002 ], [ -0.1855238805, 50.289910034499997 ], [ -0.160225493, 50.4758922997 ] ] ] ] } },
{ "type": "Feature", "properties": { "STATE": "ORVILLE", "County": "Fairwyn" }, "geometry": { "type": "MultiPolygon", "coordinates": [ [ [ [ -8.675345095138169, 55.471512114801968 ], [ -8.6684492458, 55.471632482300002 ], [ -8.641711852478458, 55.16689108330629 ], [ -8.641560333508679, 55.165164134748906 ], [ -8.649669303893464, 55.166405173378024 ], [ -8.593957126932757, 54.622603100691606 ], [ -8.57922756764731, 54.454721869741853 ], [ -8.614974392100001, 54.454097906599998 ], [ -8.613892203436489, 54.446022240713624 ], [ -9.433704867911027, 54.3879217483167 ], [ -9.432640925444872, 54.377944049801044 ], [ -9.436858669499999, 54.377690762199997 ], [ -10.566319656699005, 54.321510088488083 ], [ -10.642246811439577, 54.976040414539384 ], [ -10.643479839620376, 54.975993015082942 ], [ -10.681830010402653, 55.283349323932164 ], [ -10.697486654977325, 55.419685250560576 ], [ -10.700689865699999, 55.447295588229906 ], [ -8.914940189056217, 55.467329966877621 ], [ -8.675345095138169, 55.471512114801968 ] ] ] ] } },
{ "type": "Feature", "properties": { "STATE": "GUAVA", "County": "New Rico" }, "geometry": { "type": "MultiPolygon", "coordinates": [ [ [ [ 4.77816767, 54.030278415799998 ], [ 4.9132630798, 54.1568648338 ], [ 5.0314876806, 54.126236789 ], [ 5.117486945, 54.0688929186 ], [ 5.2087675356, 54.083562892400003 ], [ 5.244529732, 53.907652144499998 ], [ 4.77816767, 54.030278415799998 ] ] ] ] } },
{ "type": "Feature", "properties": { "STATE": "ARDENLAND", "County": "Oakvale" }, "geometry": { "type": "MultiPolygon", "coordinates": [ [ [ [ -11.768129226799999, 52.352699817400001 ], [ -12.076499737900001, 52.602586266099998 ], [ -12.161567465099999, 52.618536464899996 ], [ -12.2147347947, 52.682337260399997 ], [ -12.278535590100001, 52.772721720500002 ], [ -12.342336385499999, 52.804622118200001 ], [ -12.342336385499999, 52.863106180700001 ], [ -12.342336385499999, 52.900323311400001 ], [ -11.735545830439488, 52.956413194560795 ], [ -11.7120426863, 52.9585857541 ], [ -11.709645164299999, 52.958807373799999 ], [ -11.709660679947229, 52.958646575274344 ], [ -11.729186970400001, 52.756283201700001 ], [ -11.767743225296051, 52.356700196141531 ], [ -11.7678280485, 52.355821119300003 ], [ -11.768129226799999, 52.352699817400001 ] ] ] ] } },
{ "type": "Feature", "properties": { "STATE": "ORVILLE", "County": "Brayhurst" }, "geometry": { "type": "MultiPolygon", "coordinates": [ [ [ [ -10.676983416209946, 54.275882111696738 ], [ -10.561329597763535, 54.319252293614142 ], [ -9.433704867911027, 54.377079202837344 ], [ -9.311262210100001, 53.365984504899998 ], [ -9.521888003927389, 53.29503897692345 ], [ -9.845357489670505, 53.186084071480309 ], [ -9.854580287179754, 53.182977537248085 ], [ -9.850187226581067, 53.45095423376798 ], [ -9.854580287179754, 53.754075415077374 ], [ -10.642550716678143, 53.706346803957828 ], [ -10.644438923399999, 53.706232432299998 ], [ -10.676381087080973, 54.265339111465799 ], [ -10.676983416209946, 54.275882111696738 ] ] ] ] } },
{ "type": "Feature", "properties": { "STATE": "AQUALAND", "County": "Fairvale" }, "geometry": { "type": "MultiPolygon", "coordinates": [ [ [ [ -11.7754371007, 44.854469952899997 ], [ -11.749511242300001, 44.860951417499997 ], [ -11.5796383535, 44.860951417499997 ], [ -11.2668380891, 45.522300548099999 ], [ -11.270878871600001, 45.571463402600003 ], [ -11.27209588789705, 45.586270434196088 ], [ -11.3080205267, 46.0233535391 ], [ -11.3196568382, 46.164928662199998 ], [ -11.319438584805839, 46.173690121605837 ], [ -11.322761194981132, 46.175864102042468 ], [ -11.310379980515744, 46.173690872602833 ], [ -11.218128684906794, 46.156444156259766 ], [ -11.218066472852501, 46.160012213667258 ], [ -11.218059598881084, 46.160406457594881 ], [ -11.217294880604079, 46.155821627554268 ], [ -11.042931576020059, 46.092071951965011 ], [ -11.028390079453727, 46.086039434700822 ], [ -10.9569545632, 46.000112011500001 ], [ -10.888516641400001, 45.937377249900003 ], [ -10.8509428805, 45.867597408100004 ], [ -10.842891360299999, 45.857533007800001 ], [ -10.838324872898955, 45.858802041487579 ], [ -10.752048003261272, 45.644163532097082 ], [ -10.7091170979, 45.540840040200003 ], [ -10.6840527837, 45.528307883099998 ], [ -10.66492301527239, 45.518742998841198 ], [ -10.687459742038328, 45.494564465826507 ], [ -10.687700278199841, 45.492640493207858 ], [ -10.68775918792489, 45.492472827067395 ], [ -10.689050177698343, 45.488758057591404 ], [ -10.787973741349026, 45.205620160385457 ], [ -10.829176289182504, 45.124686584274457 ], [ -11.015370816074183, 44.770971874321638 ], [ -11.132506321937745, 44.695098148680323 ], [ -11.147846052137746, 44.678224445380323 ], [ -11.712689556937747, 44.316724602380326 ], [ -11.718162066837746, 44.313222195980323 ], [ -11.892272827299999, 44.465961931899997 ], [ -11.882137214400855, 44.500423015778431 ], [ -11.879624583368297, 44.498871190743088 ], [ -11.797270724800001, 44.788969080599998 ], [ -11.778209624400001, 44.853776821899999 ], [ -11.7754371007, 44.854469952899997 ] ] ], [ [ [ -10.839215325581, 45.861077975911961 ], [ -10.838264592053829, 45.85881054717948 ], [ -10.838324872898955, 45.858802041487579 ], [ -10.839215325581, 45.861077975911961 ] ] ] ] } },
{ "type": "Feature", "properties": { "STATE": "BAYBAR", "County": "Bayhaven" }, "geometry": { "type": "MultiPolygon", "coordinates": [ [ [ [ 0.3800052615, 43.939550674700001 ], [ -2.148869454, 43.154727487099997 ], [ -2.1435897065, 43.1587681102 ], [ -2.3142533891, 43.389164081700002 ], [ -2.333978907974624, 43.439467671438329 ], [ -0.4285069917, 44.524316126499997 ], [ -0.4202412246, 44.514727836600002 ], [ 0.0241994663, 44.3418897902 ], [ 0.2549667481, 44.252146958300003 ], [ 0.2299590454, 44.189627701600003 ], [ 0.3800052615, 43.939550674700001 ] ] ] ] } },
{ "type": "Feature", "properties": { "STATE": "WEST VILLE", "County": "Brisemont" }, "geometry": { "type": "MultiPolygon", "coordinates": [ [ [ [ -7.445322037353497, 55.239946846882923 ], [ -8.641711852478458, 55.16689108330629 ], [ -8.6684492458, 55.471632482300002 ], [ -8.675345095138169, 55.471512114801968 ], [ -8.675341534161319, 55.475230899805084 ], [ -8.669070491769899, 55.475437691806242 ], [ -8.675284571118217, 55.534718315564312 ], [ -8.6752818126, 55.537599080200003 ], [ -8.679449360271386, 55.574449269255375 ], [ -8.729785788035773, 56.01953281136452 ], [ -8.726128450402397, 56.019755069892412 ], [ -8.723939993122446, 56.019888063709814 ], [ -8.7238453564, 56.0187348519 ], [ -8.649488110676577, 56.02441254776074 ], [ -7.37433565968255, 56.12177935744262 ], [ -7.372905713066598, 55.970522194186124 ], [ -7.308646493695445, 55.278769152811655 ], [ -7.445322037353497, 55.239946846882923 ] ] ] ] } },
{ "type": "Feature", "properties": { "STATE": "UGHAMPTON", "County": "Throg'dun" }, "geometry": { "type": "MultiPolygon", "coordinates": [ [ [ [ 2.0812110573, 52.174823166700001 ], [ 2.087621584017983, 52.731069829018203 ], [ 2.093967298894622, 53.2816927146933 ], [ 2.094054286573638, 53.289240706963525 ], [ 2.0941340714, 53.296163701799998 ], [ 3.086628540210141, 53.281987851532413 ], [ 3.1180160425, 53.281539542200001 ], [ 3.0877158374, 52.224887858899997 ], [ 2.0812110573, 52.174823166700001 ] ] ] ] } },
{ "type": "Feature", "properties": { "STATE": "GUAVA", "County": "Guavas" }, "geometry": { "type": "MultiPolygon", "coordinates": [ [ [ [ 6.771610133, 54.719251529799998 ], [ 6.7166891053, 54.923702191899999 ], [ 6.7725433368, 55.0860701621 ], [ 6.8959380259, 55.161584493100001 ], [ 7.0468386757, 54.922128927199999 ], [ 6.8628161861, 54.537442365700002 ], [ 6.8638402835, 54.478771866499997 ], [ 6.771610133, 54.719251529799998 ] ] ] ] } },
{ "type": "Feature", "properties": { "STATE": "NORTH ORLE", "County": "Redmarsh" }, "geometry": { "type": "MultiPolygon", "coordinates": [ [ [ [ -16.608286221834017, 55.046663782635591 ], [ -16.601571924948644, 54.502805734998191 ], [ -16.6144926198, 54.226192109800003 ], [ -16.598078604566439, 54.219846784080289 ], [ -16.597958491499998, 54.210117625700001 ], [ -17.08994078039564, 54.134873275595055 ], [ -17.135349086927679, 55.466850269527676 ], [ -17.143516047799999, 55.604329550400003 ], [ -16.968440063799999, 55.604329550400003 ], [ -16.791071853404976, 55.604329550400003 ], [ -16.781876582604976, 55.604329550400003 ], [ -16.607891311527805, 55.610148394111988 ], [ -16.613094193769992, 55.436109509393653 ], [ -16.608286221834017, 55.046663782635591 ] ] ], [ [ [ -16.606231775698951, 56.674450937525052 ], [ -16.606138291400001, 56.6689821063 ], [ -16.933068077400002, 56.6689821063 ], [ -16.606612099015646, 56.676236683568568 ], [ -16.606662192800002, 56.674558541800003 ], [ -16.606231775698951, 56.674450937525052 ] ] ], [ [ [ -17.008468507300002, 57.395072914399996 ], [ -17.000089737900002, 57.407641068399997 ], [ -16.584861065141386, 57.356723873814893 ], [ -17.008468507300002, 57.395072914399996 ] ] ] ] } },
{ "type": "Feature", "properties": { "STATE": "ORVILLE", "County": "Thornvale" }, "geometry": { "type": "MultiPolygon", "coordinates": [ [ [ [ -10.7193179153, 55.465284486729907 ], [ -10.711350229831281, 55.448085070005924 ], [ -10.699088424168862, 55.421616165553765 ], [ -10.698835680725978, 55.419640765494655 ], [ -10.681830010402653, 55.283349323932164 ], [ -10.643479839620376, 54.975993015082942 ], [ -10.646520180637486, 54.975876139804789 ], [ -11.002242974448542, 54.962201620979876 ], [ -11.002188762804577, 54.954768694963242 ], [ -11.0036249589, 54.9547064797 ], [ -11.001157161569871, 54.813326467880316 ], [ -11.00068842450602, 54.749058209955784 ], [ -11.005961296006266, 54.710294451436909 ], [ -11.033116471169867, 54.520820216061246 ], [ -11.326146828600001, 54.546167689699999 ], [ -11.436158537473574, 54.544781935434017 ], [ -11.510875212445342, 54.791740062454082 ], [ -11.706074468095105, 55.436924589056602 ], [ -11.708499264950634, 55.444939176028946 ], [ -10.7193179153, 55.465284486729907 ] ] ] ] } },
{ "type": "Feature", "properties": { "STATE": "BAYBAR", "County": "New Guernsey" }, "geometry": { "type": "MultiPolygon", "coordinates": [ [ [ [ 1.7412361006, 46.292626258799999 ], [ 1.0865894297, 45.4961394758 ], [ 0.9207396283, 45.566499997599998 ], [ 0.9673015779, 46.078681443699999 ], [ 0.9695249393, 46.097209455399998 ], [ 1.4595977647, 46.3362693702 ], [ 1.472426904343547, 46.3362693702 ], [ 1.6703160446, 46.3362693702 ], [ 1.686444887946138, 46.326343928137341 ], [ 1.7412361006, 46.292626258799999 ] ] ] ] } },
{ "type": "Feature", "properties": { "STATE": "AUSTINAS", "County": "Dravenia" }, "geometry": { "type": "MultiPolygon", "coordinates": [ [ [ [ -5.017077884620593, 51.365325194113488 ], [ -4.867265526, 51.156009993600001 ], [ -4.4727155007, 51.290109475800001 ], [ -4.4814219679, 51.252506162 ], [ -4.221194440448715, 50.889347757213123 ], [ -4.42152767334876, 50.792610099103442 ], [ -4.454223674608268, 50.769656536738637 ], [ -4.454223674608388, 50.769656536738552 ], [ -4.8149977917, 50.516382409099997 ], [ -5.0183033662, 50.363028329899997 ], [ -5.015837225335406, 50.360430508485884 ], [ -5.0204458399, 50.357027066199997 ], [ -5.140440211, 50.472904283299997 ], [ -5.108272396459969, 50.601268476864036 ], [ -5.0761045811, 50.729632673700003 ], [ -5.26609566761594, 50.913104933249706 ], [ -5.4560867561, 51.096577194699996 ], [ -5.450997926965144, 51.10105800623586 ], [ -5.460616308745513, 51.110734345841756 ], [ -5.356220379970144, 51.184511451942463 ], [ -5.310560852468794, 51.224715540570372 ], [ -5.3008976076, 51.217257758099997 ], [ -5.0684569809, 51.4179345688 ], [ -5.058969123367635, 51.423854898330362 ], [ -5.0553217952, 51.411019741399997 ], [ -5.017077884620593, 51.365325194113488 ] ] ] ] } },
{ "type": "Feature", "properties": { "STATE": "UGHAMPTON", "County": "Lothirien" }, "geometry": { "type": "MultiPolygon", "coordinates": [ [ [ [ 0.77189320247557, 53.447697504320629 ], [ 0.099698376933136, 54.362404610982487 ], [ -0.094238176896827, 54.642588329106175 ], [ -0.090352439, 54.645702738399997 ], [ -0.352999527064279, 55.0390013815652 ], [ 0.72507094331865, 55.141707899856975 ], [ 0.77189320247557, 53.447697504320629 ] ] ] ] } },
{ "type": "Feature", "properties": { "STATE": "MARCENNE", "County": "Brumeux" }, "geometry": { "type": "MultiPolygon", "coordinates": [ [ [ [ -2.473511926954262, 53.78787375665194 ], [ -2.467930280825295, 53.752073952351836 ], [ -2.470031145938882, 53.752151385610027 ], [ -2.473511926954262, 53.78787375665194 ] ] ], [ [ [ -2.5348857738, 54.536351688 ], [ -2.497531095648834, 54.559787367656085 ], [ -2.496265713685826, 54.547598924906488 ], [ -2.5400640792, 54.518858364800003 ], [ -2.473867334185895, 53.789350862159615 ], [ -2.4772868058, 53.803562504200002 ], [ -3.722448575404321, 53.843496516502931 ], [ -3.815335099758532, 54.123473596243628 ], [ -3.841132563341622, 54.201231899387452 ], [ -3.843477045820768, 54.208298601070801 ], [ -3.8528340772, 54.294509611800002 ], [ -3.923537216796936, 54.449614691098802 ], [ -3.917970275694403, 54.470906951842451 ], [ -3.706488970996919, 54.500771531349507 ], [ -2.8676170407, 54.626079778799998 ], [ -2.867561759692867, 54.62631853799077 ], [ -2.80800155530026, 54.668535962711246 ], [ -2.63316276819147, 54.671587785120991 ], [ -2.632310527029961, 54.670764785398219 ], [ -2.6327475365, 54.6660896251 ], [ -2.5348857738, 54.536351688 ] ] ] ] } },
{ "type": "Feature", "properties": { "STATE": "HILLTONL", "County": "Brindlefort" }, "geometry": { "type": "MultiPolygon", "coordinates": [ [ [ [ -13.331802386127409, 51.797792503708713 ], [ -13.278116697586755, 51.070991489987783 ], [ -13.294017934799999, 51.072125616500003 ], [ -13.289809483506303, 50.918867311800845 ], [ -13.261314558203981, 50.893890450863935 ], [ -13.268548819981806, 50.893657087571725 ], [ -13.268566641081806, 50.893989748471725 ], [ -13.277355112581807, 50.893373013671727 ], [ -13.858348702888065, 50.874631284885815 ], [ -13.866996785281806, 50.887125328971727 ], [ -13.928125298912009, 50.862401989536721 ], [ -13.992154272471531, 51.235904335319482 ], [ -14.040021365999811, 51.515129047581901 ], [ -14.032029144499999, 51.524327192 ], [ -14.045150595152998, 51.581670614082029 ], [ -14.010765985300001, 51.650439833699998 ], [ -13.9878437726, 51.696284259 ], [ -13.988674105558424, 51.700435923792128 ], [ -13.9885048122, 51.700747220700002 ], [ -14.048889225427226, 52.098698096356706 ], [ -13.967183155400001, 52.0578450613 ], [ -13.884540686299999, 52.016523826799997 ], [ -13.6572738963, 51.995863209500001 ], [ -13.334098946349254, 51.825713398600492 ], [ -13.334098946349254, 51.825713398600485 ], [ -13.332375374374955, 51.803318748962781 ], [ -13.331802386127409, 51.797792503708713 ] ] ], [ [ [ -14.070486241699999, 52.109496604500002 ], [ -14.061986037500001, 52.1052465024 ], [ -14.057486701049575, 52.102996834172416 ], [ -14.069722551908836, 52.105678155544183 ], [ -14.070486241699999, 52.109496604500002 ] ] ] ] } },
{ "type": "Feature", "properties": { "STATE": "AUSTINAS", "County": "North Corwin" }, "geometry": { "type": "MultiPolygon", "coordinates": [ [ [ [ -6.259674909694991, 50.697077328024477 ], [ -6.2241286525, 50.659892497199998 ], [ -6.195148165610039, 50.595403746466467 ], [ -6.193863490940961, 50.592545027604281 ], [ -6.1825913118, 50.567461641199998 ], [ -6.1929761085828, 50.525597078552039 ], [ -6.207457517, 50.467217714699999 ], [ -6.1927602598, 50.3876263481 ], [ -6.109989844442942, 50.33959784963988 ], [ -6.1113519353, 50.337985229399997 ], [ -6.122607883009416, 50.295816751773984 ], [ -6.1298070644, 50.2688462534 ], [ -6.1089502622, 50.200393469700003 ], [ -6.045064365955124, 50.16199878060371 ], [ -6.0294686591, 50.152625940100002 ], [ -6.030615369762045, 50.1467782746574 ], [ -6.0565509345, 50.014519536100003 ], [ -6.057709255280111, 50.012850331861024 ], [ -6.260564385885862, 50.10373187644683 ], [ -6.603661287419217, 50.249808166138358 ], [ -6.594289929588046, 50.266746873803314 ], [ -6.581371352821734, 50.290097171511931 ], [ -6.523422455583755, 50.394839669611372 ], [ -6.3388376152, 50.751046137700001 ], [ -6.3054616765, 50.744974724599999 ], [ -6.259674909694991, 50.697077328024477 ] ] ] ] } },
{ "type": "Feature", "properties": { "STATE": "ORLAY", "County": "Arfield" }, "geometry": { "type": "MultiPolygon", "coordinates": [ [ [ [ -3.793904727450292, 52.449615968551676 ], [ -4.2394301842, 52.784785827900002 ], [ -4.219986288716235, 52.792005269301455 ], [ -4.2024420902, 52.785431457500003 ], [ -3.536672247809507, 53.045717066982974 ], [ -3.099478107862589, 53.221518373501688 ], [ -3.074163690763486, 53.228007721885056 ], [ -3.104244373058987, 53.098088971507181 ], [ -3.175779316351063, 52.789128877132953 ], [ -3.7773597871, 52.467974828099997 ], [ -3.793904727450292, 52.449615968551676 ] ] ] ] } },
{ "type": "Feature", "properties": { "STATE": "NEW ZALES", "County": "Beaupré" }, "geometry": { "type": "MultiPolygon", "coordinates": [ [ [ [ -6.8131876423, 58.936581838400002 ], [ -6.7446045148, 58.9301807465 ], [ -6.7321311648, 58.964482459199999 ], [ -6.716742273121329, 59.015984854881786 ], [ -6.663685265433206, 59.152708682385821 ], [ -6.636544620068354, 59.22264803774911 ], [ -6.63474578403756, 59.227283499828467 ], [ -6.547837373254453, 59.213310432811156 ], [ -6.538560264220524, 59.211818866401302 ], [ -6.3629345404, 59.193846976700002 ], [ -6.15678114000738, 59.17214661881107 ], [ -6.157180951984452, 59.159922090095975 ], [ -6.127874156789277, 59.158072458206867 ], [ -6.112063623175893, 59.157074612247925 ], [ -3.9573254457, 59.020397106499999 ], [ -3.9570647788, 59.0207881069 ], [ -3.934338273, 58.134454381 ], [ -3.9392101076, 57.7885541188 ], [ -3.944961958139749, 57.789512760556406 ], [ -4.3739782209, 57.861015471 ], [ -4.754934766689112, 57.848316919477199 ], [ -5.266100455720364, 57.831278063180861 ], [ -5.4608985042, 57.824784794899998 ], [ -6.347575068521762, 57.87907111520537 ], [ -6.3485500688, 57.879130809099998 ], [ -6.5254591839, 58.281751553699998 ], [ -6.7469294459, 58.927706484600002 ], [ -6.8121241175, 58.934161402599997 ], [ -6.8131876423, 58.936581838400002 ] ] ] ] } },
{ "type": "Feature", "properties": { "STATE": "PORTLAND", "County": "Aguerro St" }, "geometry": { "type": "MultiPolygon", "coordinates": [ [ [ [ 6.703557163836541, 56.397779417809879 ], [ 6.9557956649, 56.534708889800001 ], [ 6.885540876957209, 56.690847715652176 ], [ 6.891361630310128, 56.692498313789869 ], [ 6.9088464324, 56.675013511700001 ], [ 7.443073899747242, 56.848948035889933 ], [ 7.5235222512, 56.875140522400002 ], [ 7.3086063513, 56.0995757098 ], [ 7.0498785146, 55.934930722799997 ], [ 7.020495188901047, 55.948642941452775 ], [ 7.0199557962, 55.952448753200002 ], [ 6.990982704015277, 55.962415434392703 ], [ 6.742356828065702, 56.04794219922838 ], [ 6.7366112845, 56.078269607700001 ], [ 6.732367241301555, 56.077144207535923 ], [ 6.7299417363, 56.084234552600002 ], [ 6.6970678281, 56.0995757098 ], [ 6.5480193791, 56.305950485399997 ], [ 6.5441831973, 56.311262121699997 ], [ 6.703557163836541, 56.397779417809879 ] ] ] ] } },
{ "type": "Feature", "properties": { "STATE": "NEW ZALES", "County": "Lavender Hill" }, "geometry": { "type": "MultiPolygon", "coordinates": [ [ [ [ 2.2287802559, 58.055291763200003 ], [ 2.329307016138904, 58.097053669897853 ], [ 2.339836766, 58.065464420200001 ], [ 2.361616330846592, 58.076115707084661 ], [ 2.365928967462548, 58.073954524204339 ], [ 2.365929029567161, 58.07395449308197 ], [ 2.6787699812, 57.9171811386 ], [ 2.6787699812, 57.768897856899997 ], [ 2.689577105761212, 57.772879429075218 ], [ 2.689915068617006, 57.763010301444552 ], [ 2.493524120856937, 57.68881816565888 ], [ 2.212929312112774, 57.582572334789589 ], [ 1.99087237459482, 57.612460725756456 ], [ 1.991002772500368, 57.613027885997326 ], [ 1.992865463246133, 57.612775146551655 ], [ 2.000167360616162, 57.643737751574648 ], [ 2.027562127, 57.641499070099997 ], [ 2.059010130310289, 58.006156164479009 ], [ 2.0827076992, 58.004921916100002 ], [ 2.087895354947777, 58.006710762908234 ], [ 2.2287802559, 58.055291763200003 ] ] ] ] } },
{ "type": "Feature", "properties": { "STATE": "NOVA", "County": "Cyriettes" }, "geometry": { "type": "MultiPolygon", "coordinates": [ [ [ [ -5.9973750236, 47.781208557500001 ], [ -6.0045338279, 47.806264372500003 ], [ -5.9574604996, 47.801220801600003 ], [ -5.9508584317, 47.775320381299998 ], [ -5.5924444181, 47.729951518900002 ], [ -5.5924444181, 47.7621119358 ], [ -5.589302706164678, 47.786228648792147 ], [ -5.5906148355, 47.867940565300003 ], [ -5.421723834035054, 47.968321576903826 ], [ -5.0086108226, 48.077107721499999 ], [ -4.966173532818845, 48.088655618698077 ], [ -4.7825928378, 48.114777385700002 ], [ -4.667008768343542, 47.967932524554719 ], [ -4.662152253143542, 47.960300857854719 ], [ -4.689681647006991, 47.847262536590101 ], [ -4.859358236399999, 47.582161937600006 ], [ -5.259157518139414, 46.901388991498486 ], [ -5.418491864067647, 46.630076567872315 ], [ -5.418706431088508, 46.629711205977983 ], [ -5.5651324495, 46.796524824700001 ], [ -5.6229695596, 46.844722416499998 ], [ -5.6992824133, 46.875247557900003 ], [ -5.714544984, 46.875247557900003 ], [ -5.714544984, 46.982085553099999 ], [ -5.7603326962, 47.0278732652 ], [ -5.7640070188, 47.042287915400003 ], [ -5.7908578377, 47.0583984067 ], [ -5.9973750236, 47.781208557500001 ] ] ] ] } },
{ "type": "Feature", "properties": { "STATE": "AQUALAND", "County": "Hohenmark" }, "geometry": { "type": "MultiPolygon", "coordinates": [ [ [ [ -15.0179716514, 48.0548025131 ], [ -15.019010755968765, 48.021706724436214 ], [ -15.019139439288864, 48.017608122529744 ], [ -15.010575906094532, 48.00424525747551 ], [ -14.909432463055893, 47.998421060132188 ], [ -14.79055146241034, 47.986483586957377 ], [ -14.791325920327115, 47.984634680329677 ], [ -14.8758133363, 47.782933154699997 ], [ -14.999805871551469, 47.486510120901414 ], [ -15.00241663063621, 47.484783362146132 ], [ -14.996924804285561, 47.4827247456141 ], [ -15.140468375844938, 47.17667440955006 ], [ -15.265464343109429, 46.904623205202149 ], [ -15.501635792305748, 46.723094182339821 ], [ -15.50283875262876, 46.720475963433877 ], [ -15.90977306671463, 47.142174929074294 ], [ -15.913040327099999, 47.157117982599999 ], [ -15.9072465248, 47.166532911300003 ], [ -15.8636022077, 47.2283623605 ], [ -15.862533607777113, 47.230499560365871 ], [ -15.856739709916699, 47.238788355994458 ], [ -15.884386171139532, 47.428504201224584 ], [ -15.874978165962442, 47.514471487715738 ], [ -15.874235673599999, 47.520782672800003 ], [ -15.8780049795, 47.532090590400003 ], [ -15.876777709700001, 47.544363287899998 ], [ -15.871676505849768, 47.554747513846735 ], [ -15.856795293199999, 47.599314933499997 ], [ -15.8391829313, 47.643345838199998 ], [ -15.836402032, 47.655396401600001 ], [ -15.815001595255159, 47.710437024147815 ], [ -15.830969768943044, 47.822516702933328 ], [ -15.8362989984, 47.861153616599999 ], [ -15.8315596165, 47.8513237875 ], [ -15.4779029141, 47.9967159873 ], [ -15.122938053347314, 48.142645985602499 ], [ -15.122713035846896, 48.142175470256589 ], [ -15.123634469438558, 48.141795851750665 ], [ -15.115186654, 48.1264376803 ], [ -15.023558401400001, 48.116256763300001 ], [ -15.0232526295, 48.112893272100003 ], [ -15.022154802599999, 48.100817175800003 ], [ -15.02308145, 48.100790700200001 ], [ -15.0179716514, 48.0548025131 ] ] ] ] } },
{ "type": "Feature", "properties": { "STATE": "HILLTON", "County": "Silverwyn" }, "geometry": { "type": "MultiPolygon", "coordinates": [ [ [ [ -14.112860009704384, 50.405296321920865 ], [ -14.082191852199999, 50.389962243200003 ], [ -14.079352913835629, 50.399188792887095 ], [ -14.0733976266, 50.397974057500001 ], [ -13.974324766100001, 50.7134414748 ], [ -13.869076354491231, 50.858971345280608 ], [ -13.676832210800557, 50.437548521107871 ], [ -13.600329519244692, 50.301971758672877 ], [ -13.3684361127, 49.883067540399999 ], [ -13.3416339235, 49.825967224199999 ], [ -13.434618172872621, 49.81046984930456 ], [ -13.557711338688431, 49.793108017787823 ], [ -13.700627583899999, 49.953888793700003 ], [ -13.721008146881422, 49.944830765728568 ], [ -13.732403182200001, 49.9639879928 ], [ -13.73281720430362, 49.963758853236797 ], [ -13.7369670381, 49.972058520799997 ], [ -13.957599438100001, 49.839679080800003 ], [ -14.053851113056298, 49.801118010051127 ], [ -14.107752809885655, 49.943572494556527 ], [ -14.117295506278099, 49.969187100662559 ], [ -14.117778122793299, 50.100398446980364 ], [ -14.1185313063, 50.305170183599998 ], [ -14.122309821, 50.3379173107 ], [ -14.147486632204226, 50.348221306329599 ], [ -14.144828194144045, 50.352603206231443 ], [ -14.112860009704384, 50.405296321920865 ] ] ], [ [ [ -14.151776722113992, 50.34997709133836 ], [ -14.147486632204226, 50.348221306329599 ], [ -14.147928371051878, 50.347493188777356 ], [ -14.151776722113992, 50.34997709133836 ] ] ] ] } },
{ "type": "Feature", "properties": { "STATE": "MARCENNE", "County": "Montrelais" }, "geometry": { "type": "MultiPolygon", "coordinates": [ [ [ [ -3.650070144333493, 53.360725054858896 ], [ -3.651771851016941, 53.361101786331055 ], [ -3.651778654687861, 53.361155917388643 ], [ -3.650070144333493, 53.360725054858896 ] ] ], [ [ [ -2.369311808526356, 53.46991987596779 ], [ -2.3701603152, 53.46961677 ], [ -2.370210403913486, 53.469761476166035 ], [ -2.364073075530984, 53.471791271071538 ], [ -2.369311808526356, 53.46991987596779 ] ] ], [ [ [ -2.473511926954262, 53.78787375665194 ], [ -2.470031145938882, 53.752151385610027 ], [ -2.393484101792001, 53.536999130220934 ], [ -2.370210403913486, 53.469761476166035 ], [ -3.04837805370572, 53.245471499349797 ], [ -3.071736872, 53.238489175 ], [ -3.071985407391007, 53.237415748303519 ], [ -3.073013884259051, 53.232973747015905 ], [ -3.0802852557292, 53.23458351590569 ], [ -3.080285255729225, 53.234583515905697 ], [ -3.080285255729254, 53.234583515905705 ], [ -3.650070144333493, 53.360725054858896 ], [ -3.658325714648823, 53.428516447862336 ], [ -3.7325083634, 53.837829698500002 ], [ -3.722448575404321, 53.843496516502931 ], [ -2.4772868058, 53.803562504200002 ], [ -2.473867334185895, 53.789350862159615 ], [ -2.473511926954262, 53.78787375665194 ] ] ] ] } },
{ "type": "Feature", "properties": { "STATE": "NEW CALIPHATE", "County": "Valecroft" }, "geometry": { "type": "MultiPolygon", "coordinates": [ [ [ [ 5.9540749675, 46.530267495799997 ], [ 5.6864420694, 46.700579340099999 ], [ 5.6489695364, 46.730557366399999 ], [ 5.640588106, 46.729759135 ], [ 5.6393337422, 46.730557366399999 ], [ 5.6264860166, 46.728416078800002 ], [ 5.4764119704, 46.7141233125 ], [ 4.5601247923, 46.769100543199997 ], [ 5.4755252409, 47.482149313699999 ], [ 5.4658894467, 47.511056696300002 ], [ 6.0344013042, 46.634199424499997 ], [ 5.9864827601, 46.568311426299999 ], [ 5.9573149507, 46.528205688299998 ], [ 5.9540749675, 46.530267495799997 ] ] ] ] } },
{ "type": "Feature", "properties": { "STATE": "WEST VILLE", "County": "Serelune" }, "geometry": { "type": "MultiPolygon", "coordinates": [ [ [ [ -7.866313954739535, 56.95304173059678 ], [ -7.842530941542907, 56.987917430962277 ], [ -7.8167956613, 56.978451722400003 ], [ -7.349895748594145, 57.735581935469682 ], [ -7.362783607143543, 57.365748419607755 ], [ -7.300209823356615, 56.662253541044223 ], [ -7.31714824819913, 56.678871897284168 ], [ -7.721456810108838, 56.614640057416857 ], [ -7.875744658366205, 56.938162019725389 ], [ -7.866313954739535, 56.95304173059678 ] ] ] ] } },
{ "type": "Feature", "properties": { "STATE": "GUAVA", "County": "Arenablanca" }, "geometry": { "type": "MultiPolygon", "coordinates": [ [ [ [ 4.2323773042, 53.9291093541 ], [ 4.5831342752, 53.7927038654 ], [ 4.5831342752, 53.779712866399997 ], [ 4.5831342752, 53.7082623724 ], [ 4.5831342752, 53.656298376700001 ], [ 4.5831342752, 53.578352383099997 ], [ 4.4337377875, 53.552370385300001 ], [ 4.4272422881, 53.630316378800003 ], [ 4.4272422881, 53.656298376700001 ], [ 4.3103232978, 53.734244370200003 ], [ 4.2063953064, 53.799199364800003 ], [ 4.2128908058, 53.864154359399997 ], [ 4.2323773042, 53.9291093541 ] ] ] ] } },
{ "type": "Feature", "properties": { "STATE": "AQUALAND", "County": "Ashford" }, "geometry": { "type": "MultiPolygon", "coordinates": [ [ [ [ -10.585593153, 45.479078067800003 ], [ -10.664973704450075, 45.518780198613854 ], [ -10.66492301527239, 45.518742998841198 ], [ -10.664981222371431, 45.518772102390855 ], [ -10.6840527837, 45.528307883099998 ], [ -10.7091170979, 45.540840040200003 ], [ -10.752048003261272, 45.644163532097082 ], [ -10.838324872898955, 45.858802041487579 ], [ -10.838264592053829, 45.85881054717948 ], [ -10.8184562804, 45.861605521199998 ], [ -10.601033646199999, 46.004054833200001 ], [ -10.5853232511, 46.018456028800003 ], [ -10.534334585421282, 46.087167677028887 ], [ -10.500670441, 46.1198585315 ], [ -10.50053732865077, 46.119780500126247 ], [ -10.4970063311, 46.117710605100001 ], [ -10.500701751399999, 46.108472054300002 ], [ -10.368405704800001, 46.042324031 ], [ -10.287740538585959, 45.993617730597755 ], [ -10.279721685067765, 45.99162521605016 ], [ -10.279006665300001, 45.970827345499998 ], [ -10.3067943064, 45.868939328099998 ], [ -10.261169025299999, 45.811907726699999 ], [ -10.1773100232, 45.707083974100001 ], [ -10.171335256176974, 45.697944724372618 ], [ -10.169077739499887, 45.695764583976491 ], [ -10.1658813366, 45.627600906200001 ], [ -10.1609795927, 45.509959054 ], [ -10.171370019725941, 45.515217978497965 ], [ -10.170844127304317, 45.509959054 ], [ -10.222663301883022, 45.509959054 ], [ -10.276783291, 45.509959054 ], [ -10.358758802897325, 45.508815394327613 ], [ -10.386497780699999, 45.504739732399997 ], [ -10.5083906875, 45.479078067800003 ], [ -10.585593153, 45.479078067800003 ] ] ] ] } },
{ "type": "Feature", "properties": { "STATE": "BRYT CITY", "County": "Orlencourt" }, "geometry": { "type": "MultiPolygon", "coordinates": [ [ [ [ 8.015366907200001, 48.676977646 ], [ 7.9699726308, 48.654280507800003 ], [ 7.8740772218, 48.606332803299999 ], [ 7.7974743803, 48.7723056265 ], [ 7.5251087218, 48.949343304499997 ], [ 7.5124055014, 49.241517374600001 ], [ 7.5718845632, 49.3783192167 ], [ 7.6447852147, 49.518045465500002 ], [ 7.9472754925, 49.425983207 ], [ 7.9745120584, 49.058289567899998 ], [ 8.014840427199999, 48.681891459399999 ], [ 8.015366907200001, 48.676977646 ] ] ] ] } },
{ "type": "Feature", "properties": { "STATE": "FLORENTIA", "County": "Cloverden" }, "geometry": { "type": "MultiPolygon", "coordinates": [ [ [ [ -15.243199496, 56.813661736900002 ], [ -14.4808781416, 56.826968105600002 ], [ -14.480097501303737, 56.782245252822285 ], [ -14.470459972191266, 56.230111577810575 ], [ -14.469700791899999, 56.186618167900001 ], [ -14.623762516098285, 55.882910069453793 ], [ -14.733530973627724, 55.666519076303977 ], [ -14.735088148699999, 55.663449354199997 ], [ -14.853055256451334, 55.777368865948183 ], [ -15.200464782599999, 56.112858345600003 ], [ -15.242021035105321, 56.794336244208012 ], [ -15.243199496, 56.813661736900002 ] ] ] ] } },
{ "type": "Feature", "properties": { "STATE": "DENBURG", "County": "Greynor" }, "geometry": { "type": "MultiPolygon", "coordinates": [ [ [ [ -19.382969852984985, 44.985174931823309 ], [ -19.394117132832946, 44.9833447814 ], [ -19.412064269799998, 44.9833447814 ], [ -19.435674697251091, 44.976521897687654 ], [ -19.739902261, 44.926574088700001 ], [ -19.795654633716605, 44.942108075504372 ], [ -19.943655544599999, 44.994559775799999 ], [ -20.234211086799998, 45.009931452300002 ], [ -20.238141812229497, 45.001604977130228 ], [ -20.240767889216499, 45.001800729567911 ], [ -20.243707144199998, 45.151128295200003 ], [ -20.253856873579753, 45.165176098778936 ], [ -20.265015679192839, 45.180620521340664 ], [ -20.310435563972895, 45.237970290219621 ], [ -20.319605410883359, 45.245830159000022 ], [ -20.330132395300001, 45.254853288500001 ], [ -20.4130760002, 45.277474271700001 ], [ -20.564990553353958, 45.297776562056271 ], [ -20.592017420885981, 45.308587309113683 ], [ -20.577015270299999, 45.322184981699998 ], [ -20.601754612899999, 45.328932075099999 ], [ -20.6511404707, 45.452396719500001 ], [ -20.588482462370603, 45.654294746345585 ], [ -20.547808287567754, 45.795859536997014 ], [ -20.545295428436365, 45.798747344895972 ], [ -20.540255103708457, 45.798661987318077 ], [ -20.540178407512517, 45.79866246075153 ], [ -20.542084207834922, 45.803800233144308 ], [ -20.540174746999604, 45.809952940135105 ], [ -20.540039438834985, 45.810388933099695 ], [ -20.525709072507095, 45.807637674833416 ], [ -20.404886515400001, 45.783946977399999 ], [ -19.948754984488026, 45.688574224177628 ], [ -19.936120455380571, 45.694574429705831 ], [ -19.953147024100002, 45.667288030500004 ], [ -19.75847646990993, 45.472617476309935 ], [ -19.696013577799999, 45.4084663979 ], [ -19.692074476437455, 45.40621548283746 ], [ -19.690912676, 45.405053682400002 ], [ -19.689078254246922, 45.404503355872784 ], [ -19.636709936959591, 45.368703842076748 ], [ -19.609100254585872, 45.352926880732724 ], [ -19.337993480826512, 45.314592232862566 ], [ -19.352168171057745, 45.035700757884278 ], [ -19.382969852984985, 44.985174931823309 ] ] ] ] } },
{ "type": "Feature", "properties": { "STATE": "FLORENTIA", "County": "Petalbrook" }, "geometry": { "type": "MultiPolygon", "coordinates": [ [ [ [ -14.3951025108171, 57.208777169886105 ], [ -14.395514647046699, 57.154129108616239 ], [ -13.4328327332, 57.102767871300003 ], [ -13.432928318506564, 57.108243949839363 ], [ -13.384411833762174, 57.104246137965468 ], [ -13.325896312888991, 56.575450015327093 ], [ -13.320508811838348, 56.520902042011727 ], [ -13.323055587735659, 56.520809431979096 ], [ -13.294029750242759, 56.25280387706384 ], [ -13.2787254155, 56.097848836626717 ], [ -14.457994000599999, 56.2084341021 ], [ -14.458348920547767, 56.228767452241676 ], [ -14.468006562385876, 56.782053381286865 ], [ -14.4495869053, 56.781761079100001 ], [ -14.470673595990752, 56.934847633818073 ], [ -14.396470500146698, 57.20888989371624 ], [ -14.3951025108171, 57.208777169886105 ] ] ] ] } },
{ "type": "Feature", "properties": { "STATE": "ORLAVIA", "County": "Orlandell" }, "geometry": { "type": "MultiPolygon", "coordinates": [ [ [ [ -6.328096604, 49.460172788 ], [ -6.3388856925, 49.437618928699997 ], [ -6.342599611817919, 49.430336800042831 ], [ -6.3500650539, 49.437423792200001 ], [ -8.223828979501192, 49.236374667142584 ], [ -8.225183426577743, 49.237875396180961 ], [ -8.218043166, 49.239313153499999 ], [ -8.647175052934493, 49.705442640844716 ], [ -9.164017034345138, 50.266844147393556 ], [ -8.2908130402, 50.717523094900002 ], [ -8.289436550831535, 50.715840764318145 ], [ -8.2953559116, 50.68948688 ], [ -7.9300060238, 50.2597361523 ], [ -7.916689212898184, 50.269560272089116 ], [ -7.646218323462691, 50.116041103098951 ], [ -7.2067214343, 49.825050430600001 ], [ -7.172672773767628, 49.849419946675788 ], [ -7.145902951376222, 49.837167614800364 ], [ -6.325373372059761, 49.461617841910829 ], [ -6.328096604, 49.460172788 ] ] ] ] } },
{ "type": "Feature", "properties": { "STATE": "AQUALAND", "County": "Lakehurst" }, "geometry": { "type": "MultiPolygon", "coordinates": [ ] } },
{ "type": "Feature", "properties": { "STATE": "NEW ZALES", "County": "North Ville" }, "geometry": { "type": "MultiPolygon", "coordinates": [ [ [ [ 0.3981611872, 59.114607177700002 ], [ 0.030672363747154, 59.556136201266305 ], [ 0.029814548747155, 59.558413847866305 ], [ 0.027649678247155, 59.564161952366305 ], [ 0.023512859547154, 59.563472482566304 ], [ -0.0477808109, 59.598403731799998 ], [ 0.043713482, 59.619681474300002 ], [ 0.04443702505372, 59.619859238177241 ], [ 0.6258961598, 59.762715188100003 ], [ 1.061233228281361, 59.428073993946974 ], [ 0.945202754128247, 59.331795983845517 ], [ 0.9392182682, 59.320204597500002 ], [ 0.9052256355, 59.286211964899998 ], [ 0.9052256355, 59.243721174 ], [ 0.9052256355, 59.204056236699998 ], [ 0.7573453248, 59.204056236699998 ], [ 0.725572999054809, 59.203541352033469 ], [ 0.69952708986028, 59.204063680328083 ], [ 0.6837221606, 59.204056236699998 ], [ 0.625181059060531, 59.205454427443854 ], [ 0.451658631094124, 59.1311408475039 ], [ 0.45685426875423, 59.131609711993455 ], [ 0.4493197777, 59.128380644400004 ], [ 0.3981611872, 59.114607177700002 ] ] ] ] } },
{ "type": "Feature", "properties": { "STATE": "ALVAJEA", "County": "Wolfspring" }, "geometry": { "type": "MultiPolygon", "coordinates": [ [ [ [ 3.9744085296, 52.765075404199997 ], [ 4.0493223815, 52.7151328363 ], [ 4.2490926531, 52.54865761 ], [ 4.4212827007, 52.581455714299999 ], [ 4.4240479556, 52.5815814077 ], [ 4.4904817314, 52.423801190200003 ], [ 4.7235470483, 52.1907358733 ], [ 5.056497501, 52.0825269762 ], [ 4.3739490729, 51.982641840299998 ], [ 3.5415729411, 52.2240309186 ], [ 3.7579907354, 53.031435766400001 ], [ 3.7912857806, 53.039759527699999 ], [ 3.9744085296, 52.765075404199997 ] ] ] ] } },
{ "type": "Feature", "properties": { "STATE": "HILLTON", "County": "Haldenhurst" }, "geometry": { "type": "MultiPolygon", "coordinates": [ [ [ [ -13.732403182200001, 49.9639879928 ], [ -13.721008146881422, 49.944830765728568 ], [ -13.720249284099999, 49.943554972699999 ], [ -13.6967134585, 49.9469151017 ], [ -13.558358909800001, 49.793016680299999 ], [ -13.557711338688431, 49.793108017787823 ], [ -13.434618172872621, 49.81046984930456 ], [ -13.343588068500001, 49.8233093057 ], [ -13.252677036701918, 49.71091533454068 ], [ -13.232494437688363, 49.685963440292163 ], [ -13.23737665876658, 49.597494053417627 ], [ -13.237539399887565, 49.594545066273845 ], [ -13.238015044588362, 49.585926039323724 ], [ -13.248018677099999, 49.586083397700001 ], [ -13.8685015101, 49.312764274800003 ], [ -13.86888762392091, 49.313776882208181 ], [ -14.0539493291, 49.799112665300001 ], [ -14.0216711991, 49.808524011 ], [ -13.9690115137, 49.833037666099997 ], [ -13.73281720430362, 49.963758853236797 ], [ -13.732403182200001, 49.9639879928 ] ] ] ] } },
{ "type": "Feature", "properties": { "STATE": "AUSTINAS", "County": "Orindale" }, "geometry": { "type": "MultiPolygon", "coordinates": [ [ [ [ -6.6412773317, 51.410142841899997 ], [ -6.5790152386, 51.443011557799998 ], [ -6.449856490987923, 51.495853126811468 ], [ -6.3473377177, 51.537795720200002 ], [ -6.342839880540254, 51.543770710589754 ], [ -5.777029223035598, 51.811294149871564 ], [ -5.680049970241579, 51.677466473162887 ], [ -5.596003672801809, 51.54900939428498 ], [ -6.599709579560445, 50.905772137924401 ], [ -6.752944213091964, 50.958482698391776 ], [ -6.898808550334509, 51.012038376320817 ], [ -6.899466702798285, 51.012280024156368 ], [ -6.8997709453, 51.012391730099999 ], [ -6.6412773317, 51.410142841899997 ] ] ] ] } },
{ "type": "Feature", "properties": { "STATE": "ORLAY", "County": "Briarhort" }, "geometry": { "type": "MultiPolygon", "coordinates": [ [ [ [ -6.773389336713129, 52.053996415109062 ], [ -6.773390910935329, 52.053993812893445 ], [ -6.773391142049991, 52.053993935848332 ], [ -6.773389336713129, 52.053996415109062 ] ] ], [ [ [ -7.233499932257989, 52.395176880143104 ], [ -7.2713320116, 52.422971319200002 ], [ -7.258097453840584, 52.441452332207653 ], [ -7.016572419660998, 52.778722936899392 ], [ -6.977862429196649, 52.832778376476782 ], [ -6.607892259683529, 52.586545053489147 ], [ -6.6541905478, 52.528973060699997 ], [ -6.752290735398104, 52.10527742566677 ], [ -6.755956346554984, 52.089445616524245 ], [ -7.1876880684, 52.381703999199999 ], [ -7.200471279657161, 52.370911418455258 ], [ -7.233499932257989, 52.395176880143104 ] ] ] ] } },
{ "type": "Feature", "properties": { "STATE": "Arlow", "County": "Orlea" }, "geometry": { "type": "MultiPolygon", "coordinates": [ [ [ [ -4.219986288716235, 52.792005269301455 ], [ -4.492832899907009, 52.894240904116735 ], [ -4.525820751381004, 52.906601453224958 ], [ -4.5562500946, 52.918003329199998 ], [ -4.649590393795917, 53.571799960613937 ], [ -4.6510946387, 53.582336355499997 ], [ -4.566653549744982, 53.563642407793239 ], [ -3.659737657512502, 53.362865292367189 ], [ -3.651771851016941, 53.361101786331055 ], [ -3.650070144333493, 53.360725054858896 ], [ -3.080285255729254, 53.234583515905705 ], [ -3.080285255729207, 53.23458351590569 ], [ -3.0802852557292, 53.23458351590569 ], [ -3.073013884259051, 53.232973747015905 ], [ -3.074163690763486, 53.228007721885056 ], [ -3.099478107862589, 53.221518373501688 ], [ -3.536672247809507, 53.045717066982974 ], [ -4.2024420902, 52.785431457500003 ], [ -4.219986288716235, 52.792005269301455 ] ] ] ] } },
{ "type": "Feature", "properties": { "STATE": "NOVA", "County": "Axeniettia" }, "geometry": { "type": "MultiPolygon", "coordinates": [ [ [ [ -6.81679364085803, 44.230402577048466 ], [ -6.80455635340915, 44.223886395618067 ], [ -6.989529222855946, 43.931769274446097 ], [ -7.217735831510756, 43.55410340801032 ], [ -7.21815989802464, 43.533354148047152 ], [ -7.225259043, 43.504957568199998 ], [ -7.256827213026035, 43.514463933923203 ], [ -7.269740376756855, 43.490671601449037 ], [ -7.3065440481, 43.431785727300003 ], [ -7.349236306858053, 43.346401209783892 ], [ -7.379330785584314, 43.291785303947343 ], [ -7.38338999265131, 43.284418594825759 ], [ -7.388447620368319, 43.280425730841664 ], [ -7.419808336363332, 43.259459527423076 ], [ -7.422228565373751, 43.257841483569734 ], [ -7.47872523662619, 43.214359143410633 ], [ -7.674394954621891, 43.059883050296577 ], [ -7.719947305330375, 43.08466822926362 ], [ -7.7902546034, 43.135917728800003 ], [ -7.947647190494606, 43.208560461317411 ], [ -7.987209860762968, 43.230086636097951 ], [ -7.656901699226531, 43.817571762918377 ], [ -7.65474547343371, 43.820581793599757 ], [ -7.654367472193099, 43.820892003202758 ], [ -7.646768579420429, 43.830454598988752 ], [ -7.64531218786159, 43.832780607881602 ], [ -7.644433020172728, 43.833689203937205 ], [ -7.644536679124919, 43.833705695134142 ], [ -7.052803112918792, 44.60032273697518 ], [ -7.052801864453024, 44.600320968315344 ], [ -7.042709474708428, 44.586023416177163 ], [ -7.042492434792928, 44.586007264369499 ], [ -6.681136244132993, 44.559115640878524 ], [ -6.6811421034, 44.559102945799999 ], [ -6.6816008292, 44.558109039900003 ], [ -6.699329381027015, 44.519697177604144 ], [ -6.82944894140148, 44.237141344503414 ], [ -6.81679364085803, 44.230402577048466 ] ], [ [ -6.82941096891751, 44.237853737145464 ], [ -6.829685236, 44.237259491800003 ], [ -6.82944894140148, 44.237141344503414 ], [ -6.82941096891751, 44.237853737145464 ] ] ], [ [ [ -7.64531218786159, 43.832780607881602 ], [ -7.645312187872978, 43.832780607864827 ], [ -7.645312187866543, 43.832780607875101 ], [ -7.64531218786159, 43.832780607881602 ] ] ] ] } },
{ "type": "Feature", "properties": { "STATE": "FLORENTIA", "County": "Heather Vale" }, "geometry": { "type": "MultiPolygon", "coordinates": [ [ [ [ -14.6300617606, 55.082492522400003 ], [ -14.622835969254734, 55.081091094351706 ], [ -14.142201977913141, 54.98787307514165 ], [ -13.723163321299999, 54.906601350199999 ], [ -13.66631288872081, 54.305041513162109 ], [ -13.662932567251096, 54.269272820819722 ], [ -13.622383009, 53.840199820899997 ], [ -13.62429922752632, 53.839455612066608 ], [ -14.1392649815, 53.639456469099997 ], [ -14.519243294338855, 53.632823922952312 ], [ -14.577351262, 53.631809644599997 ], [ -14.577437559743553, 53.634184705779248 ], [ -14.6300617606, 55.082492522400003 ] ] ] ] } },
{ "type": "Feature", "properties": { "STATE": "PINELAND", "County": "Velkraeth" }, "geometry": { "type": "MultiPolygon", "coordinates": [ [ [ [ 3.9484648065, 44.293137482100001 ], [ 3.9642876504, 44.238366099300002 ], [ 3.6937994575, 44.403011086399999 ], [ 3.3997905521, 44.438292155 ], [ 3.2821317992, 44.506410380299997 ], [ 3.4116103871, 44.437355133499999 ], [ 3.7221342829, 44.4063027439 ], [ 3.9484648065, 44.293137482100001 ] ] ], [ [ [ 2.0943910121, 45.108632459299997 ], [ 2.2943170678, 45.085111746899997 ], [ 2.4044096818, 45.095120166299999 ], [ 2.4030546506, 45.0842799164 ], [ 2.3641097787, 44.772720940900001 ], [ 2.3558291414, 44.706475843200003 ], [ 2.3568566658, 44.705629646600002 ], [ 2.703119914583576, 44.310804590574165 ], [ 2.674611440577142, 44.184064131424492 ], [ 2.6767038337, 44.023323272399999 ], [ 2.7181070198, 43.567888225300003 ], [ 2.4075831241, 43.609291411400001 ], [ 1.1551367444, 44.106129644600003 ], [ 1.0619795757, 44.716826639700002 ], [ 1.5484670124, 45.462083989600004 ], [ 1.5857660475, 45.436440902900003 ], [ 1.6592578321, 45.355599939800001 ], [ 1.7415803257, 45.308558515 ], [ 1.8827046002, 45.2262360215 ], [ 2.0943910121, 45.108632459299997 ] ] ] ] } },
{ "type": "Feature", "properties": { "STATE": "AUSTINAS", "County": "Dunley" }, "geometry": { "type": "MultiPolygon", "coordinates": [ [ [ [ -4.4363284713, 51.812376524699999 ], [ -4.518928297568149, 51.760835047713265 ], [ -4.722481538939328, 51.633819832552284 ], [ -4.892802839452817, 51.527541020751052 ], [ -5.058969123367635, 51.423854898330362 ], [ -5.0684569809, 51.4179345688 ], [ -5.3008976076, 51.217257758099997 ], [ -5.310560852468794, 51.224715540570372 ], [ -5.5002020336, 51.371074522 ], [ -5.5815706656, 51.526949862800002 ], [ -5.596003672801809, 51.54900939428498 ], [ -5.680049970241579, 51.677466473162887 ], [ -5.777029223035598, 51.811294149871564 ], [ -5.777029223035586, 51.811294149871571 ], [ -5.7559766728, 51.820338614299999 ], [ -5.399649413242639, 52.006345339269217 ], [ -5.3962931488, 52.008097346 ], [ -5.194425955449523, 52.053550727182007 ], [ -4.687860677, 52.142239239299997 ], [ -4.663464862677903, 52.110246240571385 ], [ -4.4363284713, 51.812376524699999 ] ] ] ] } },
{ "type": "Feature", "properties": { "STATE": "HARMINGTON", "County": "Lilac" }, "geometry": { "type": "MultiPolygon", "coordinates": [ [ [ [ -10.2549700246, 59.214303656 ], [ -9.500469628899999, 59.116767935399999 ], [ -9.4942879188, 58.762618000700002 ], [ -9.665953889800001, 58.449645952799997 ], [ -10.155228191300001, 58.573952326899999 ], [ -10.178135276, 58.6178347118 ], [ -10.4693593099, 58.812021410600003 ], [ -10.2549700246, 59.214303656 ] ] ] ] } },
{ "type": "Feature", "properties": { "STATE": "HAMPTON", "County": "Crestbourne" }, "geometry": { "type": "MultiPolygon", "coordinates": [ [ [ [ 1.688714820069922, 46.813754053038046 ], [ 1.688714820069899, 46.813754053038053 ], [ 1.688714820070193, 46.813754053038011 ], [ 1.688714820069933, 46.813754053038046 ], [ 1.688714820069922, 46.813754053038046 ] ] ], [ [ [ 2.182629092998723, 46.749005260766545 ], [ 2.184356480773656, 46.744349423199999 ], [ 1.688714820069899, 46.813754053038053 ], [ 1.688714820069898, 46.813754053038053 ], [ 1.361178485829366, 46.859618918401061 ], [ 0.8096933797, 46.936843297800003 ], [ 0.8178846084, 46.942986719399997 ], [ 0.7682252844, 47.224389555599998 ], [ 1.0496281206, 47.489239283800003 ], [ 1.176535282, 47.5499340131 ], [ 1.432624586123108, 47.671892217230777 ], [ 1.576973466351004, 47.639465941149936 ], [ 1.8772835212, 47.5720048238 ], [ 2.182629092998723, 46.749005260766545 ] ] ] ] } },
{ "type": "Feature", "properties": { "STATE": "DENBURG", "County": "Lanver" }, "geometry": { "type": "MultiPolygon", "coordinates": [ [ [ [ -16.1419392257, 43.811270188 ], [ -16.141937543763753, 43.811283365960378 ], [ -16.150165886686089, 43.811270188 ], [ -16.150314742799999, 43.809883038599999 ], [ -17.031969371909586, 43.698298186115302 ], [ -17.819638669425185, 43.598608398903757 ], [ -17.819804663154645, 43.602094266904672 ], [ -17.819834496399999, 43.603943928116621 ], [ -17.819834496399999, 43.952738121300001 ], [ -17.817982552699998, 43.956442008700002 ], [ -17.647985718027087, 44.282543553321297 ], [ -17.47248294866295, 44.61860898693098 ], [ -17.47082560510098, 44.618520955405131 ], [ -17.469817140100002, 44.613882016399998 ], [ -16.68861384496811, 44.576681859548167 ], [ -16.607987378972172, 44.570290928628147 ], [ -15.7197303589, 44.477764155700001 ], [ -15.602676430924117, 44.486543200228923 ], [ -15.663168837400001, 44.464679564400001 ], [ -15.730356963542452, 44.431085501328774 ], [ -15.7756404122, 44.409540751400002 ], [ -15.776677001, 44.4079254826 ], [ -15.753453348600001, 44.419537308800003 ], [ -15.7949915828, 44.371768339500001 ], [ -15.794991582831495, 44.371768339395807 ], [ -15.819082594199999, 44.344063676300003 ], [ -15.853216217155776, 44.179148569308261 ], [ -15.8561789265, 44.169347281599997 ], [ -15.888644897566374, 44.152399689790201 ], [ -15.933639343160873, 44.135015472174139 ], [ -15.955594792335429, 44.117451112834495 ], [ -15.963044783699999, 44.113562135899997 ], [ -15.973035532388156, 44.103216412764972 ], [ -16.082948628299999, 44.007860380099999 ], [ -16.115504502499999, 43.969878526800002 ], [ -16.11836342849454, 43.952724970909202 ], [ -16.118363428599999, 43.952724970799999 ], [ -16.137940818640317, 43.835260630558118 ], [ -16.141472831665443, 43.811284110212007 ], [ -16.1419392257, 43.811270188 ] ] ] ] } },
{ "type": "Feature", "properties": { "STATE": "ORLAVIA", "County": "Orwelyn" }, "geometry": { "type": "MultiPolygon", "coordinates": [ [ [ [ -9.173610817177567, 50.277265058096141 ], [ -9.164017034345138, 50.266844147393556 ], [ -8.647175052934493, 49.705442640844716 ], [ -8.218043166, 49.239313153499999 ], [ -8.225183426577743, 49.237875396180961 ], [ -8.242683075902219, 49.23435168039736 ], [ -8.26942620305589, 49.231482224836768 ], [ -8.268218184318059, 49.229209950817946 ], [ -8.271404910687945, 49.228568274073496 ], [ -8.2813626672, 49.247154121599998 ], [ -9.476456410705238, 48.988533541962006 ], [ -9.865733313397319, 49.397378333612373 ], [ -10.211600408733828, 49.764904678021999 ], [ -10.018205968240544, 49.860937635878102 ], [ -10.020134241799999, 49.881484092800001 ], [ -9.1755499218, 50.279371342600001 ], [ -9.173610817177567, 50.277265058096141 ] ] ] ] } },
{ "type": "Feature", "properties": { "STATE": "MARCENNE", "County": "Hauters de Vallon" }, "geometry": { "type": "MultiPolygon", "coordinates": [ [ [ [ -4.582736989059682, 54.959494992092061 ], [ -5.393395434529932, 55.742655739801037 ], [ -5.388372117257499, 55.745317845012195 ], [ -5.388372117257487, 55.745317845012202 ], [ -4.6275329927, 56.050070962600003 ], [ -4.123773409470497, 56.300350804350067 ], [ -3.798640725744952, 55.976442979879117 ], [ -3.580076946855034, 55.765378391988754 ], [ -4.379051629564838, 55.067747078798263 ], [ -4.508642396932809, 54.960805998216564 ], [ -4.548600256015111, 54.927831915920571 ], [ -4.553727681740892, 54.931481926937849 ], [ -4.582736989059682, 54.959494992092061 ] ] ] ] } },
{ "type": "Feature", "properties": { "STATE": "AQUALAND", "County": "Careania" }, "geometry": { "type": "MultiPolygon", "coordinates": [ [ [ [ -10.04005060334042, 46.154097335499998 ], [ -10.044448939700001, 46.154097335499998 ], [ -10.225898145631074, 46.256162513792731 ], [ -10.1650200431, 46.492088298799999 ], [ -10.134055358011995, 46.688359737390186 ], [ -10.154753228539665, 46.686218229662998 ], [ -10.154754324571687, 46.686228178414268 ], [ -10.137568761388543, 46.784961608372285 ], [ -10.065815890167402, 47.208955847230733 ], [ -10.043149254305337, 47.10712655167972 ], [ -9.851258928429315, 46.180302198178452 ], [ -10.0297354014, 46.158459764299998 ], [ -10.04005060334042, 46.154097335499998 ] ] ] ] } },
{ "type": "Feature", "properties": { "STATE": "WEST VILLE", "County": "Solevierre" }, "geometry": { "type": "MultiPolygon", "coordinates": [ [ [ [ -7.8167956613, 56.978451722400003 ], [ -7.842530941542907, 56.987917430962277 ], [ -8.8072037845, 57.342734316700003 ], [ -8.4154854845, 57.911885811799998 ], [ -7.368919603270204, 57.775459679195592 ], [ -7.3285495347, 57.7701971989 ], [ -7.349895748594145, 57.735581935469682 ], [ -7.8167956613, 56.978451722400003 ] ] ] ] } },
{ "type": "Feature", "properties": { "STATE": "HILLTON", "County": "Orindor" }, "geometry": { "type": "MultiPolygon", "coordinates": [ [ [ [ -14.5546047558, 52.315953311599998 ], [ -14.6226691302, 52.0096636269 ], [ -14.622924851890145, 52.008512879277724 ], [ -14.631739027250308, 51.987710127637413 ], [ -14.727089207100001, 51.962283413100003 ], [ -15.172375475899999, 51.916219316300001 ], [ -15.209149706712735, 51.832358881176539 ], [ -15.456235299699999, 52.8594597775 ], [ -15.5096289112, 53.081409692199998 ], [ -15.5174639705, 53.078593967700002 ], [ -15.51760029, 53.079081848199998 ], [ -15.018007191144306, 53.609023189980569 ], [ -14.987579223499999, 53.597260354200003 ], [ -14.983240739359371, 53.643673785057025 ], [ -14.907679498649806, 53.641906902392137 ], [ -14.604253728, 53.603951325600001 ], [ -14.60479261884764, 53.634824361497898 ], [ -14.577437559743553, 53.634184705779248 ], [ -14.577351262, 53.631809644599997 ], [ -14.519243294338855, 53.632823922952312 ], [ -14.067019575, 53.622249371199999 ], [ -14.045852398099999, 53.62417366 ], [ -14.1996612504, 53.3824740349 ], [ -14.496018790565673, 52.806889061523208 ], [ -14.502922630248671, 52.793480439026496 ], [ -14.5182653017, 52.7883662152 ], [ -14.595327361795121, 52.761318543411491 ], [ -14.6999625723, 52.733857034 ], [ -14.642584486800001, 52.619100863100002 ], [ -14.627283664, 52.588499217500001 ], [ -14.5546047558, 52.315953311599998 ] ] ] ] } },
{ "type": "Feature", "properties": { "STATE": "BAYBAR", "County": "New Aberdeen" }, "geometry": { "type": "MultiPolygon", "coordinates": [ [ [ [ -2.6367687819, 44.380698041300001 ], [ -2.0066596129, 44.7243939516 ], [ -1.8100979506, 45.031521549 ], [ -1.6831302105, 45.2024396606 ], [ -1.4256731667, 45.217292951600001 ], [ -1.0367807428, 45.228730964100002 ], [ -1.0393571938, 45.232902360899999 ], [ -1.0433399526, 45.239350637 ], [ -1.0329299405, 45.2399512147 ], [ -1.0079222378, 45.214943512 ], [ -0.3952335219, 44.539735539299997 ], [ -0.4285069917, 44.524316126499997 ], [ -2.333978907974624, 43.439467671438329 ], [ -2.580928897774624, 43.773183873938329 ], [ -2.9085076424, 44.214635404299997 ], [ -2.8810234571, 44.231431295299998 ], [ -2.6367687819, 44.380698041300001 ] ] ] ] } },
{ "type": "Feature", "properties": { "STATE": "ORLAY", "County": "Ironfeld" }, "geometry": { "type": "MultiPolygon", "coordinates": [ [ [ [ -8.952458675645097, 51.18604312405197 ], [ -9.439267330775206, 50.976327692890116 ], [ -9.4400317335, 50.978383350100003 ], [ -9.44209602574553, 50.977318737434345 ], [ -9.879745720929526, 51.313556967640523 ], [ -9.823285379142678, 51.501217381984034 ], [ -9.818395154799999, 51.543516992 ], [ -9.789284311599999, 51.703545916099998 ], [ -9.772356850481156, 51.728932224964296 ], [ -9.680655252164705, 51.866458170637252 ], [ -9.647052196625657, 51.911516813281736 ], [ -9.38579554345813, 51.703908841869179 ], [ -8.82790266895636, 51.260578474827533 ], [ -8.952458675645097, 51.18604312405197 ] ] ] ] } },
{ "type": "Feature", "properties": { "STATE": "NORTH ORLE", "County": "North Casterly" }, "geometry": { "type": "MultiPolygon", "coordinates": [ [ [ [ -17.8064154763, 57.315848341900001 ], [ -17.8181402218, 57.333435460099999 ], [ -17.8180979708, 57.336012771900002 ], [ -17.812277849099999, 57.691040195699998 ], [ -17.437085995299999, 57.708627313800001 ], [ -17.402057559300001, 57.405047535400001 ], [ -17.401911759, 57.4037839326 ], [ -17.4605354861, 57.362747323599997 ], [ -17.584944107399998, 57.345878358 ], [ -17.727365219, 57.326567020900001 ], [ -17.8064154763, 57.315848341900001 ] ] ] ] } },
{ "type": "Feature", "properties": { "STATE": "DENBURG", "County": "New Arden" }, "geometry": { "type": "MultiPolygon", "coordinates": [ [ [ [ -21.809698486994392, 43.023037623041034 ], [ -21.810036765464933, 43.02272991532773 ], [ -21.81015537717489, 43.023757883520325 ], [ -21.809698486994392, 43.023037623041034 ] ] ], [ [ [ -21.263609927510686, 43.740395523765116 ], [ -21.305273674786847, 43.766139875421651 ], [ -21.345372186067824, 43.792635269511571 ], [ -21.3996755718, 43.827192950200001 ], [ -21.386313242583416, 43.842243290576867 ], [ -21.363140776455285, 43.873849430512742 ], [ -21.361456101453985, 43.876283409033299 ], [ -21.361054250431081, 43.876864906044645 ], [ -21.360546318996843, 43.877826516157889 ], [ -21.360469194512305, 43.878423034496663 ], [ -21.3521770553, 43.880691769800002 ], [ -21.339474805399998, 43.894998645599998 ], [ -20.777770655437084, 44.013921930634709 ], [ -20.462100588484176, 44.08075519393114 ], [ -20.350419761721035, 44.104400115897519 ], [ -20.064194451100001, 44.164999373 ], [ -20.060695054100002, 44.163756318 ], [ -19.9588294512, 44.186083025499997 ], [ -19.851060679796774, 44.096275715864287 ], [ -19.857631995800066, 44.092778539145144 ], [ -19.857224344274972, 44.092628021658953 ], [ -19.858512211600001, 44.091936970900001 ], [ -19.814908154099999, 44.0764479467 ], [ -19.657933797882048, 43.698808344503348 ], [ -19.62302054023818, 43.603342405633406 ], [ -19.620693380799999, 43.594679252200002 ], [ -19.644459694152612, 43.57006851428455 ], [ -19.754997685334548, 43.459819061995596 ], [ -19.719129217296622, 43.316612864978502 ], [ -19.697341799615906, 43.224191834032432 ], [ -19.730774179835635, 43.238009983507816 ], [ -19.738401698099999, 43.241658759 ], [ -19.73210487687631, 43.227840729200885 ], [ -19.730865057761878, 43.223903882138742 ], [ -19.633586135073685, 43.004683774672394 ], [ -19.6865937297, 42.708231965700001 ], [ -19.647702912300002, 42.552668696300003 ], [ -19.624191526332961, 42.555607619545562 ], [ -19.623139471, 42.552061420900003 ], [ -21.097910467199998, 42.474706567 ], [ -22.1486339452, 42.941524846500002 ], [ -22.165718959048171, 42.966207881312869 ], [ -22.0664286823, 42.974482071099999 ], [ -21.803879567100001, 43.013864438299997 ], [ -21.809698486994392, 43.023037623041034 ], [ -21.523864893473604, 43.28303998531895 ], [ -21.311450896699998, 43.472264235200001 ], [ -21.282903390973093, 43.606631765749761 ], [ -21.282834382, 43.6069565775 ], [ -21.201900455499999, 43.701272019199997 ], [ -21.263609927510686, 43.740395523765116 ] ] ] ] } },
{ "type": "Feature", "properties": { "STATE": "FLORENTIA", "County": "Primrose" }, "geometry": { "type": "MultiPolygon", "coordinates": [ [ [ [ -15.788474558058828, 56.526570753442442 ], [ -15.7884306846, 56.5265805031 ], [ -15.804240834688025, 56.803258130003719 ], [ -15.242021035105321, 56.794336244208012 ], [ -15.200464782664826, 56.112858346663089 ], [ -15.336242501597587, 55.876490131574108 ], [ -15.851004727299999, 55.811732753800001 ], [ -15.851819304371018, 55.797327162688461 ], [ -15.865985027, 55.796220199399997 ], [ -15.863185287738458, 56.449992088181432 ], [ -15.862980459099999, 56.497821972799997 ], [ -15.786748323699999, 56.499152609600003 ], [ -15.788474558058828, 56.526570753442442 ] ] ], [ [ [ -15.804534205413518, 56.808392117706568 ], [ -15.805770675474276, 56.830030343798249 ], [ -15.761844144399999, 56.819859833199999 ], [ -15.804534205413518, 56.808392117706568 ] ] ] ] } },
{ "type": "Feature", "properties": { "STATE": "PORTLAND", "County": "Allenia" }, "geometry": { "type": "MultiPolygon", "coordinates": [ [ [ [ 6.6601287112, 58.300708601700002 ], [ 6.70237523854739, 58.00152846874353 ], [ 6.8230777135, 57.146741465600002 ], [ 6.109007905060043, 57.247822420568554 ], [ 5.3813423346, 57.391150487499999 ], [ 5.5407024226, 57.909070773700002 ], [ 5.593726076, 57.918659935599997 ], [ 5.8218616237, 57.944008329799999 ], [ 5.8251910423, 57.939654474599998 ], [ 5.8251910423, 57.944378265200001 ], [ 5.8398921849, 57.9460117255 ], [ 5.8510322327, 57.947249508600002 ], [ 6.6601287112, 58.300708601700002 ] ] ] ] } },
{ "type": "Feature", "properties": { "STATE": "WEST NOKRAS", "County": "Rivenmark" }, "geometry": { "type": "MultiPolygon", "coordinates": [ [ [ [ 6.0249046912, 48.833119608 ], [ 6.0252200733, 48.841240698199996 ], [ 6.0429180486, 49.296963561399998 ], [ 6.0502723447, 49.4863366867 ], [ 6.4117614077, 48.4145533246 ], [ 6.0249046912, 48.833119608 ] ] ] ] } },
{ "type": "Feature", "properties": { "STATE": "UGHAMPTON", "County": "Arterlia" }, "geometry": { "type": "MultiPolygon", "coordinates": [ [ [ [ -0.998240019485566, 53.07936979911014 ], [ -1.0477855282, 53.052605555299998 ], [ -1.000091257, 52.372726302799997 ], [ -0.993034157281106, 52.371354937911818 ], [ -0.9929865743, 52.364883491599997 ], [ -1.722076985732601, 52.433035040191761 ], [ -1.725343426, 52.433340369900002 ], [ -1.727644152965047, 52.43841119108837 ], [ -1.793637649990879, 52.57044961753401 ], [ -2.249235273045301, 53.498798513998281 ], [ -2.259211073029082, 53.501959310812005 ], [ -2.270027562012634, 53.505386476951102 ], [ -1.707010706710312, 53.706508959671758 ], [ -1.005725257007593, 53.972886574500301 ], [ -1.004812382020823, 53.973233322692089 ], [ -1.004812381984743, 53.973233320625077 ], [ -0.998240019485566, 53.07936979911014 ] ] ] ] } },
{ "type": "Feature", "properties": { "STATE": "ORLAVIA", "County": "New Alverton" }, "geometry": { "type": "MultiPolygon", "coordinates": [ [ [ [ -9.476456410705238, 48.988533541962006 ], [ -8.2813626672, 49.247154121599998 ], [ -8.271404910687945, 49.228568274073496 ], [ -7.852935423705532, 48.447507794222105 ], [ -7.8421068341, 48.427296563399999 ], [ -8.005107819503488, 48.424451370618527 ], [ -8.121875155893532, 48.406759349955031 ], [ -8.143169046300001, 48.377310432800002 ], [ -8.15746280133383, 48.374309620931669 ], [ -8.956530518499999, 48.206554410099997 ], [ -8.961434905549883, 48.213306697190852 ], [ -9.509900252656351, 48.968425623446088 ], [ -9.4732613355, 48.980328567199997 ], [ -9.480216942661624, 48.987719755629684 ], [ -9.476456410705238, 48.988533541962006 ] ] ] ] } },
{ "type": "Feature", "properties": { "STATE": "ORLAY", "County": "Arlen" }, "geometry": { "type": "MultiPolygon", "coordinates": [ [ [ [ -6.682466511500001, 54.432060123500008 ], [ -5.660748945967418, 53.794977129023771 ], [ -5.660504717520585, 53.794815288712051 ], [ -5.64985814495313, 53.787760235767301 ], [ -5.6349915011, 53.777908712299997 ], [ -6.033596101019223, 53.471240631622834 ], [ -6.483460662251852, 53.148246855252992 ], [ -6.4838275774, 53.124853202200001 ], [ -7.58943246003651, 54.0034236963591 ], [ -7.6000413002, 54.0118540263 ], [ -6.682466511500001, 54.432060123500008 ] ] ] ] } },
{ "type": "Feature", "properties": { "STATE": "WESTVALE", "County": "Molgrath" }, "geometry": { "type": "MultiPolygon", "coordinates": [ [ [ [ -1.9863495203, 51.154609714700001 ], [ -3.07650424, 51.514933826899998 ], [ -3.078205682402516, 51.508116385709748 ], [ -3.177436690064194, 51.513209108155266 ], [ -3.252994676835287, 51.536134696374987 ], [ -3.24974643644821, 51.561052924989184 ], [ -3.1830842292, 52.763795146900001 ], [ -3.172835518886243, 52.761910238980938 ], [ -1.7655699754, 52.503090749899997 ], [ -1.771408783210478, 52.470603584296363 ], [ -1.775384323455879, 52.36431006675862 ], [ -1.882896686959453, 51.176855920344963 ], [ -1.9863495203, 51.154609714700001 ] ] ] ] } },
{ "type": "Feature", "properties": { "STATE": "NORTH ORLE", "County": "New Wessex" }, "geometry": { "type": "MultiPolygon", "coordinates": [ [ [ [ -18.714311953300001, 54.803474540499998 ], [ -19.332735519300002, 54.830757933100003 ], [ -19.326857573600002, 55.917048329099998 ], [ -19.320788370300001, 55.9204201087 ], [ -19.320669314900002, 55.909943236099998 ], [ -19.210793794299999, 55.968112629399997 ], [ -18.764828445900001, 55.942259565699999 ], [ -18.764661482499999, 55.949689435300002 ], [ -18.759784274400001, 55.949377030500003 ], [ -18.714311953300001, 54.803474540499998 ] ] ] ] } },
{ "type": "Feature", "properties": { "STATE": "HAMPTON", "County": "Windrell" }, "geometry": { "type": "MultiPolygon", "coordinates": [ [ [ [ -0.1531375413, 48.235812511200002 ], [ -0.1421956563, 48.432766440499996 ], [ -0.1327104159, 48.4313292828 ], [ -0.095895427948373, 48.425751254323508 ], [ -0.0955773492, 48.407528534800001 ], [ 0.532871069877196, 48.330483603155358 ], [ 1.448865389637901, 48.218186845600499 ], [ 1.534960901, 48.207631925599998 ], [ 1.793260707935244, 48.263997299130189 ], [ 2.999205771295437, 48.527154847560844 ], [ 1.8772835212, 47.5720048238 ], [ 1.576973466351004, 47.639465941149936 ], [ 1.432624586123108, 47.671892217230777 ], [ 1.176535282, 47.5499340131 ], [ 1.0496281206, 47.489239283800003 ], [ 0.7682252844, 47.224389555599998 ], [ 0.8178846084, 46.942986719399997 ], [ 0.8096933797, 46.936843297800003 ], [ 0.7594696512, 46.899175501400002 ], [ 0.348270211411069, 46.597268018806098 ], [ 0.325950827477449, 46.598865599222705 ], [ 0.327088635990417, 46.598213234944602 ], [ 0.021193049797767, 46.595004030170976 ], [ -0.242260912302233, 46.616958526970976 ], [ -0.2354949924, 46.753378391200002 ], [ -0.18776783371494, 47.392187174120899 ], [ -0.1531375413, 48.235812511200002 ] ] ], [ [ [ 3.1022135141, 48.614850628600003 ], [ 3.099099406600205, 48.612199428971714 ], [ 3.099103318019409, 48.614016967794939 ], [ 3.1022135141, 48.614850628600003 ] ] ] ] } },
{ "type": "Feature", "properties": { "STATE": "HAMPTON", "County": "Ulvenar" }, "geometry": { "type": "MultiPolygon", "coordinates": [ [ [ [ -1.7644002415, 46.479499695 ], [ -2.7169342364, 47.187794204 ], [ -2.828076923992347, 47.263261461015844 ], [ -3.0326947146, 47.402199467 ], [ -3.0224364505, 47.406473743699998 ], [ -3.6514545549, 47.820301444 ], [ -3.762575528767935, 47.880301912883546 ], [ -3.786463146595161, 47.890624301467803 ], [ -3.6514545549, 48.035491848200003 ], [ -3.5790877622, 48.1539102363 ], [ -3.4236058917, 48.452435427600001 ], [ -3.371723231077797, 48.552050136047917 ], [ -3.2872861787, 48.714169276699998 ], [ -3.0886488825, 48.896253464799997 ], [ -2.974807547544541, 48.879116059535342 ], [ -1.5492098374, 48.6645099526 ], [ -1.4829974053, 48.631403736599999 ], [ -1.8637188896, 48.366554008400001 ], [ -1.7892299035, 48.1182573882 ], [ -1.754262802361478, 48.057528345712527 ], [ -1.725697555267026, 48.01283932464262 ], [ -1.721379353167026, 47.998445317742622 ], [ -1.8111384289, 47.866065919100002 ], [ -1.8232557367, 47.8221406782 ], [ -1.900037857231941, 47.509462017407962 ], [ -1.88688893672446, 47.490359313947209 ], [ -1.878086373706307, 47.44643250357074 ], [ -1.836905328544679, 47.384953628095452 ], [ -1.717969542883587, 47.140832002159904 ], [ -1.570400653213755, 46.8714740044013 ], [ -1.487161438648064, 46.678931092639765 ], [ -1.495768816599881, 46.671975429057937 ], [ -1.675255423338782, 46.567288002616046 ], [ -1.745988440732475, 46.494253947198786 ], [ -1.757929754444868, 46.485817182494948 ], [ -1.7644002415, 46.479499695 ] ] ] ] } },
{ "type": "Feature", "properties": { "STATE": "GUAVA", "County": "Bravón" }, "geometry": { "type": "MultiPolygon", "coordinates": [ [ [ [ 4.4166545585, 55.584671418399999 ], [ 4.4661208719, 55.152358755599998 ], [ 3.992022626, 55.095176360799996 ], [ 3.9749189853, 55.674774853499997 ], [ 4.0241768171, 55.654674518199997 ], [ 4.402685392, 55.584427585699999 ], [ 4.4166545585, 55.584671418399999 ] ] ] ] } },
{ "type": "Feature", "properties": { "STATE": "PORTLAND", "County": "Valleon" }, "geometry": { "type": "MultiPolygon", "coordinates": [ [ [ [ 3.5339487605, 59.279230507699999 ], [ 3.8553073441, 59.457763054099999 ], [ 3.913448940613116, 59.019464865076785 ], [ 3.9735353788, 58.566505561900001 ], [ 3.2005059213, 58.330049492599997 ], [ 3.0913723508, 58.639261275599999 ], [ 3.323118159, 58.942313486300002 ], [ 3.3884373332, 58.942313486300002 ], [ 3.3984664159, 58.966132557500003 ], [ 3.4005841338, 58.966661987 ], [ 3.4845869472, 59.170668819500001 ], [ 3.5255736799, 59.268012309600003 ], [ 3.5339487605, 59.269714197699997 ], [ 3.5339487605, 59.279230507699999 ] ] ], [ [ [ 3.5255736799, 59.268012309600003 ], [ 3.5245870014, 59.267811808099999 ], [ 3.5279066327, 59.27587377 ], [ 3.5291821306, 59.276582379899999 ], [ 3.5255736799, 59.268012309600003 ] ] ] ] } },
{ "type": "Feature", "properties": { "STATE": "NEW ZALES", "County": "Río Blanca" }, "geometry": { "type": "MultiPolygon", "coordinates": [ [ [ [ 1.817597916668205, 58.702647551480347 ], [ 1.473812947327948, 58.516810018313862 ], [ 1.458108822005775, 58.507466320028271 ], [ 1.442800242570827, 58.512445950410061 ], [ 1.276912993515802, 58.489046508970205 ], [ 1.27640608032447, 58.488889191084446 ], [ 1.276406426042802, 58.488899430756284 ], [ 1.276586861783286, 58.494243673733294 ], [ 1.312722716314772, 58.929633215383539 ], [ 1.367738334832728, 58.907626968024196 ], [ 1.3938543707, 58.897180553699997 ], [ 1.5984203578, 59.082264065799997 ], [ 1.957893971468205, 58.802023923680345 ], [ 1.817597916668205, 58.702647551480347 ] ] ] ] } },
{ "type": "Feature", "properties": { "STATE": "PORTLAND", "County": "Las Carvas" }, "geometry": { "type": "MultiPolygon", "coordinates": [ [ [ [ 5.5407024226, 57.909070773700002 ], [ 5.5423075599, 57.914287469800001 ], [ 5.3918659791, 57.9811503946 ], [ 5.0909828176, 57.905929604199997 ], [ 4.933025098300001, 57.974153157899998 ], [ 4.927671742, 57.974612017 ], [ 4.8555336723, 58.2150722493 ], [ 4.8804125582, 58.364345565 ], [ 5.0232884461, 58.459596156899998 ], [ 5.0296858739, 58.4389822228 ], [ 5.0474163524, 58.431890031400002 ], [ 5.2784747333, 58.339466679 ], [ 5.3282325052, 58.314587793100003 ], [ 5.4208010332, 58.314587793100003 ], [ 5.5318345641, 58.323274484700001 ], [ 5.6785128032, 58.1314644797 ], [ 5.8218616237, 57.944008329799999 ], [ 5.593726076, 57.918659935599997 ], [ 5.5407024226, 57.909070773700002 ] ] ] ] } },
{ "type": "Feature", "properties": { "STATE": "NORTH ORLE", "County": "Harrowgate" }, "geometry": { "type": "MultiPolygon", "coordinates": [ [ [ [ -18.753027854599999, 57.3324889955 ], [ -18.773802878600002, 57.332208251899999 ], [ -18.783213515300002, 57.332081081200002 ], [ -18.783213515300002, 57.626290649399998 ], [ -18.783213515300002, 57.885436078700003 ], [ -18.771671969100002, 57.880997022400003 ], [ -18.718580856199999, 57.8491423547 ], [ -18.700389483399999, 57.855455116500003 ], [ -17.451780736100002, 57.900848482 ], [ -17.438854204199998, 57.719877036299998 ], [ -17.820186893399999, 57.6940239726 ], [ -17.826619473499999, 57.346664650299999 ], [ -17.8266501594, 57.345007613 ], [ -17.979510341099999, 57.342941934899997 ], [ -18.246013809099999, 57.3393405367 ], [ -18.753027854599999, 57.3324889955 ] ] ] ] } },
{ "type": "Feature", "properties": { "STATE": "AUSTINAS", "County": "New Corwick" }, "geometry": { "type": "MultiPolygon", "coordinates": [ [ [ [ -3.51579755239441, 51.788367147682244 ], [ -3.506555564145499, 51.779596280039691 ], [ -3.4976947937, 51.7711871972 ], [ -3.498638515676393, 51.770521087171964 ], [ -3.7074200965, 51.623156176599998 ], [ -3.725371329293472, 51.630639355029111 ], [ -3.8442939218, 51.680213609299997 ], [ -3.9631508571, 51.678138953800001 ], [ -4.1336874274, 51.717624065700001 ], [ -4.3046685668, 51.782578520900003 ], [ -4.3895663778, 51.781096624100002 ], [ -4.4363284713, 51.812376524699999 ], [ -4.663464862677903, 52.110246240571385 ], [ -4.66716696, 52.1159457981 ], [ -4.4806881553, 52.136185533300001 ], [ -4.1592619911, 52.209734989899999 ], [ -4.003536336773387, 52.245368483778478 ], [ -3.99839932570738, 52.246367760081711 ], [ -3.51579755239441, 51.788367147682244 ] ] ] ] } },
{ "type": "Feature", "properties": { "STATE": "AQUALAND", "County": "Ravenwald" }, "geometry": { "type": "MultiPolygon", "coordinates": [ [ [ [ -11.307259867463806, 47.759437542449412 ], [ -11.2242985704, 47.383396562400002 ], [ -10.973847229650117, 47.356320741789673 ], [ -10.932473250699999, 47.350971526899997 ], [ -10.9000482152, 47.269908938100002 ], [ -10.885475793259392, 47.185388890851655 ], [ -10.859860366993743, 47.036819418523528 ], [ -10.859689218080671, 47.035826754827795 ], [ -11.006669891110789, 47.043340012793763 ], [ -11.117289136191191, 47.043308235772642 ], [ -11.117453472642955, 47.042933689500003 ], [ -11.1182193926, 47.042933689500003 ], [ -11.114906532, 47.050553268800002 ], [ -11.427706796500001, 47.050553268800002 ], [ -12.3124846875, 47.193547675399998 ], [ -12.428236935499999, 47.234887764 ], [ -12.437304837199999, 47.240933031799997 ], [ -12.432310467800001, 47.285882356400002 ], [ -12.427272747117078, 47.31758149465437 ], [ -12.4042960573, 47.330853574 ], [ -12.392919041200001, 47.336542082100003 ], [ -12.397356303343576, 47.336542082100003 ], [ -12.401277879347102, 47.335439377553961 ], [ -12.401236974417802, 47.335578812172287 ], [ -12.273590600985235, 47.784712295657982 ], [ -12.263751402701509, 47.818309946358816 ], [ -12.151696081899686, 48.211687827520898 ], [ -11.344717867125178, 48.126368989652413 ], [ -11.307259867463806, 47.759437542449412 ] ] ] ] } },
{ "type": "Feature", "properties": { "STATE": "FLORENTIA", "County": "Peonyfield" }, "geometry": { "type": "MultiPolygon", "coordinates": [ [ [ [ -14.923997097899999, 54.080179752799999 ], [ -14.941499648970161, 54.090223121156605 ], [ -14.941421116, 54.0910632728 ], [ -16.5755879184, 55.059086208399997 ], [ -16.57700657491986, 55.028714798241019 ], [ -16.608286221834017, 55.046663782635591 ], [ -16.613094193769992, 55.436109509393653 ], [ -16.115479860405404, 55.383474956231446 ], [ -15.864275663431469, 55.361806425338109 ], [ -15.864132870273528, 55.361791321564844 ], [ -15.34834256337013, 55.30398597671207 ], [ -15.246447566323502, 55.292566461137191 ], [ -15.183187070930165, 55.285476768479484 ], [ -15.1814930236, 55.291977132100001 ], [ -15.085697440184976, 55.274550968499589 ], [ -15.04208195735845, 55.269937593651633 ], [ -15.041704582566917, 55.269897677290317 ], [ -15.0441131344, 55.266986372200002 ], [ -15.035371585624047, 55.262474376413032 ], [ -14.975886889435913, 54.916154854021961 ], [ -14.950635285816663, 54.689454014666858 ], [ -15.0066962847, 54.692476055500002 ], [ -14.926757751556002, 54.15317917615468 ], [ -14.923997097899999, 54.080179752799999 ] ] ] ] } },
{ "type": "Feature", "properties": { "STATE": "AUSTINAS", "County": "Arvelburg" }, "geometry": { "type": "MultiPolygon", "coordinates": [ [ [ [ -3.5984793007, 51.09002411 ], [ -4.05106293869528, 50.926479998237596 ], [ -4.2031205186, 50.864124842899997 ], [ -4.221194440448715, 50.889347757213123 ], [ -4.4814219679, 51.252506162 ], [ -4.4727155007, 51.290109475800001 ], [ -4.432889114956653, 51.316631137089153 ], [ -4.1117606161, 51.530480853 ], [ -4.023906669591568, 51.391234441555127 ], [ -4.038770037, 51.378912238700003 ], [ -3.899686087220279, 51.288194481478044 ], [ -3.5984793007, 51.09002411 ] ] ] ] } },
{ "type": "Feature", "properties": { "STATE": "GUAVA", "County": "Cresta" }, "geometry": { "type": "MultiPolygon", "coordinates": [ [ [ [ 5.2423826174, 53.895775773799997 ], [ 5.1700241796, 54.4652014447 ], [ 6.7403855809, 54.920628723900002 ], [ 6.7880690469, 54.743120825699997 ], [ 6.6987704991, 54.750479124500004 ], [ 6.6287009374, 54.6779199693 ], [ 6.5045232084, 54.640084395700001 ], [ 6.1846977923, 54.572082746600003 ], [ 6.1602889018, 54.437901525599997 ], [ 6.2057939734, 54.385193754699998 ], [ 6.0099906867, 54.363941974 ], [ 5.7441178383, 54.270131038 ], [ 5.7490970253, 53.984873604 ], [ 5.7226653401, 53.966578215600002 ], [ 5.5196593541, 53.8471135924 ], [ 5.3224556711, 53.906090465 ], [ 5.2423826174, 53.895775773799997 ] ] ] ] } },
{ "type": "Feature", "properties": { "STATE": "PORTLAND", "County": "Detritus" }, "geometry": { "type": "MultiPolygon", "coordinates": [ [ [ [ 7.4949326782, 58.004428654500003 ], [ 6.7944881405, 57.9758390816 ], [ 6.72143495384739, 57.987233682243534 ], [ 6.70237523854739, 58.00152846874353 ], [ 6.6601287112, 58.300708601700002 ], [ 6.8752450917, 58.776441902599998 ], [ 6.9675451468, 58.790641911100003 ], [ 7.223331735, 58.790641911100003 ], [ 7.5092274647, 58.004428654500003 ], [ 7.4949326782, 58.004428654500003 ] ] ] ] } },
{ "type": "Feature", "properties": { "STATE": "HILLTON", "County": "Ardenfell" }, "geometry": { "type": "MultiPolygon", "coordinates": [ [ [ [ -13.4868818392, 50.306683641100001 ], [ -13.277537633877904, 50.294509604443348 ], [ -13.272856772020116, 50.291923291665896 ], [ -13.272589636623389, 50.291775691563423 ], [ -13.248951828849991, 50.278715112949328 ], [ -13.246487690405031, 50.277353604547834 ], [ -13.2599274197, 50.2731640302 ], [ -12.553367522034169, 49.893053556943968 ], [ -13.009315001527673, 49.696039213952957 ], [ -13.23737665876658, 49.597494053417627 ], [ -13.232494437688363, 49.685963440292163 ], [ -13.252677036701918, 49.71091533454068 ], [ -13.2543918595, 49.723195309499999 ], [ -13.2641283257, 49.734148834 ], [ -13.264554134500001, 49.735852069 ], [ -13.265642312400001, 49.735852069 ], [ -13.3370343285, 49.816168087199998 ], [ -13.3416339235, 49.825967224199999 ], [ -13.337233042699999, 49.826700704300002 ], [ -13.3684361127, 49.883067540399999 ], [ -13.600329519244692, 50.301971758672877 ], [ -13.4868818392, 50.306683641100001 ] ] ] ] } },
{ "type": "Feature", "properties": { "STATE": "HARMINGTON", "County": "Brundarok" }, "geometry": { "type": "MultiPolygon", "coordinates": [ [ [ [ -13.578976793089231, 59.163954061102487 ], [ -13.575217910366188, 59.164246169361668 ], [ -13.574832689712741, 59.154914668221863 ], [ -13.578976793089231, 59.163954061102487 ] ] ], [ [ [ -13.599082388936445, 59.742334096337856 ], [ -11.595191435741619, 59.790296399743923 ], [ -11.574566267066837, 59.468122109693397 ], [ -11.571828055499999, 59.311250075099998 ], [ -12.489831813983207, 59.233013293896597 ], [ -13.4994363893, 59.170135261900001 ], [ -13.575217910366188, 59.164246169361668 ], [ -13.585300457350739, 59.40848358975115 ], [ -13.599082388936445, 59.742334096337856 ] ] ] ] } },
{ "type": "Feature", "properties": { "STATE": "WESTVALE", "County": "Elarion" }, "geometry": { "type": "MultiPolygon", "coordinates": [ [ [ [ -3.9825167152, 49.0617845449 ], [ -4.021115150939732, 49.052816325383382 ], [ -4.049588659609752, 49.07301062638993 ], [ -3.661050325992939, 49.249947215206753 ], [ -3.4517257921, 49.348011947 ], [ -3.428515757106198, 49.357983296483688 ], [ -2.830281247541851, 49.616489168940106 ], [ -2.8158638099, 49.622719154400002 ], [ -2.676291723563183, 49.69133508317443 ], [ -2.2244586625, 49.893169827 ], [ -2.224965587943933, 49.894491577635364 ], [ -2.222108799005291, 49.894311838921162 ], [ -2.200547102455498, 49.90397017793088 ], [ -2.166259177507221, 49.91730437096632 ], [ -2.111610288477658, 49.943186346279667 ], [ -2.004433849442837, 49.880616527020869 ], [ -1.0193670677, 49.818639727 ], [ -1.211053945066606, 48.625189500009725 ], [ -1.419815940373378, 48.649464150622698 ], [ -1.543488974382289, 48.669190658714619 ], [ -2.974807547543546, 48.879116059535193 ], [ -2.974807547544541, 48.879116059535342 ], [ -3.844043905762027, 49.036141432045703 ], [ -3.9825167152, 49.0617845449 ] ] ] ] } },
{ "type": "Feature", "properties": { "STATE": "DENBURG", "County": "Calvorn" }, "geometry": { "type": "MultiPolygon", "coordinates": [ [ [ [ -20.462100588484176, 44.08075519393114 ], [ -20.777770655437084, 44.013921930634709 ], [ -21.339474805399998, 43.894998645599998 ], [ -21.3521770553, 43.880691769800002 ], [ -21.360469194512305, 43.878423034496663 ], [ -21.360783233665973, 43.878337113156427 ], [ -21.344549132470885, 44.040678124962213 ], [ -21.3137115882, 44.326829366699997 ], [ -21.249663634099999, 44.967308907800003 ], [ -21.249458652292834, 44.969358725789782 ], [ -21.227900500925905, 44.971318557708685 ], [ -21.220439566300001, 44.970075068600003 ], [ -21.220517715337451, 44.971989720026848 ], [ -21.217792684500001, 44.972237450100003 ], [ -21.218583260812633, 44.980702525014514 ], [ -21.211533898390929, 44.980558660475189 ], [ -20.175236227500001, 44.959409728399997 ], [ -20.195175533837471, 44.969559497539386 ], [ -20.239175032974838, 44.999416300501629 ], [ -20.238141812229497, 45.001604977130228 ], [ -20.234211086799998, 45.009931452300002 ], [ -19.943655544599999, 44.994559775799999 ], [ -19.795654633716605, 44.942108075504372 ], [ -19.737502102200001, 44.921498748600001 ], [ -19.4513327843, 44.971997061899998 ], [ -19.435674697251091, 44.976521897687654 ], [ -19.412064269799998, 44.9833447814 ], [ -19.394117132832946, 44.9833447814 ], [ -19.3831851648, 44.9833447814 ], [ -19.200458512699999, 44.9833447814 ], [ -19.193748981399999, 44.9497971248 ], [ -19.186946551683494, 44.915784976241902 ], [ -19.115052116200001, 44.538751688700003 ], [ -19.103452325656406, 44.49831384609157 ], [ -19.103231469299999, 44.4972095643 ], [ -19.773656127599999, 44.137469503799998 ], [ -19.851060679796774, 44.096275715864287 ], [ -19.9588294512, 44.186083025499997 ], [ -20.060695054100002, 44.163756318 ], [ -20.064194451100001, 44.164999373 ], [ -20.350419761721035, 44.104400115897519 ], [ -20.462100588484176, 44.08075519393114 ] ] ] ] } },
{ "type": "Feature", "properties": { "STATE": "PORTLAND", "County": "Banbas" }, "geometry": { "type": "MultiPolygon", "coordinates": [ [ [ [ 3.9324546528, 57.310970618600003 ], [ 3.8927971805, 57.390285563200003 ], [ 3.8794117735, 57.417056377100003 ], [ 3.8724280829, 57.418802299699998 ], [ 3.7379640955, 57.452418296600001 ], [ 3.6849212162, 57.4347373369 ], [ 3.4766032662, 57.476400926899998 ], [ 3.4197068199, 57.487780216099999 ], [ 3.4373877797, 57.646908853900001 ], [ 3.3666639407, 57.876761330699999 ], [ 3.3831439296, 57.880230802100002 ], [ 3.4786433524, 57.9003359437 ], [ 3.599793526186451, 57.925841243436381 ], [ 3.6354145289, 57.933340401899997 ], [ 3.6582329751, 57.938144285299998 ], [ 3.8237602281, 57.972992128100003 ], [ 4.0189076573, 58.014075797399997 ], [ 4.019877176, 58.014279906600002 ], [ 4.0208594516, 57.9828470892 ], [ 4.0208594516, 57.906229597 ], [ 3.9854975321, 57.682270773399999 ], [ 4.1446261698, 57.664589813699997 ], [ 4.2860738479, 57.699951733200002 ], [ 4.4805644052, 57.699951733200002 ], [ 4.304410785255758, 57.206721597526659 ], [ 4.3037548076, 57.204884860100002 ], [ 4.1269452101, 57.2402467796 ], [ 3.9324546528, 57.310970618600003 ] ] ] ] } },
{ "type": "Feature", "properties": { "STATE": "AQUALAND", "County": "Silvergate" }, "geometry": { "type": "MultiPolygon", "coordinates": [ ] } },
{ "type": "Feature", "properties": { "STATE": "AQUALAND", "County": "Anders bay" }, "geometry": { "type": "MultiPolygon", "coordinates": [ [ [ [ -11.452917562977312, 44.10735957167347 ], [ -11.712689556937747, 44.316724602380326 ], [ -11.147846052137746, 44.678224445380323 ], [ -11.132506321937745, 44.695098148680323 ], [ -11.015017376563158, 44.770079738419582 ], [ -10.829176289182504, 45.124686584274457 ], [ -10.787973741349026, 45.205620160385457 ], [ -10.786319563399999, 45.208869438500003 ], [ -10.689050177698343, 45.488758057591404 ], [ -10.68775918792489, 45.492472827067395 ], [ -10.687700278199841, 45.492640493207858 ], [ -10.687459742038328, 45.494564465826507 ], [ -10.66492301527239, 45.518742998841198 ], [ -10.664973704450075, 45.518780198613854 ], [ -10.585593153, 45.479078067800003 ], [ -10.5083906875, 45.479078067800003 ], [ -10.386497780699999, 45.504739732399997 ], [ -10.358758802897325, 45.508815394327613 ], [ -10.222663301883022, 45.509959054 ], [ -10.170844127304317, 45.509959054 ], [ -10.16987664392594, 45.500284219697967 ], [ -10.15593837852437, 45.494402236117473 ], [ -10.155480057409063, 45.488664547351718 ], [ -10.138077401103953, 45.270801956601936 ], [ -10.139295446005905, 45.270580493892489 ], [ -10.1439738263, 45.270419170399997 ], [ -10.143906128067218, 45.269742188063162 ], [ -10.144311851256637, 45.269668420210543 ], [ -10.143659588143905, 45.26727678879719 ], [ -10.201055004635514, 45.262523450737426 ], [ -10.20100288240973, 45.262002228472653 ], [ -10.41237059018307, 45.261514722583421 ], [ -10.431067026628185, 45.238823255472049 ], [ -10.437131098331449, 45.227864672040603 ], [ -10.64289093410523, 44.867205775219652 ], [ -10.708652022800001, 44.737190278699998 ], [ -10.8866827685, 44.529487742 ], [ -11.172120753923748, 44.314431725616764 ], [ -11.449131569781814, 44.105724946576586 ], [ -11.4502607668, 44.104874181699998 ], [ -11.452408191502906, 44.106883062874616 ], [ -11.452917562977312, 44.10735957167347 ] ] ] ] } },
{ "type": "Feature", "properties": { "STATE": "DENBURG", "County": "Tarlon" }, "geometry": { "type": "MultiPolygon", "coordinates": [ [ [ [ -17.647985718027087, 44.282543553321297 ], [ -17.817982552699998, 43.956442008700002 ], [ -17.819834496399999, 43.952738121300001 ], [ -17.819834496399999, 43.603943928116621 ], [ -17.819834496399999, 43.602720765 ], [ -17.819804663154645, 43.602094266904672 ], [ -17.819638669425185, 43.598608398903757 ], [ -17.819521052, 43.596138433199997 ], [ -17.839448513699999, 43.593647500499998 ], [ -17.839448513699999, 42.778700496100001 ], [ -19.624191526332961, 42.555607619545562 ], [ -19.647702912300002, 42.552668696300003 ], [ -19.6865937297, 42.708231965700001 ], [ -19.633586135073685, 43.004683774672394 ], [ -19.730865057761878, 43.223903882138742 ], [ -19.73210487687631, 43.227840729200885 ], [ -19.735985818910798, 43.240164039165208 ], [ -19.730774179835635, 43.238009983507816 ], [ -19.697341799615906, 43.224191834032432 ], [ -19.695823605306856, 43.223564339496974 ], [ -19.719129217296622, 43.316612864978502 ], [ -19.754997685334548, 43.459819061995596 ], [ -19.644459694152612, 43.57006851428455 ], [ -19.619834192393508, 43.594629735745627 ], [ -19.62302054023818, 43.603342405633406 ], [ -19.657933797882048, 43.698808344503348 ], [ -19.673667044160005, 43.74182893979463 ], [ -19.814793493950805, 44.076961246154646 ], [ -19.857224344274972, 44.092628021658953 ], [ -19.857631995800066, 44.092778539145144 ], [ -19.851060679796774, 44.096275715864287 ], [ -19.773656127599999, 44.137469503799998 ], [ -19.103231469299999, 44.4972095643 ], [ -19.103227430108664, 44.497087075190784 ], [ -19.101872888526177, 44.49663556132996 ], [ -19.101605722062153, 44.495976584540372 ], [ -19.0787069012, 44.408033135899998 ], [ -19.005796184400001, 44.454904311 ], [ -18.982454604180674, 44.465529453477089 ], [ -18.977773011497803, 44.455639597236711 ], [ -18.643265729163261, 44.686398501369055 ], [ -18.576082430491748, 44.715102791381739 ], [ -18.448023038684148, 44.776583832966885 ], [ -18.350235067619998, 44.602080615937695 ], [ -18.358226123929132, 44.591358141207401 ], [ -18.046596412793253, 44.518769694436799 ], [ -17.935523573984785, 44.541297143434569 ], [ -17.900480875543803, 44.525027319158404 ], [ -17.469336802936144, 44.624633454987574 ], [ -17.47248294866295, 44.61860898693098 ], [ -17.647985718027087, 44.282543553321297 ] ] ] ] } },
{ "type": "Feature", "properties": { "STATE": "FLORENTIA", "County": "Asterleigh" }, "geometry": { "type": "MultiPolygon", "coordinates": [ [ [ [ -13.154103499284673, 54.949644781254193 ], [ -13.153063992609297, 54.949673896464326 ], [ -13.152226493362289, 54.941973471417725 ], [ -13.153046359336619, 54.93990482208558 ], [ -13.170599582862744, 54.89561530982229 ], [ -13.180761128610579, 54.869976149907139 ], [ -13.189399402056843, 54.852082583482741 ], [ -13.189009798868845, 54.849163472280402 ], [ -13.4114646198, 54.3094899062 ], [ -13.445364153411713, 54.308898187638995 ], [ -13.666312888716202, 54.305041513113373 ], [ -13.66631288872081, 54.305041513162109 ], [ -13.6578881526, 54.305188567499997 ], [ -13.723163321299999, 54.906601350199999 ], [ -13.6962608553, 54.934459669200002 ], [ -13.154103499284673, 54.949644781254193 ] ] ] ] } },
{ "type": "Feature", "properties": { "STATE": "MARCENNE", "County": "Croixval" }, "geometry": { "type": "MultiPolygon", "coordinates": [ [ [ [ -4.933191511523118, 54.440967570760399 ], [ -4.936639266109986, 54.429989244019289 ], [ -4.941045879, 54.415957724400002 ], [ -4.897612512956672, 54.406729942505933 ], [ -4.923715415141022, 54.385792845157717 ], [ -4.9499157498, 54.387714316199997 ], [ -5.660504717520585, 53.794815288712051 ], [ -5.660748945967418, 53.794977129023771 ], [ -6.673318547200001, 54.439320772200006 ], [ -6.693917594260043, 54.43219693647962 ], [ -6.551162521267809, 54.755167224235009 ], [ -6.4211038055, 55.255623602699998 ], [ -4.933191511523118, 54.440967570760399 ] ] ] ] } },
{ "type": "Feature", "properties": { "STATE": "NEW ZALES", "County": "Pinehurst" }, "geometry": { "type": "MultiPolygon", "coordinates": [ [ [ [ -0.063539465, 59.483460433700003 ], [ 0.028224623247154, 59.558237189566306 ], [ 0.031034058147154, 59.555115595266308 ], [ 0.032241148547154, 59.551970807066304 ], [ 0.002029400554974, 59.408531949669296 ], [ 0.328855800808259, 58.764407764808411 ], [ 0.330384915969641, 58.760347700414151 ], [ 0.334499826847155, 58.749421902566304 ], [ 0.351216067165757, 58.684240962884594 ], [ 0.391579107142381, 58.526855042130691 ], [ 0.410372427968222, 58.472151527849995 ], [ 0.405103232959183, 58.472921810420267 ], [ 0.405472510555788, 58.47130865039108 ], [ 0.4040115024, 58.475065528499997 ], [ -0.1462025571, 58.379836172099999 ], [ -0.6951818763, 58.452342874599999 ], [ -0.694898263752431, 58.44955401788593 ], [ -0.702302638909733, 58.450529786920598 ], [ -0.696032663522971, 58.460708949304369 ], [ -0.6955240492, 58.4557075751 ], [ -0.6808757148, 58.485315910700002 ], [ -0.221965349603861, 59.411194089071955 ], [ -0.208171784617776, 59.439663081656384 ], [ -0.193840815158148, 59.468596033738223 ], [ -0.193625867158789, 59.469006389009728 ], [ -0.193497141267913, 59.469252138437767 ], [ -0.063539465, 59.483460433700003 ] ] ] ] } },
{ "type": "Feature", "properties": { "STATE": "PORTLAND", "County": "West Bahia" }, "geometry": { "type": "MultiPolygon", "coordinates": [ [ [ [ 5.0909828176, 56.401513796499998 ], [ 4.944774752, 56.425368796699999 ], [ 4.6525067343, 56.4730546312 ], [ 3.5029883539, 56.660607630100003 ], [ 3.4528411603, 57.4796784587 ], [ 3.4766032662, 57.476400926899998 ], [ 3.6849212162, 57.4347373369 ], [ 3.7379640955, 57.452418296600001 ], [ 3.8724280829, 57.418802299699998 ], [ 3.8927971805, 57.390285563200003 ], [ 3.9324546528, 57.310970618600003 ], [ 4.1269452101, 57.2402467796 ], [ 4.3037548076, 57.204884860100002 ], [ 4.304410785255758, 57.206721597526659 ], [ 4.607859233971048, 57.034867243505943 ], [ 4.60877156595217, 57.035511703614937 ], [ 4.612162023971048, 57.033604493505948 ], [ 5.0741386703, 56.746395301600003 ], [ 5.0821428194, 56.740970267300007 ], [ 5.09045335, 56.422163031300002 ], [ 5.0856728658, 56.423437827100003 ], [ 5.0858990265, 56.417105327599998 ], [ 5.0905586516, 56.418056271499999 ], [ 5.0909828176, 56.401513796499998 ] ] ] ] } },
{ "type": "Feature", "properties": { "STATE": "FRELANDIA", "County": "Orlester" }, "geometry": { "type": "MultiPolygon", "coordinates": [ [ [ [ -4.2270978067, 41.138042190699998 ], [ -4.7844667267, 41.524377177 ], [ -3.1872791942, 41.890359515699998 ], [ -3.3530167641, 41.423781993399999 ], [ -4.2270978067, 41.138042190699998 ] ] ] ] } },
{ "type": "Feature", "properties": { "STATE": "ALVAJEA", "County": "Frostmarsh" }, "geometry": { "type": "MultiPolygon", "coordinates": [ [ [ [ 4.7235470483, 52.207383395900003 ], [ 4.507129254, 52.432124951500001 ], [ 4.507129254, 52.448772474199998 ], [ 4.4322154021, 52.581952655199999 ], [ 4.4240479556, 52.5815814077 ], [ 4.4238916408, 52.581952655199999 ], [ 4.4212827007, 52.581455714299999 ], [ 4.2490926531, 52.5736288939 ], [ 3.9660847683, 52.781722926900002 ], [ 3.7912857806, 53.039759527699999 ], [ 4.5737193445, 53.222882276699998 ], [ 5.0398499783, 52.473743758099999 ], [ 5.0648212623, 52.0825269762 ], [ 4.7235470483, 52.207383395900003 ] ] ] ] } },
{ "type": "Feature", "properties": { "STATE": "UGHAMPTON", "County": "Izhtïnell" }, "geometry": { "type": "MultiPolygon", "coordinates": [ [ [ [ 2.0941340714, 53.296163701799998 ], [ 2.094054286573638, 53.289240706963525 ], [ 2.094113252831459, 53.304241659102587 ], [ 2.1005859928, 53.304608725400001 ], [ 2.072819084449482, 53.551681257681082 ], [ 2.078343003039787, 54.956960165590189 ], [ 2.079393291053707, 55.224152299048086 ], [ 2.083742265082098, 55.225927875154831 ], [ 2.0928808724, 55.229658937400004 ], [ 2.126452418279632, 55.22864712688191 ], [ 2.165304703558495, 55.227476160521348 ], [ 3.1170463677, 55.198791683800003 ], [ 3.086628540210141, 53.281987851532413 ], [ 2.0941340714, 53.296163701799998 ] ] ], [ [ [ 2.019580949269444, 55.199732432599788 ], [ 2.07985731802757, 55.342200258736753 ], [ 2.079393291053707, 55.224152299048086 ], [ 2.019580949269444, 55.199732432599788 ] ] ] ] } },
{ "type": "Feature", "properties": { "STATE": "ORLAY", "County": "Eldoria" }, "geometry": { "type": "MultiPolygon", "coordinates": [ [ [ [ -11.7636832553, 52.349227039699997 ], [ -11.764217755400001, 52.342919938100003 ], [ -11.741489015624316, 52.349118685311957 ], [ -11.836610698881694, 51.739872162591041 ], [ -11.797249767734149, 51.012518449459449 ], [ -11.992825550302296, 50.98473172624368 ], [ -12.000883150841297, 50.983586930538301 ], [ -12.010854083376248, 50.983977075183788 ], [ -12.580911233112575, 51.006282385525822 ], [ -12.505351119181698, 51.772761035720549 ], [ -12.48526989305264, 52.564269415186196 ], [ -12.445575178089626, 52.552439864369568 ], [ -11.7636832553, 52.349227039699997 ] ] ], [ [ [ -11.7636832553, 52.349227039699997 ], [ -11.763428896100001, 52.352228478199997 ], [ -11.757495760799999, 52.347383084400001 ], [ -11.7636832553, 52.349227039699997 ] ] ], [ [ [ -11.763162048880087, 52.355377275396854 ], [ -11.763428896100001, 52.352228478199997 ], [ -11.7678280485, 52.355821119300003 ], [ -11.767743225296051, 52.356700196141531 ], [ -11.763162048880087, 52.355377275396854 ] ] ] ] } },
{ "type": "Feature", "properties": { "STATE": "AQUALAND", "County": "Eisenreach" }, "geometry": { "type": "MultiPolygon", "coordinates": [ ] } },
{ "type": "Feature", "properties": { "STATE": "NEW ZALES", "County": "Brixthorn" }, "geometry": { "type": "MultiPolygon", "coordinates": [ [ [ [ -19.334091245300002, 57.038537257100003 ], [ -19.334091245300002, 57.8463263955 ], [ -19.331027368400001, 57.847693355899999 ], [ -19.331210941799998, 57.843471169 ], [ -18.7979096822, 58.080493951 ], [ -18.7977538391, 58.080675767899997 ], [ -18.783213515300002, 57.626290649399998 ], [ -18.783213515300002, 57.332081081200002 ], [ -18.773802878600002, 57.332208251899999 ], [ -18.764913893599999, 57.054427471399997 ], [ -19.259549172, 57.040090217 ], [ -19.334091245300002, 57.038537257100003 ] ] ] ] } },
{ "type": "Feature", "properties": { "STATE": "DENBURG", "County": "Obsidian Bay" }, "geometry": { "type": "MultiPolygon", "coordinates": [ [ [ [ -20.0054322109, 46.832006290099997 ], [ -19.881095630499999, 46.718973035099999 ], [ -19.774244602500001, 46.683356025800002 ], [ -19.6139680605, 46.558696493100001 ], [ -19.622872312799998, 46.487462474499999 ], [ -19.524925537200001, 46.371707194199999 ], [ -19.5516382942, 46.291568923200003 ], [ -19.863287125799999, 46.407324203500004 ], [ -19.970138153800001, 46.514175231499998 ], [ -20.219457219100001, 46.540887988500003 ], [ -20.388638013400001, 46.763494296799998 ], [ -20.361925256399999, 47.297749436700002 ], [ -20.183840209700001, 47.244323922699998 ], [ -20.076989181799998, 47.217611165699999 ], [ -20.0502764248, 47.155281399400003 ], [ -19.8989041351, 47.030621866700002 ], [ -19.703010583800001, 47.101855885399999 ], [ -19.5961595558, 46.914866586400002 ], [ -19.5338297895, 46.816919810800002 ], [ -19.462595770899998, 46.718973035099999 ], [ -19.257797967199998, 46.576504997800001 ], [ -19.1687554439, 46.523079483799997 ], [ -20.0054322109, 46.832006290099997 ] ] ] ] } },
{ "type": "Feature", "properties": { "STATE": "AUSTINAS", "County": "Halvernia" }, "geometry": { "type": "MultiPolygon", "coordinates": [ [ [ [ -0.770638065182379, 50.7138981999747 ], [ -0.6011816085, 50.658532595799997 ], [ -2.103287476255862, 49.947128069968606 ], [ -2.111610288477658, 49.943186346279667 ], [ -2.166259177507221, 49.91730437096632 ], [ -2.200547102455498, 49.90397017793088 ], [ -2.222108799005291, 49.894311838921162 ], [ -2.35423538810732, 50.231547928907929 ], [ -2.556675816445251, 50.741289529316717 ], [ -2.5536252527, 50.743677741500001 ], [ -1.9863495203, 51.154609714700001 ], [ -1.882896686959453, 51.176855920344963 ], [ -1.888138592457895, 51.118960044778746 ], [ -0.786648600778175, 50.71912923686628 ], [ -0.770638065182379, 50.7138981999747 ] ] ] ] } },
{ "type": "Feature", "properties": { "STATE": "ORLAY", "County": "Ardale" }, "geometry": { "type": "MultiPolygon", "coordinates": [ [ [ [ -9.323019954738648, 53.34991383999818 ], [ -9.24279922299627, 53.377551646011952 ], [ -9.173242569162518, 53.398116088414618 ], [ -9.168261425814546, 53.237825373717868 ], [ -9.182862459200001, 52.666356494399999 ], [ -9.3421247058, 52.588715474200001 ], [ -9.33890694847951, 52.585165029978612 ], [ -9.433295192706007, 52.527677705243299 ], [ -9.468321744400001, 52.5026856466 ], [ -9.738619495996158, 52.346285511715571 ], [ -9.752773824199704, 52.338095510773421 ], [ -9.758946218, 52.33452403 ], [ -10.184175874399999, 52.4032097009 ], [ -10.1884616007, 52.427003815399999 ], [ -9.948386241323165, 53.168944664527018 ], [ -9.8453322699, 53.1840485504 ], [ -9.845357489670505, 53.186084071480309 ], [ -9.521888003927389, 53.29503897692345 ], [ -9.323425231817401, 53.353714545990982 ], [ -9.323019954738648, 53.34991383999818 ] ] ] ] } },
{ "type": "Feature", "properties": { "STATE": "NOVA", "County": "Chylesten" }, "geometry": { "type": "MultiPolygon", "coordinates": [ ] } },
{ "type": "Feature", "properties": { "STATE": "HAMPTON", "County": "Talewin" }, "geometry": { "type": "MultiPolygon", "coordinates": [ [ [ [ -4.111344788658058, 46.838086512620968 ], [ -4.2692691767, 46.762853817 ], [ -4.3466850914, 46.711243207199999 ], [ -4.4625568475, 46.744349423199999 ], [ -4.6446410357, 46.645030775099997 ], [ -4.9922563039, 46.976092935399997 ], [ -4.8598314398, 47.1085177995 ], [ -4.8709864512, 47.420858117199998 ], [ -4.860727884306134, 47.563162508739929 ], [ -4.859358236399999, 47.582161937600006 ], [ -4.689681647006991, 47.847262536590101 ], [ -4.662152253143542, 47.960300857854719 ], [ -4.661784683416384, 47.960967077985174 ], [ -4.336547246011467, 48.531252583284669 ], [ -4.335591892731467, 48.517877637373964 ], [ -4.3261055517, 48.243971532899998 ], [ -4.3301319834, 48.151363604300002 ], [ -4.3189934435, 48.144402016800001 ], [ -4.0652822552, 47.985832524099997 ], [ -4.0487291472, 47.985832524099997 ], [ -3.823185001528357, 47.906492658827531 ], [ -3.786463146595162, 47.890624301467803 ], [ -3.762575528767935, 47.880301912883546 ], [ -3.6514545549, 47.820301444 ], [ -3.0224364505, 47.406473743699998 ], [ -3.0326947146, 47.402199467 ], [ -3.5928820189, 47.168788090200003 ], [ -3.6183483389, 47.158177123500003 ], [ -3.9163042831, 46.926433611299998 ], [ -3.9805163613, 46.903500726300003 ], [ -4.111344788658058, 46.838086512620968 ] ] ] ] } },
{ "type": "Feature", "properties": { "STATE": "DENBURG", "County": "New Quails" }, "geometry": { "type": "MultiPolygon", "coordinates": [ [ [ [ -22.049607593217523, 43.404190448839849 ], [ -21.860710083664056, 43.204058538370511 ], [ -21.828363957200001, 43.103640535099998 ], [ -21.81015537717489, 43.023757883520325 ], [ -21.809698486994392, 43.023037623041034 ], [ -21.803879567100001, 43.013864438299997 ], [ -22.0664286823, 42.974482071099999 ], [ -22.165718959048171, 42.966207881312869 ], [ -22.180320183500001, 42.964991112600003 ], [ -22.580975812408898, 43.776845939807735 ], [ -22.585603110699999, 43.786222307400003 ], [ -22.54294175, 43.7328956064 ], [ -22.049607593217523, 43.404190448839849 ] ] ] ] } },
{ "type": "Feature", "properties": { "STATE": "WEST VILLE", "County": "Montévare" }, "geometry": { "type": "MultiPolygon", "coordinates": [ [ [ [ -5.799309242792844, 57.519997090416759 ], [ -5.799059152905404, 57.531497730636993 ], [ -5.773653712622106, 57.542790914397386 ], [ -5.016647479812098, 57.392423631027683 ], [ -4.70974060082823, 57.331461446517032 ], [ -4.677983420163449, 57.325153386190607 ], [ -4.595223495218139, 57.292967694701098 ], [ -4.589745004330811, 57.292184732592744 ], [ -4.589773144174511, 57.290348293901147 ], [ -4.6291835648, 57.295166068100002 ], [ -4.6275329927, 56.050070962600003 ], [ -5.388372117257487, 55.745317845012202 ], [ -5.388372117257488, 55.745317845012202 ], [ -5.3883721172575, 55.745317845012195 ], [ -5.393395434529932, 55.742655739801037 ], [ -5.801724553641397, 55.52626186760444 ], [ -5.84308977, 55.506704601 ], [ -5.799309242792844, 57.519997090416759 ] ] ] ] } },
{ "type": "Feature", "properties": { "STATE": "AQUALAND", "County": "Thornwick" }, "geometry": { "type": "MultiPolygon", "coordinates": [ [ [ [ -11.963935940163767, 44.932452289929678 ], [ -11.964847759675754, 44.960598663700438 ], [ -11.9639358213, 45.048631576200002 ], [ -11.96322483909602, 45.085885934439887 ], [ -11.962317666983862, 45.134334949719928 ], [ -12.551662124938613, 46.397306287101706 ], [ -12.547398576053755, 46.400785007664773 ], [ -11.483199517812757, 46.204025255974372 ], [ -11.322761194981132, 46.175864102042468 ], [ -11.319438584805839, 46.173690121605837 ], [ -11.3196568382, 46.164928662199998 ], [ -11.3080205267, 46.0233535391 ], [ -11.27209588789705, 45.586270434196088 ], [ -11.270878871600001, 45.571463402600003 ], [ -11.2668380891, 45.522300548099999 ], [ -11.5796383535, 44.860951417499997 ], [ -11.749511242300001, 44.860951417499997 ], [ -11.775283803759462, 44.854720571615275 ], [ -11.772212666, 44.8641432569 ], [ -11.767318512199999, 44.8788257183 ], [ -11.821072407370378, 44.874775452855594 ], [ -11.910312918900001, 44.869888567899999 ], [ -11.913388677051827, 44.873375992863096 ], [ -11.963935940163767, 44.932452289929678 ] ] ] ] } },
{ "type": "Feature", "properties": { "STATE": "NEW ZALES", "County": "Redcliff" }, "geometry": { "type": "MultiPolygon", "coordinates": [ [ [ [ 0.6258961598, 59.762715188100003 ], [ 0.04443702505372, 59.619859238177241 ], [ -0.0901521796, 60.021278459500003 ], [ 0.2479798104, 60.025613518100002 ], [ 0.6258961598, 59.762715188100003 ] ] ] ] } },
{ "type": "Feature", "properties": { "STATE": "HILLTON", "County": "Arlenshire" }, "geometry": { "type": "MultiPolygon", "coordinates": [ [ [ [ -13.268548819981806, 50.893657087571725 ], [ -13.280840056509465, 50.592229534688578 ], [ -13.2647221681, 50.291362284500003 ], [ -13.272593190535035, 50.291905113632474 ], [ -13.272856772020116, 50.291923291665896 ], [ -13.277537633877904, 50.294509604443348 ], [ -13.4868818392, 50.306683641100001 ], [ -13.600329519244692, 50.301971758672877 ], [ -13.676832210800557, 50.437548521107871 ], [ -13.869076354491231, 50.858971345280608 ], [ -13.85813066248777, 50.874106254351787 ], [ -13.858056382181806, 50.874208963771729 ], [ -13.858348702888065, 50.874631284885815 ], [ -13.277355112581807, 50.893373013671727 ], [ -13.268548819981806, 50.893657087571725 ] ] ] ] } },
{ "type": "Feature", "properties": { "STATE": "PORTLAND", "County": "Pentagon" }, "geometry": { "type": "MultiPolygon", "coordinates": [ [ [ [ 5.2784747333, 58.339466679 ], [ 5.0474163524, 58.431890031400002 ], [ 5.0296858739, 58.4389822228 ], [ 5.0232884461, 58.459596156899998 ], [ 5.0296858739, 58.463861108700002 ], [ 5.0024818584, 58.526639606 ], [ 4.8147101872, 59.1316816577 ], [ 4.8057759004, 59.160469915100002 ], [ 5.1773419537, 59.061385634300002 ], [ 5.1789591896, 59.060954371400001 ], [ 5.1793634985, 59.061385634300002 ], [ 5.5024720352, 59.406034740099997 ], [ 5.5060600709, 59.521090587899998 ], [ 5.9048302539, 59.413236702900001 ], [ 6.0282839888, 58.955119207 ], [ 5.9154545741, 58.819723909399997 ], [ 5.8703228082, 58.616630962899997 ], [ 5.5318345641, 58.323274484700001 ], [ 5.4208010332, 58.314587793100003 ], [ 5.3282325052, 58.314587793100003 ], [ 5.2784747333, 58.339466679 ] ] ] ] } },
{ "type": "Feature", "properties": { "STATE": "HARMINGTON", "County": "Zhalmrek" }, "geometry": { "type": "MultiPolygon", "coordinates": [ [ [ [ -14.566635567807833, 59.163142184866743 ], [ -14.5662802429, 59.154079871599997 ], [ -15.030802646074937, 59.110180886102405 ], [ -16.20829614413001, 59.173655199907451 ], [ -16.21431771768642, 59.173979800637859 ], [ -16.212102766306288, 59.182556212985517 ], [ -16.164573893051635, 59.185377282103389 ], [ -16.069951493199014, 59.732973682573324 ], [ -16.032552428799999, 59.8777848963 ], [ -14.593290727499999, 59.8429633907 ], [ -14.566635567807833, 59.163142184866743 ] ] ] ] } },
{ "type": "Feature", "properties": { "STATE": "WEST VILLE", "County": "Fontanère" }, "geometry": { "type": "MultiPolygon", "coordinates": [ [ [ [ -6.541961339588678, 57.581177796298604 ], [ -6.427052377143015, 57.573328227706497 ], [ -5.799309242792844, 57.519997090416759 ], [ -5.84308977, 55.506704601 ], [ -5.801724553641397, 55.52626186760444 ], [ -5.802391826433213, 55.496114356508883 ], [ -5.8025862791, 55.487328948200002 ], [ -6.4211038055, 55.255623602699998 ], [ -6.541961339588678, 57.581177796298604 ] ] ] ] } },
{ "type": "Feature", "properties": { "STATE": "AURELIA", "County": "New Brückenford" }, "geometry": { "type": "MultiPolygon", "coordinates": [ [ [ [ -19.145185795400817, 52.963562346220343 ], [ -19.144895747737817, 52.964573896819488 ], [ -19.145018962526038, 52.963495767422579 ], [ -19.145185795400817, 52.963562346220343 ] ] ], [ [ [ -18.28070696160826, 52.684840421271282 ], [ -18.2845165407, 52.686162112 ], [ -18.316722060061259, 52.644755015657374 ], [ -18.324533543033066, 52.63606070474831 ], [ -18.710446515243877, 52.790068850707499 ], [ -18.877137008399998, 52.859971315599999 ], [ -19.142687628699999, 52.966191563700001 ], [ -19.139630781299999, 52.9828343995 ], [ -19.139657183360185, 52.982843559398482 ], [ -18.897784924281048, 53.909782338835939 ], [ -18.39131003658299, 53.971596814003092 ], [ -18.3362524705, 53.9326489583 ], [ -18.336475276200002, 53.934765612699998 ], [ -18.323585275500001, 53.937304552199997 ], [ -18.301606892600002, 53.916777084079825 ], [ -18.301634859829385, 53.917065206309175 ], [ -18.304091475931585, 53.942373602016879 ], [ -18.111366399309496, 53.953037290012375 ], [ -17.887199930495697, 54.011328183673413 ], [ -17.885318942857221, 54.016561538042779 ], [ -17.883556266599999, 54.018324214300002 ], [ -17.870856747544007, 54.020191790627301 ], [ -17.87295118804731, 54.015118742661215 ], [ -17.873388279212346, 54.015051893424641 ], [ -17.8739225508, 54.014970181300001 ], [ -17.874956993492628, 54.011866853220788 ], [ -17.87773707431662, 54.003526610745261 ], [ -17.881922560785245, 53.99338873689149 ], [ -18.064311805911572, 53.551614722512234 ], [ -17.952220374900001, 53.780076708899998 ], [ -18.080485147499999, 53.514996179 ], [ -17.980243066204931, 53.297805002886001 ], [ -17.89923062094644, 53.09932233404124 ], [ -17.887580922385155, 53.097037024633217 ], [ -17.882472204599999, 53.0859681361 ], [ -17.903451400600002, 53.0901151865 ], [ -18.0000152625, 52.988723131500002 ], [ -18.072973621919253, 52.916051095089983 ], [ -18.28070696160826, 52.684840421271282 ] ] ] ] } },
{ "type": "Feature", "properties": { "STATE": "AQUALAND", "County": "Hychia" }, "geometry": { "type": "MultiPolygon", "coordinates": [ [ [ [ -10.859860366993743, 47.036819418523528 ], [ -10.885475793259392, 47.185388890851655 ], [ -10.899365440368415, 47.269735332189157 ], [ -10.931534042808515, 47.350624788737989 ], [ -10.925413543261758, 47.351084667587706 ], [ -10.924366991899999, 47.350971526899997 ], [ -10.922218148114156, 47.351324761494041 ], [ -10.898682179200728, 47.353093194646959 ], [ -10.898882617093429, 47.355160739186388 ], [ -10.8979703792, 47.355310696099998 ], [ -10.9000482152, 47.367184044600002 ], [ -10.3284995498, 47.470380331400001 ], [ -10.30752670509656, 47.570115421051831 ], [ -10.231563565980272, 47.977961745473124 ], [ -10.231635578438063, 47.978001101894911 ], [ -10.229200404394918, 47.979476768139932 ], [ -10.198047284699999, 47.973898714900002 ], [ -10.1294535196, 47.581389947600002 ], [ -10.0651035507, 47.213165125899998 ], [ -10.065815890167402, 47.208955847230733 ], [ -10.137568761388543, 46.784961608372285 ], [ -10.154754324571687, 46.686228178414268 ], [ -10.154753228539665, 46.686218229662998 ], [ -10.17636072655754, 46.683983319953029 ], [ -10.44367015, 46.655975428399998 ], [ -10.443543422056536, 46.651793406267892 ], [ -10.443555140849327, 46.651792010044623 ], [ -10.454077374477203, 46.814135043160427 ], [ -10.5212630932, 46.938581926600001 ], [ -10.527160306800001, 46.945658582900002 ], [ -10.5839041189, 46.945658582900002 ], [ -10.7280366764, 46.999708292 ], [ -10.859860366993743, 47.036819418523528 ] ] ] ] } },
{ "type": "Feature", "properties": { "STATE": "ORLAY", "County": "Orvayne" }, "geometry": { "type": "MultiPolygon", "coordinates": [ [ [ [ -13.278116697586755, 51.070991489987783 ], [ -12.584306541006288, 51.006537088912907 ], [ -12.580911233112575, 51.006282385525822 ], [ -12.141943919499999, 50.988360458800003 ], [ -12.010854083376248, 50.983977075183788 ], [ -11.388579019700002, 49.877211477 ], [ -11.377833606417216, 49.833743029883998 ], [ -11.377825897857328, 49.833729048256529 ], [ -11.377830028782983, 49.833728557271328 ], [ -11.8701543015456, 49.779084049222639 ], [ -11.8773218106, 49.795163281100002 ], [ -12.9006978242, 50.385146873399997 ], [ -13.223931817230541, 50.284384959538009 ], [ -13.248951828849991, 50.278715112949328 ], [ -13.272589636623389, 50.291775691563423 ], [ -13.272593190535035, 50.291905113632474 ], [ -13.2647221681, 50.291362284500003 ], [ -13.280840056509465, 50.592229534688578 ], [ -13.261314558203981, 50.893890450863935 ], [ -13.289809483506303, 50.918867311800845 ], [ -13.294017934799999, 51.072125616500003 ], [ -13.278116697586755, 51.070991489987783 ] ] ] ] } },
{ "type": "Feature", "properties": { "STATE": "UGHAMPTON", "County": "New Tassern" }, "geometry": { "type": "MultiPolygon", "coordinates": [ [ [ [ -0.71257198945796, 53.998819512449664 ], [ -1.155895449553147, 54.512037001553892 ], [ -1.158764647894285, 54.512152205572512 ], [ -1.142927895882743, 55.037610516825715 ], [ -1.141071271760163, 55.587389004676886 ], [ -1.1201750154, 55.585557509399997 ], [ -1.133385564161642, 56.170711130184749 ], [ -1.139090731273047, 56.173861269521169 ], [ -1.1389291835, 56.221698356899999 ], [ -1.089466751175581, 56.182923416136923 ], [ -1.0901223821, 56.176813770499997 ], [ -0.552449423989172, 55.71729644818074 ], [ -0.5150527007, 55.372741728900003 ], [ -0.506000783998159, 55.350379611041255 ], [ -0.4952691766, 55.265606247500003 ], [ -0.4016655094, 55.034365030099998 ], [ -0.352999527064279, 55.0390013815652 ], [ -0.090352439, 54.645702738399997 ], [ -0.094238176896827, 54.642588329106175 ], [ -0.100851054516736, 54.635307619475839 ], [ -0.66436199514208, 54.014887922026773 ], [ -0.6770026849518, 54.010674775269919 ], [ -0.71257198945796, 53.998819512449664 ] ] ] ] } },
{ "type": "Feature", "properties": { "STATE": "GUAVA", "County": "San Braviel" }, "geometry": { "type": "MultiPolygon", "coordinates": [ [ [ [ 5.7864128078, 55.826303859100001 ], [ 6.732367241301555, 56.077144207535923 ], [ 6.7366112845, 56.078269607700001 ], [ 6.742356828065702, 56.04794219922838 ], [ 6.9094563866, 55.165920070399999 ], [ 5.9880604786, 55.136760379899997 ], [ 5.7864128078, 55.826303859100001 ] ] ] ] } },
{ "type": "Feature", "properties": { "STATE": "UGHAMPTON", "County": "Elaranthal" }, "geometry": { "type": "MultiPolygon", "coordinates": [ [ [ [ 0.9826966121, 52.693951471299997 ], [ 2.087621584017983, 52.731069829018203 ], [ 2.0926807176, 52.731239783299998 ], [ 2.1033086245, 52.122367404400002 ], [ 0.99394969, 52.049263070099997 ], [ 0.4730544393, 52.129738146400001 ], [ 0.432028658729163, 52.427579828072275 ], [ 0.4115157685, 52.576500668500003 ], [ 0.429365169816989, 52.580171006078146 ], [ 0.940062459193677, 52.685184693594387 ], [ 0.9826966121, 52.693951471299997 ] ] ] ] } },
{ "type": "Feature", "properties": { "STATE": "NORTH ORLE", "County": "Bexleigh" }, "geometry": { "type": "MultiPolygon", "coordinates": [ [ [ [ -18.23385268694431, 55.405951650625269 ], [ -18.233863078651407, 55.409845222498525 ], [ -18.235391551414384, 55.982534435582856 ], [ -17.9698316916, 55.978455519400001 ], [ -17.6342574136, 55.973128943500001 ], [ -17.658796665317201, 55.418971356550998 ], [ -17.65880912625973, 55.418689957349294 ], [ -17.978318043792882, 55.411612228163435 ], [ -18.23385268694431, 55.405951650625269 ] ] ] ] } },
{ "type": "Feature", "properties": { "STATE": "AQUALAND", "County": "Azertinlich" }, "geometry": { "type": "MultiPolygon", "coordinates": [ [ [ [ -9.991893116588411, 45.063670029231538 ], [ -10.0010601999, 45.066596323500001 ], [ -10.106937866899999, 45.062184754 ], [ -10.21396701356619, 45.254374719290013 ], [ -10.20100288240973, 45.262002228472653 ], [ -10.201055004635514, 45.262523450737426 ], [ -10.143659588143905, 45.26727678879719 ], [ -10.143906128067218, 45.269742188063162 ], [ -10.1439738263, 45.270419170399997 ], [ -10.139295446005905, 45.270580493892489 ], [ -10.137818853100001, 45.270631410900002 ], [ -10.155480057409063, 45.488664547351718 ], [ -10.15593837852437, 45.494402236117473 ], [ -10.16987664392594, 45.500284219697967 ], [ -10.170844127304317, 45.509959054 ], [ -10.171370019725941, 45.515217978497965 ], [ -10.1609795927, 45.509959054 ], [ -10.1658813366, 45.627600906200001 ], [ -10.169077739499887, 45.695764583976491 ], [ -10.171335256176974, 45.697944724372618 ], [ -10.1614854427, 45.799040765599997 ], [ -10.157375722092649, 45.835125730655612 ], [ -10.009789755895833, 45.992890039348758 ], [ -10.043378286133729, 46.152690016541179 ], [ -10.04005060334042, 46.154097335499998 ], [ -10.0297354014, 46.158459764299998 ], [ -9.851258928429315, 46.180302198178452 ], [ -9.798546798044077, 45.925704234769206 ], [ -9.774787279524141, 45.924975177492826 ], [ -9.682807139756857, 45.023282044962507 ], [ -9.681130671864295, 45.006847414731944 ], [ -9.699505087, 44.854362943300004 ], [ -9.777443570699999, 44.795909080500003 ], [ -9.777945921900001, 44.796863547900003 ], [ -9.921651949699999, 45.069905000600002 ], [ -9.991893116588411, 45.063670029231538 ] ] ] ] } },
{ "type": "Feature", "properties": { "STATE": "NORTH ORLE", "County": "Fallowden" }, "geometry": { "type": "MultiPolygon", "coordinates": [ [ [ [ -17.887199930495697, 54.011328183673413 ], [ -17.8905155514, 54.015257102500001 ], [ -17.885318942857221, 54.016561538042779 ], [ -17.883556266599999, 54.018324214300002 ], [ -17.877304118316154, 54.019243647868954 ], [ -17.876923725846837, 54.014000345819674 ], [ -17.887199930495697, 54.011328183673413 ] ] ], [ [ [ -17.65880912625973, 55.418689957349294 ], [ -17.658796665317201, 55.418971356550998 ], [ -17.650333774100002, 55.4190412978 ], [ -17.375860670800002, 55.421309670600003 ], [ -17.3663786081, 55.421388034700001 ], [ -17.1574083406, 55.423115061700003 ], [ -17.142068335794026, 55.41548383353966 ], [ -17.135059992135563, 55.411997376386594 ], [ -17.0975902717, 54.133703353400001 ], [ -17.3987174522, 54.087648608099997 ], [ -17.42207908, 54.086188506399999 ], [ -17.492642759067706, 54.07581149477744 ], [ -17.829675400491944, 54.033336322718029 ], [ -17.83174139046746, 54.028319638513139 ], [ -17.875496715463818, 53.99419856612495 ], [ -17.881922560785245, 53.99338873689149 ], [ -17.87773707431662, 54.003526610745261 ], [ -17.874956993492628, 54.011866853220788 ], [ -17.873388279212346, 54.015051893424641 ], [ -17.87295118804731, 54.015118742661215 ], [ -17.870856747544007, 54.020191790627301 ], [ -17.877304118316154, 54.019243647868954 ], [ -17.978318043792882, 55.411612228163435 ], [ -17.65880912625973, 55.418689957349294 ] ] ] ] } },
{ "type": "Feature", "properties": { "STATE": "NEW ZALES", "County": "Elderglen" }, "geometry": { "type": "MultiPolygon", "coordinates": [ [ [ [ -0.79203484730034, 59.402516502303968 ], [ -0.7881108218, 59.376955926199997 ], [ -1.02378602544147, 59.268938124547617 ], [ -1.031025865415197, 59.27014476454324 ], [ -1.269639918204935, 59.277002385916688 ], [ -1.287825097999316, 59.277140152430277 ], [ -1.3524410724, 59.279224538699999 ], [ -1.352394692275883, 59.277392523629146 ], [ -1.362508496480964, 59.272300179421705 ], [ -1.362444726902707, 59.269805428600598 ], [ -1.4091898389, 59.276483301799999 ], [ -1.8038451339, 59.343500238700003 ], [ -1.909733583880673, 59.37693869654796 ], [ -1.9134491509, 59.378112033500003 ], [ -1.9209314124, 59.417661129899997 ], [ -1.937362558, 59.565541440499999 ], [ -1.946268469125618, 59.672412373837069 ], [ -1.9478187416, 59.691015643500002 ], [ -1.955606857413234, 59.759746602759662 ], [ -1.879300433307336, 59.875776454295867 ], [ -1.8627904356, 59.884052878799999 ], [ -1.8552068299, 59.894164353100003 ], [ -1.8771726772, 59.960061895 ], [ -0.8529069466, 59.976320081200001 ], [ -0.8512122545, 59.960644178800003 ], [ -0.8693380923, 59.959888935599999 ], [ -0.8036135097, 59.401229984300002 ], [ -0.79203484730034, 59.402516502303968 ] ] ] ] } },
{ "type": "Feature", "properties": { "STATE": "PINELAND", "County": "Holenst" }, "geometry": { "type": "MultiPolygon", "coordinates": [ [ [ [ 2.714039126883577, 44.306709885974165 ], [ 2.703119914583576, 44.310804590574165 ], [ 2.3568566658, 44.705629646600002 ], [ 2.3641097787, 44.772720940900001 ], [ 2.4030546506, 45.0842799164 ], [ 2.416484897, 45.0962179132 ], [ 2.4236809862, 45.096872103099997 ], [ 2.5648052608, 45.2262360215 ], [ 2.8235330975, 45.343839583600001 ], [ 2.8193186308, 45.357887806100003 ], [ 2.8280061593, 45.3620578198 ], [ 2.8352934537, 45.343839583600001 ], [ 3.176343784, 44.567656073400002 ], [ 3.1984791974, 44.554840834 ], [ 3.2045944566, 44.540863098700001 ], [ 3.2470892679, 44.526698161600002 ], [ 3.2636487963, 44.517111066200002 ], [ 3.2630989587, 44.516561228599997 ], [ 3.2218457841, 44.475308054099997 ], [ 3.139532307, 44.392994576900001 ], [ 3.1217880844, 44.3752503543 ], [ 3.0353814351, 44.450856172400002 ], [ 2.9665261365, 44.489109116100003 ], [ 2.948931728615295, 44.46564990560595 ], [ 2.905731967305717, 44.428310844130742 ], [ 2.8802694988, 44.4063027439 ], [ 2.8733689677, 44.3959519474 ], [ 2.7382401971, 44.3793450589 ], [ 2.714039126883577, 44.306709885974165 ] ] ] ] } },
{ "type": "Feature", "properties": { "STATE": "UGHAMPTON", "County": "Tirnethyl" }, "geometry": { "type": "MultiPolygon", "coordinates": [ [ [ [ 1.7986098153, 56.2371463562 ], [ 3.0937973784, 56.530725392500003 ], [ 3.1170463677, 55.198791683800003 ], [ 2.165304703558495, 55.227476160521348 ], [ 1.945055952199114, 55.848641267961376 ], [ 1.7986098153, 56.2371463562 ] ] ] ] } },
{ "type": "Feature", "properties": { "STATE": "HILLTON", "County": "Hollowmark" }, "geometry": { "type": "MultiPolygon", "coordinates": [ [ [ [ -12.151696081899686, 48.211687827520898 ], [ -12.18247518518038, 48.198591630443708 ], [ -12.537023063884844, 48.241895188143381 ], [ -12.555934779099999, 48.500310628900003 ], [ -12.568419499599999, 48.507890637700001 ], [ -12.519595325, 48.5729895371 ], [ -12.4105769626, 48.718347353600002 ], [ -12.3610231616, 48.718347353600002 ], [ -11.9563337861, 48.718347353600002 ], [ -11.953439247540803, 48.719794622879597 ], [ -11.948084077300001, 48.719603366800001 ], [ -11.812373640900001, 48.790327426200001 ], [ -11.7673686247, 48.812829934299998 ], [ -11.6656181531, 48.863705170099998 ], [ -11.299952396, 49.213472416 ], [ -11.285807653879248, 49.227002169373009 ], [ -11.2477144307, 49.263439165400001 ], [ -11.232141982533451, 49.244376340919125 ], [ -11.214193505792341, 49.222404929734736 ], [ -11.2219249911, 49.218191950300003 ], [ -10.937413777575689, 48.883588365863183 ], [ -10.692239679894858, 48.583461453167089 ], [ -10.694191261965242, 48.582791054402982 ], [ -10.1939074378901, 47.973393084764353 ], [ -10.198047284699999, 47.973898714900002 ], [ -10.229200404394918, 47.979476768139932 ], [ -10.231635578438063, 47.978001101894911 ], [ -10.231563565980272, 47.977961745473124 ], [ -11.166230423051129, 48.107318842534845 ], [ -11.344717867125178, 48.126368989652413 ], [ -12.151696081899686, 48.211687827520898 ] ] ] ] } },
{ "type": "Feature", "properties": { "STATE": "PINELAND", "County": "Gharytzan" }, "geometry": { "type": "MultiPolygon", "coordinates": [ [ [ [ 2.8235330975, 45.343839583600001 ], [ 2.5648052608, 45.2262360215 ], [ 2.4236809862, 45.096872103099997 ], [ 2.416484897, 45.0962179132 ], [ 2.4044096818, 45.095120166299999 ], [ 2.2943170678, 45.085111746899997 ], [ 2.0943910121, 45.108632459299997 ], [ 1.8827046002, 45.2262360215 ], [ 1.7415803257, 45.308558515 ], [ 1.6592578321, 45.355599939800001 ], [ 1.5857660475, 45.436440902900003 ], [ 1.54165427, 45.484963858199997 ], [ 2.0989755578, 46.158393747600002 ], [ 2.1767135056, 46.061221312800001 ], [ 2.2002342181, 46.025940244099999 ], [ 2.2066489578, 46.023801997600003 ], [ 2.2237549305, 46.002419531699999 ], [ 2.4001602737, 45.920097038199998 ], [ 2.5177638359, 45.884815969500004 ], [ 2.5412845483, 45.873055613299996 ], [ 2.6588881105, 45.802493476 ], [ 2.7778026632, 45.733126653600003 ], [ 2.7882520289, 45.461443145799997 ], [ 2.8193186308, 45.357887806100003 ], [ 2.8235330975, 45.343839583600001 ] ] ] ] } },
{ "type": "Feature", "properties": { "STATE": "NORTH ORLE", "County": "Carlenia" }, "geometry": { "type": "MultiPolygon", "coordinates": [ [ [ [ -17.024711703299999, 56.556782952 ], [ -17.024711703299999, 56.539716787899998 ], [ -17.203220952500001, 56.533561296599999 ], [ -17.203518817500001, 56.556496906 ], [ -17.191215746299999, 56.556989028799997 ], [ -17.2066275936, 56.795872661700002 ], [ -17.2093764438, 57.0075341306 ], [ -17.270976143599999, 57.094800372 ], [ -17.273973183500001, 57.099510006099997 ], [ -17.274314352600001, 57.099529501500001 ], [ -17.28324234, 57.1121774836 ], [ -17.603327890300001, 57.118332974899999 ], [ -17.603327890300001, 57.339930663600001 ], [ -17.584944107399998, 57.345878358 ], [ -17.4605354861, 57.362747323599997 ], [ -17.401911759, 57.4037839326 ], [ -17.402057559300001, 57.405047535400001 ], [ -17.397071587300001, 57.406660643899997 ], [ -17.3901870135, 57.397921559899999 ], [ -17.024711703299999, 57.395194132199997 ], [ -17.024711703299999, 56.562429456099999 ], [ -17.0257008719, 56.556989028799997 ], [ -17.024711703299999, 56.556782952 ] ] ] ] } },
{ "type": "Feature", "properties": { "STATE": "ORLAVIA", "County": "Norhaven" }, "geometry": { "type": "MultiPolygon", "coordinates": [ [ [ [ -5.661519491113948, 49.801261710339205 ], [ -5.6743683752, 49.807066682600002 ], [ -6.103161353659031, 49.579532273465141 ], [ -6.300048619253966, 49.475056151201393 ], [ -6.2850934714, 49.557267999399997 ], [ -6.30984141653385, 49.686196580743612 ], [ -6.313307901821809, 49.698596810806535 ], [ -6.3124929821, 49.700010357399997 ], [ -6.282345482, 49.756579434499997 ], [ -6.3156441016, 49.880537873 ], [ -6.3282029344, 49.8865456411 ], [ -6.3291808681, 49.942571421799997 ], [ -6.322855491079341, 49.957427919882782 ], [ -6.3232817592, 49.961355341299999 ], [ -6.304199438710073, 50.001245641000622 ], [ -6.260564385885862, 50.10373187644683 ], [ -6.057709255280111, 50.012850331861024 ], [ -6.0565509345, 50.014519536100003 ], [ -5.6542636766, 49.804904543600003 ], [ -5.661519491113948, 49.801261710339205 ] ] ] ] } },
{ "type": "Feature", "properties": { "STATE": "NEW CALIPHATE", "County": "Arvengar" }, "geometry": { "type": "MultiPolygon", "coordinates": [ [ [ [ 5.4764119704, 46.7141233125 ], [ 5.6264860166, 46.728416078800002 ], [ 5.640588106, 46.729759135 ], [ 5.6489695364, 46.730557366399999 ], [ 5.6864420694, 46.700579340099999 ], [ 5.9318883396, 46.504222323900002 ], [ 5.829194576, 46.383668775399997 ], [ 5.7067843016, 46.383668775399997 ], [ 5.7067843016, 46.364397187 ], [ 5.6867714983, 46.311029711499998 ], [ 5.4466178583, 46.364397187 ], [ 5.1575440324, 46.364397187 ], [ 5.1786195237, 46.354504609499998 ], [ 4.0108845231, 46.316218216 ], [ 4.5408532039, 46.749828954800002 ], [ 4.9648281485, 46.730557366399999 ], [ 5.4466178583, 46.711285778 ], [ 5.4764119704, 46.7141233125 ] ] ] ] } },
{ "type": "Feature", "properties": { "STATE": "ORLAVIA", "County": "Greymont" }, "geometry": { "type": "MultiPolygon", "coordinates": [ [ [ [ -8.223828979501192, 49.236374667142584 ], [ -6.3500650539, 49.437423792200001 ], [ -6.342599611817919, 49.430336800042831 ], [ -5.666763138289083, 48.799207551354755 ], [ -6.635343554717424, 48.679383169922048 ], [ -6.6608243693, 48.676230904199997 ], [ -6.669373601, 48.626835343099998 ], [ -7.622495331068447, 48.482422959769892 ], [ -7.8536764685, 48.449460149700002 ], [ -8.268218184318059, 49.229209950817946 ], [ -8.26942620305589, 49.231482224836768 ], [ -8.242683075902219, 49.23435168039736 ], [ -8.223828979501192, 49.236374667142584 ] ] ] ] } },
{ "type": "Feature", "properties": { "STATE": "AUSTINAS", "County": "New Dalhurst" }, "geometry": { "type": "MultiPolygon", "coordinates": [ [ [ [ -6.330702131773267, 50.760012703647298 ], [ -6.3388376152, 50.751046137700001 ], [ -6.523422455583755, 50.394839669611372 ], [ -6.581371352821734, 50.290097171511931 ], [ -6.594289929588046, 50.266746873803314 ], [ -6.603661287419217, 50.249808166138358 ], [ -6.6274102283, 50.2611689457 ], [ -6.629959709689438, 50.259288134238695 ], [ -7.394451586209522, 50.609001773624229 ], [ -7.4331791276, 50.626256859 ], [ -7.0393531564, 50.817668706100001 ], [ -7.007600973410677, 50.861581179934461 ], [ -6.971242006, 50.891723916799997 ], [ -6.90675702788843, 51.001045830934956 ], [ -6.898808550334509, 51.012038376320817 ], [ -6.752944213091964, 50.958482698391776 ], [ -6.599709579560445, 50.905772137924401 ], [ -6.330702131773267, 50.760012703647298 ] ] ] ] } },
{ "type": "Feature", "properties": { "STATE": "ORVILLE", "County": "Halewyn" }, "geometry": { "type": "MultiPolygon", "coordinates": [ [ [ [ -11.440990958022628, 54.54472106420986 ], [ -11.442823869873438, 54.544697976072761 ], [ -11.5082728423, 54.488046511500002 ], [ -11.508272842824921, 54.488046511205987 ], [ -11.6171649598, 54.431203635700001 ], [ -11.695733826820234, 54.200650048973209 ], [ -11.99141897602925, 54.181885597425065 ], [ -12.05989085301743, 54.179252063694747 ], [ -12.089445068337678, 54.177513580440618 ], [ -12.089445068337678, 54.141005432103839 ], [ -12.48886159597456, 54.095804867496398 ], [ -13.075599694244191, 54.021050087568717 ], [ -13.160148835395754, 54.654536549402501 ], [ -13.189009798868845, 54.849163472280402 ], [ -13.189399402056843, 54.852082583482741 ], [ -13.180761128610579, 54.869976149907139 ], [ -13.168411491473622, 54.895557541119402 ], [ -13.168374661266128, 54.895633832263499 ], [ -13.148396230943145, 54.897060863000853 ], [ -13.147349920475413, 54.897135599462835 ], [ -13.152226493362289, 54.941973471417725 ], [ -13.153063992609297, 54.949673896464326 ], [ -13.204417074050211, 55.421842147313932 ], [ -13.195648740205762, 55.429195037130263 ], [ -12.080829254560072, 55.450551951269368 ], [ -12.075783674507356, 55.480825431585664 ], [ -12.040026767226795, 55.481896765819485 ], [ -12.0375280471, 55.4311390453 ], [ -11.706074468095105, 55.436924589056602 ], [ -11.510875212445342, 54.791740062454082 ], [ -11.440990958022628, 54.54472106420986 ] ] ] ] } },
{ "type": "Feature", "properties": { "STATE": "ORLAY", "County": "Arveaux" }, "geometry": { "type": "MultiPolygon", "coordinates": [ [ [ [ -4.984885035200965, 53.656720902143292 ], [ -4.649590393795917, 53.571799960613937 ], [ -4.5562500946, 52.918003329199998 ], [ -4.525820751381004, 52.906601453224958 ], [ -4.492832899907009, 52.894240904116735 ], [ -4.5657244225, 52.6966651547 ], [ -4.573513041904414, 52.695661855838161 ], [ -4.5865493244, 52.654151775800003 ], [ -4.68772017, 52.652385832100002 ], [ -5.0580912894, 52.612187090100001 ], [ -5.075474009940456, 52.609528895172623 ], [ -5.499932298544325, 52.714380536312312 ], [ -5.499932298544787, 52.714380536312426 ], [ -5.9727494353, 52.832358903399999 ], [ -5.9980864242, 52.837436862499999 ], [ -6.483460662251852, 53.148246855252992 ], [ -6.033596101019223, 53.471240631622834 ], [ -5.6349915011, 53.777908712299997 ], [ -5.64985814495313, 53.787760235767301 ], [ -5.643940790545544, 53.79264106302211 ], [ -5.6354279406, 53.799662739799999 ], [ -4.984885035200965, 53.656720902143292 ] ] ] ] } },
{ "type": "Feature", "properties": { "STATE": "DENBURG", "County": "Brindale" }, "geometry": { "type": "MultiPolygon", "coordinates": [ [ [ [ -21.159843667885486, 46.200558212019146 ], [ -21.159186062700002, 46.208579813599997 ], [ -21.054531286100001, 46.296650465900001 ], [ -20.673584631600001, 46.527223713799998 ], [ -20.652189075, 46.311169605700002 ], [ -20.530774294499999, 46.005131377600001 ], [ -20.467682328, 45.843752513200002 ], [ -20.406376037099999, 45.784727164899998 ], [ -20.525709072507095, 45.807637674833416 ], [ -20.540039438834985, 45.810388933099695 ], [ -20.540174746999604, 45.809952940135105 ], [ -20.542084207834922, 45.803800233144308 ], [ -20.540178407512517, 45.79866246075153 ], [ -20.540255103708457, 45.798661987318077 ], [ -20.545295428436368, 45.798747344895972 ], [ -20.582460901849224, 45.799376739818513 ], [ -20.582460901849462, 45.79937673981852 ], [ -20.64385366095016, 45.8019716035 ], [ -20.6684174351, 45.801849215099999 ], [ -20.935931183499999, 45.8019716035 ], [ -21.198606372095572, 45.799926124203616 ], [ -21.199032435900001, 45.799922806399998 ], [ -21.198093957442552, 45.809119895180821 ], [ -21.1972804657, 45.811151060299999 ], [ -21.184196022810607, 45.926679972768902 ], [ -21.179122036700001, 45.965396754700002 ], [ -21.177316034276405, 45.987426738976225 ], [ -21.166977373400002, 46.078711806100003 ], [ -21.159843667885486, 46.200558212019146 ] ] ] ] } },
{ "type": "Feature", "properties": { "STATE": "ORVILLE", "County": "Arlindor" }, "geometry": { "type": "MultiPolygon", "coordinates": [ [ [ [ -10.6212248413, 53.070331507900001 ], [ -10.627988346105047, 53.457812438612784 ], [ -10.6293410471, 53.535308626700001 ], [ -10.632239692100001, 53.7013718834 ], [ -9.8523221145, 53.748208165900003 ], [ -9.845357489670505, 53.186084071480309 ], [ -9.8453322699, 53.1840485504 ], [ -9.948386241323165, 53.168944664527018 ], [ -10.192731285372568, 53.133132753467351 ], [ -10.433919324863011, 53.097783542058174 ], [ -10.600666798348962, 53.073344553687718 ], [ -10.605420402884903, 53.072647851761488 ], [ -10.6212248413, 53.070331507900001 ] ] ] ] } },
{ "type": "Feature", "properties": { "STATE": "ORVILLE", "County": "Norwynfell" }, "geometry": { "type": "MultiPolygon", "coordinates": [ [ [ [ -13.046533933299999, 54.024680696799997 ], [ -12.085940922397111, 54.141029691902851 ], [ -12.085106231299999, 54.141130791400002 ], [ -12.01989812047613, 52.931879169904043 ], [ -12.019876824800001, 52.931484252300002 ], [ -13.3576949458, 52.831714765305826 ], [ -13.372182973560683, 52.830634302218542 ], [ -13.376416062900001, 52.830318614200003 ], [ -13.338728005688566, 52.966770948113265 ], [ -13.046533933299999, 54.024680696799997 ] ] ] ] } },
{ "type": "Feature", "properties": { "STATE": "Orville", "County": "Eldercrest" }, "geometry": { "type": "MultiPolygon", "coordinates": [ [ [ [ -12.080829254560072, 55.450551951269368 ], [ -13.195648740205762, 55.429195037130263 ], [ -13.204811333593462, 55.429019506721268 ], [ -13.294029750242759, 56.25280387706384 ], [ -13.323055587735659, 56.520809431979096 ], [ -13.320508811838348, 56.520902042011727 ], [ -12.883942901320985, 56.536777166030539 ], [ -12.121060120133142, 56.564518358073734 ], [ -12.089324672654268, 56.562035818593287 ], [ -12.089223382796604, 56.559894663546558 ], [ -12.038352164089094, 55.484533623646151 ], [ -12.040156575454107, 55.484533623646151 ], [ -12.075165642497275, 55.484533623646151 ], [ -12.075783674507356, 55.480825431585664 ], [ -12.080829254560072, 55.450551951269368 ] ] ] ] } },
{ "type": "Feature", "properties": { "STATE": "PORTLAND", "County": "Rio de Valley" }, "geometry": { "type": "MultiPolygon", "coordinates": [ [ [ [ 3.8794850104, 55.846304791100003 ], [ 3.8707344403, 55.833178935900001 ], [ 3.5364198163, 56.267787947 ], [ 3.4946304883, 56.652249764499999 ], [ 4.6525067343, 56.4730546312 ], [ 4.944774752, 56.425368796699999 ], [ 4.944774752, 56.275981053 ], [ 4.8742126147, 56.163251808929765 ], [ 4.869302474410324, 56.155407426314476 ], [ 4.8402468497, 56.108988500599999 ], [ 4.8402468497, 56.0174753959 ], [ 4.8402468497, 55.975262651 ], [ 4.6062266129, 55.966904785399997 ], [ 4.4139957041, 55.966904785399997 ], [ 4.3220591826, 55.933473323 ], [ 4.3032827258, 55.933473323 ], [ 4.2551962578, 55.933473323 ], [ 4.104754677, 55.9167575918 ], [ 4.021176021, 55.883326129399997 ], [ 3.9041659026, 55.883326129399997 ], [ 3.8882397856, 55.859436953900001 ], [ 3.8794850104, 55.846304791100003 ] ] ] ] } },
{ "type": "Feature", "properties": { "STATE": "ALVAJEA", "County": "Greytterns" }, "geometry": { "type": "MultiPolygon", "coordinates": [ [ [ [ 5.056497501, 52.490391280700003 ], [ 5.6391607932, 52.631895223100003 ], [ 6.0054062912, 51.849461659299998 ], [ 5.0731450236, 52.074203214800001 ], [ 5.056497501, 52.490391280700003 ] ] ] ] } },
{ "type": "Feature", "properties": { "STATE": "HILLTON", "County": "Velthorn Vale" }, "geometry": { "type": "MultiPolygon", "coordinates": [ [ [ [ -13.966455141699999, 52.815294833700001 ], [ -14.496018790565673, 52.806889061523208 ], [ -14.1996612504, 53.3824740349 ], [ -14.045852398099999, 53.62417366 ], [ -14.067019575, 53.622249371199999 ], [ -14.045852398099999, 53.660513114099999 ], [ -13.622121940069857, 53.815232088450536 ], [ -13.6219050825, 53.812819428399997 ], [ -13.0776427175, 54.014040706700001 ], [ -13.338728005688566, 52.966770948113265 ], [ -13.376416062900001, 52.830318614200003 ], [ -13.372182973560683, 52.830634302218542 ], [ -13.3735724969, 52.824705669300002 ], [ -13.966455141699999, 52.815294833700001 ] ] ] ] } },
{ "type": "Feature", "properties": { "STATE": "DENBURG", "County": "Noirfield" }, "geometry": { "type": "MultiPolygon", "coordinates": [ [ [ [ -19.337993480826512, 45.314592232862566 ], [ -19.337712672126514, 45.314538745462563 ], [ -19.337717884926512, 45.314509554062568 ], [ -19.337993480826512, 45.314592232862566 ] ] ], [ [ [ -19.696013577799999, 45.4084663979 ], [ -19.75847646990993, 45.472617476309935 ], [ -19.953147024100002, 45.667288030500004 ], [ -19.936120455380571, 45.694574429705831 ], [ -19.807607939341583, 45.75560571172845 ], [ -19.734454658370272, 45.786833049160364 ], [ -19.53262454627027, 45.873986961160362 ], [ -19.274245032041787, 46.00673902653083 ], [ -19.253855429200001, 46.016933828 ], [ -18.641975283600001, 45.859593219099999 ], [ -18.683394511900001, 45.828528797899999 ], [ -18.7034192811, 45.833967624099998 ], [ -18.7367572713, 45.7885067283 ], [ -18.771863674, 45.7460709753 ], [ -18.937019427577965, 45.499808463701569 ], [ -18.937186698039351, 45.499999895453172 ], [ -18.937206752518431, 45.499558697114388 ], [ -18.937231939139352, 45.499525114953173 ], [ -18.937245440404375, 45.499518870618097 ], [ -18.937245493739351, 45.499519556353171 ], [ -18.937260846505811, 45.499511745296189 ], [ -18.938778124503177, 45.49881000422247 ], [ -18.938813849739351, 45.498844610953171 ], [ -18.941263624505943, 45.497660460471288 ], [ -19.210043718839351, 45.373349666853173 ], [ -19.326142027900001, 45.330409644299998 ], [ -19.343339692600001, 45.3220312949 ], [ -19.337993480826512, 45.314592232862566 ], [ -19.608754120422663, 45.352729089782478 ], [ -19.609100254585872, 45.352926880732724 ], [ -19.636709936959591, 45.368703842076748 ], [ -19.689078254246922, 45.404503355872784 ], [ -19.692074476437455, 45.40621548283746 ], [ -19.696013577799999, 45.4084663979 ] ] ] ] } },
{ "type": "Feature", "properties": { "STATE": "NOVA", "County": "Phaula Tërns" }, "geometry": { "type": "MultiPolygon", "coordinates": [ ] } },
{ "type": "Feature", "properties": { "STATE": "FRELANDIA", "County": "Ortarne" }, "geometry": { "type": "MultiPolygon", "coordinates": [ [ [ [ -2.6177246281, 41.359335805 ], [ -1.342088761, 41.883927054399997 ], [ -1.5381463188, 41.494101055 ], [ -2.0310471174, 40.954192211900001 ], [ -2.6177246281, 41.359335805 ] ] ] ] } },
{ "type": "Feature", "properties": { "STATE": "ORLAVIA", "County": "Otterly" }, "geometry": { "type": "MultiPolygon", "coordinates": [ [ [ [ -7.1807138405, 49.852984057699999 ], [ -7.172672773767629, 49.849419946675788 ], [ -7.2067214343, 49.825050430600001 ], [ -7.646218323462691, 50.116041103098951 ], [ -7.916689212898184, 50.269560272089116 ], [ -7.4331791276, 50.626256859 ], [ -7.394451586209522, 50.609001773624229 ], [ -6.629959709689438, 50.259288134238695 ], [ -7.1807138405, 49.852984057699999 ] ] ] ] } },
{ "type": "Feature", "properties": { "STATE": "DENBURG", "County": "San Novelas" }, "geometry": { "type": "MultiPolygon", "coordinates": [ [ [ [ -16.18896546119591, 43.241788608903278 ], [ -16.202371498853044, 43.210954722291866 ], [ -16.203688689888359, 43.207925182910643 ], [ -16.203848414078447, 43.20755781727344 ], [ -16.203801543099999, 43.206143983099999 ], [ -15.6729825881, 43.014467281199998 ], [ -15.672714816932599, 43.014512400755301 ], [ -15.672073932292998, 43.014279465307688 ], [ -17.82220798582992, 42.745933969742879 ], [ -17.310580579300002, 42.851269024 ], [ -17.29385938700425, 42.854711622394952 ], [ -17.257055876799999, 42.862216178099999 ], [ -17.256928087885658, 42.862315125188815 ], [ -17.248776192499999, 42.863993456599999 ], [ -16.779712878600002, 43.228820478499998 ], [ -16.220636921499999, 43.245762174200003 ], [ -16.220470077605526, 43.251268022728041 ], [ -16.197233721598586, 43.246513120171535 ], [ -16.18896546119591, 43.241788608903278 ] ] ] ] } },
{ "type": "Feature", "properties": { "STATE": "AUSTINAS", "County": "Valenford" }, "geometry": { "type": "MultiPolygon", "coordinates": [ [ [ [ -3.132116678757182, 51.292102580827368 ], [ -3.072661789707642, 51.481418607587621 ], [ -3.0654797572, 51.504287607599998 ], [ -3.078205682402516, 51.508116385709748 ], [ -3.07650424, 51.514933826899998 ], [ -1.9863495203, 51.154609714700001 ], [ -2.5536252527, 50.743677741500001 ], [ -2.795376384039523, 50.62772773028297 ], [ -3.13202447941122, 51.105670261731085 ], [ -3.165848870072813, 51.156942418971461 ], [ -3.1476234037, 51.242726127499999 ], [ -3.132116678757182, 51.292102580827368 ] ] ] ] } },
{ "type": "Feature", "properties": { "STATE": "NEW ZALES", "County": "Gel Tower" }, "geometry": { "type": "MultiPolygon", "coordinates": [ ] } },
{ "type": "Feature", "properties": { "STATE": "PORTLAND", "County": "Las Encrossas" }, "geometry": { "type": "MultiPolygon", "coordinates": [ [ [ [ 3.3984664159, 58.966132557500003 ], [ 3.3884373332, 58.942313486300002 ], [ 3.323118159, 58.942313486300002 ], [ 3.3156816196, 58.942313486300002 ], [ 3.0883200144, 58.6512906317 ], [ 2.1970625222, 58.705857416900002 ], [ 1.833283954, 58.924124557799999 ], [ 3.5245870014, 59.267811808099999 ], [ 3.5255736799, 59.268012309600003 ], [ 3.4845869472, 59.170668819500001 ], [ 3.3984664159, 58.966132557500003 ] ] ], [ [ [ 3.5339487605, 59.279230507699999 ], [ 3.5339487605, 59.269714197699997 ], [ 3.5255736799, 59.268012309600003 ], [ 3.5291821306, 59.276582379899999 ], [ 3.5339487605, 59.287903126099998 ], [ 3.5339487605, 59.279230507699999 ] ] ] ] } },
{ "type": "Feature", "properties": { "STATE": "PINELAND", "County": "Quenraal" }, "geometry": { "type": "MultiPolygon", "coordinates": [ [ [ [ 2.9665261365, 44.489109116100003 ], [ 3.0353814351, 44.450856172400002 ], [ 3.1217880844, 44.3752503543 ], [ 3.139532307, 44.392994576900001 ], [ 3.1528404739, 44.385601150799999 ], [ 3.2218457841, 44.475308054099997 ], [ 3.2630989587, 44.516561228599997 ], [ 3.2821317992, 44.506410380299997 ], [ 3.3997905521, 44.438292155 ], [ 3.6937994575, 44.403011086399999 ], [ 3.9642876504, 44.238366099300002 ], [ 3.9484648065, 44.293137482100001 ], [ 3.9498518065, 44.292443982100004 ], [ 4.0533597717, 44.002621679400001 ], [ 3.4219611836, 43.516134242600003 ], [ 2.7284578164, 43.567888225300003 ], [ 2.6870546303, 43.9922708828 ], [ 2.674611440577142, 44.184064131424492 ], [ 2.703119914583576, 44.310804590574165 ], [ 2.714039126883577, 44.306709885974165 ], [ 2.7382401971, 44.3793450589 ], [ 2.8733689677, 44.3959519474 ], [ 2.8802694988, 44.4063027439 ], [ 2.905731967305717, 44.428310844130742 ], [ 2.948931728615295, 44.46564990560595 ], [ 2.9665261365, 44.489109116100003 ] ] ] ] } },
{ "type": "Feature", "properties": { "STATE": "HAMPTON", "County": "Gutternia" }, "geometry": { "type": "MultiPolygon", "coordinates": [ [ [ [ -2.4707001677, 45.334997571199999 ], [ -2.4707015993, 45.3349988975 ], [ -2.470633002218598, 45.335987807651371 ], [ -2.47000866850767, 45.335437909926277 ], [ -2.416017083001703, 45.287883453832698 ], [ -2.4707001677, 45.334997571199999 ] ] ], [ [ [ -2.491089024570955, 45.35400428009055 ], [ -2.486145512471126, 45.349395883614406 ], [ -2.470701605448064, 45.334998903231295 ], [ -2.487222315127839, 45.350304854845746 ], [ -2.49630711245276, 45.358721652367016 ], [ -2.491089024570955, 45.35400428009055 ] ] ], [ [ [ -2.49104433091668, 45.353965602228747 ], [ -2.491089024570955, 45.35400428009055 ], [ -2.491088980338547, 45.354004928337609 ], [ -2.49104433091668, 45.353965602228747 ] ] ], [ [ [ -4.4709538168, 45.682248109 ], [ -4.3241457894, 45.745165835100003 ], [ -4.3222049886, 45.745997606800003 ], [ -4.303546256591069, 45.780770698268441 ], [ -3.8905277438, 46.550487017499997 ], [ -3.877091073420482, 46.60700878834492 ], [ -2.528378851341398, 45.387715861609621 ], [ -3.240299738703927, 44.781928268965089 ], [ -3.251377368725814, 44.791020007720171 ], [ -4.009240740426567, 44.329333126170674 ], [ -4.212927277527332, 44.205248224275195 ], [ -4.29929080248328, 44.152635961952697 ], [ -4.9284031422, 44.847280837 ], [ -4.96399049462378, 44.886575205314436 ], [ -5.269482495923571, 45.223889290196084 ], [ -5.4109413614865, 45.280481045637593 ], [ -5.3757688367, 45.268756870700003 ], [ -5.0035667479, 45.553381997400002 ], [ -4.9596999668, 45.597248778599997 ], [ -4.676394057640568, 45.663908992450132 ], [ -4.6488977712, 45.670378706900003 ], [ -4.5984528125, 45.682248109 ], [ -4.4709538168, 45.682248109 ] ] ] ] } },
{ "type": "Feature", "properties": { "STATE": "HARMINGTON", "County": "Gravkhaen" }, "geometry": { "type": "MultiPolygon", "coordinates": [ [ [ [ -11.5594847401, 59.232541963899997 ], [ -11.574566267066837, 59.468122109693397 ], [ -11.595191435741619, 59.790296399743923 ], [ -11.5987298767, 59.845568418200003 ], [ -11.227014395399999, 59.809239656 ], [ -10.072301551, 59.886484683799999 ], [ -10.2060159122, 59.370345730300002 ], [ -9.475109618799999, 59.197563066900003 ], [ -9.531185473800001, 59.139494819100001 ], [ -10.1892574085, 59.227914650899997 ], [ -10.189755506599999, 59.256450676599997 ], [ -11.5594847401, 59.232541963899997 ] ] ] ] } },
{ "type": "Feature", "properties": { "STATE": "AUSTINAS", "County": "Blue Orland" }, "geometry": { "type": "MultiPolygon", "coordinates": [ [ [ [ -3.791754914978231, 50.165140197206924 ], [ -3.791754914978233, 50.165140197206924 ], [ -3.791754914977917, 50.165140197207101 ], [ -3.791754914978231, 50.165140197206924 ] ] ], [ [ [ -3.351172805611411, 50.406662764802988 ], [ -3.3896662097, 50.391456297200001 ], [ -3.791754914977837, 50.165140197207144 ], [ -3.791754914977861, 50.16514019720713 ], [ -4.42152767334876, 50.792610099103442 ], [ -4.221194440448715, 50.889347757213123 ], [ -4.2031205186, 50.864124842899997 ], [ -4.05106293869528, 50.926479998237596 ], [ -3.5984793007, 51.09002411 ], [ -3.3590347361, 50.935553662099998 ], [ -3.305562354745184, 50.948419683471137 ], [ -3.2618948399, 50.958926550100003 ], [ -3.186839925505571, 51.085799561464597 ], [ -3.1776707441, 51.101299168200001 ], [ -3.165848870072813, 51.156942418971461 ], [ -3.13202447941122, 51.105670261731085 ], [ -2.795376384039523, 50.62772773028297 ], [ -2.7945483545, 50.626552168800004 ], [ -3.351172805611411, 50.406662764802988 ] ] ] ] } },
{ "type": "Feature", "properties": { "STATE": "AUSTINAS", "County": "Cyton Hills" }, "geometry": { "type": "MultiPolygon", "coordinates": [ [ [ [ -3.186839925505571, 51.085799561464597 ], [ -3.2618948399, 50.958926550100003 ], [ -3.305562354745184, 50.948419683471137 ], [ -3.3590347361, 50.935553662099998 ], [ -3.5984793007, 51.09002411 ], [ -3.899686087220279, 51.288194481478044 ], [ -4.038770037, 51.378912238700003 ], [ -4.023906669591568, 51.391234441555127 ], [ -3.981424826327915, 51.426453236594618 ], [ -3.9319295803, 51.467486364899997 ], [ -3.725371329293472, 51.630639355029111 ], [ -3.7074200965, 51.623156176599998 ], [ -3.498638515676393, 51.770521087171964 ], [ -3.256743858035287, 51.517279301574987 ], [ -3.177436690064194, 51.513209108155266 ], [ -3.078205682402516, 51.508116385709748 ], [ -3.0654797572, 51.504287607599998 ], [ -3.072661789707642, 51.481418607587621 ], [ -3.132116678757182, 51.292102580827368 ], [ -3.1476234037, 51.242726127499999 ], [ -3.165848870072813, 51.156942418971461 ], [ -3.1776707441, 51.101299168200001 ], [ -3.186839925505571, 51.085799561464597 ] ] ], [ [ [ -3.51579755239441, 51.788367147682244 ], [ -3.514835709, 51.789087684800002 ], [ -3.506555564145499, 51.779596280039691 ], [ -3.51579755239441, 51.788367147682244 ] ] ] ] } },
{ "type": "Feature", "properties": { "STATE": "NEW ZALES", "County": "Thornridge" }, "geometry": { "type": "MultiPolygon", "coordinates": [ [ [ [ -9.053058207, 58.015281627 ], [ -8.874143644286594, 58.717677937717561 ], [ -8.7723120969, 59.1282394204 ], [ -8.764607232275548, 59.140658403377259 ], [ -7.246556175975549, 58.990356318577255 ], [ -6.741360259906098, 58.928034059533935 ], [ -6.5254591839, 58.281751553699998 ], [ -6.346762971025201, 57.883384507873828 ], [ -6.347575068521762, 57.87907111520537 ], [ -6.404978604101975, 57.574176702201974 ], [ -6.405416610997206, 57.571850262656689 ], [ -6.427052377143015, 57.573328227706497 ], [ -6.541961339588678, 57.581177796298604 ], [ -6.562014733805239, 57.582547667630287 ], [ -6.562123706402144, 57.582576034208344 ], [ -6.604445164666467, 57.593592702467873 ], [ -6.792603241014033, 57.642571995537736 ], [ -7.062497890148387, 57.711298653691493 ], [ -7.365256317897565, 57.789710908360341 ], [ -7.365669238075042, 57.788705537493442 ], [ -7.368968875788781, 57.780671636973032 ], [ -7.370822619926526, 57.776158172985483 ], [ -7.591538596031441, 57.806167801315532 ], [ -8.412247767356721, 57.911630639432353 ], [ -9.053058207, 58.015281627 ] ] ] ] } },
{ "type": "Feature", "properties": { "STATE": "UGHAMPTON", "County": "Haldrim Vale" }, "geometry": { "type": "MultiPolygon", "coordinates": [ [ [ [ -1.004812382020823, 53.973233322692089 ], [ -1.005473677198656, 54.011118898231423 ], [ -1.0056629548, 54.021962604800002 ], [ -0.71257198945796, 53.998819512449664 ], [ -0.6770026849518, 54.010674775269919 ], [ -0.673707847913869, 54.007139913752148 ], [ -0.684165412327121, 53.998470261277959 ], [ -0.580871990653515, 53.907541088219482 ], [ -0.203938119487512, 53.758404138782993 ], [ -0.003528334605673, 53.601313904187869 ], [ -0.006466233611345, 53.594339374375743 ], [ -1.009075357276537, 53.00282621802954 ], [ -1.0477855282, 53.052605555299998 ], [ -0.998240019485566, 53.07936979911014 ], [ -1.004812381984743, 53.973233320625056 ], [ -1.004812381984743, 53.973233320625077 ], [ -1.004812382020823, 53.973233322692089 ] ] ] ] } },
{ "type": "Feature", "properties": { "STATE": "AQUALAND", "County": "San Harlia" }, "geometry": { "type": "MultiPolygon", "coordinates": [ [ [ [ -11.452408191502906, 44.106883062874616 ], [ -11.453189333262582, 44.107159156082787 ], [ -11.452917562977312, 44.10735957167347 ], [ -11.452408191502906, 44.106883062874616 ] ] ], [ [ [ -9.921651949699999, 45.069905000600002 ], [ -9.777945921900001, 44.796863547900003 ], [ -9.778747016600001, 44.794931496099998 ], [ -9.777443570699999, 44.795909080500003 ], [ -9.767247018600001, 44.776535631599998 ], [ -9.905017085600001, 44.490397800099998 ], [ -9.967973429, 44.359642317899997 ], [ -9.95017367670035, 44.294376559570424 ], [ -9.918205217891733, 44.2760386563682 ], [ -10.0065746617, 44.243838619599998 ], [ -10.557640733362582, 43.790629047482788 ], [ -11.449131569781814, 44.105724946576586 ], [ -11.172120753923748, 44.314431725616764 ], [ -10.8866827685, 44.529487742 ], [ -10.708652022800001, 44.737190278699998 ], [ -10.702820187600963, 44.748676750027919 ], [ -10.64289093410523, 44.867205775219652 ], [ -10.437131098331449, 45.227864672040603 ], [ -10.431067026628185, 45.238823255472049 ], [ -10.41237059018307, 45.261514722583421 ], [ -10.20100288240973, 45.262002228472653 ], [ -10.21396701356619, 45.254374719290013 ], [ -10.106937866899999, 45.062184754 ], [ -10.0010601999, 45.066596323500001 ], [ -9.991893116588411, 45.063670029231538 ], [ -9.921651949699999, 45.069905000600002 ] ] ] ] } },
{ "type": "Feature", "properties": { "STATE": "NOVA", "County": "Thrighrich" }, "geometry": { "type": "MultiPolygon", "coordinates": [ [ [ [ -9.135965539673727, 47.21240803491574 ], [ -9.484399954600001, 47.0583984067 ], [ -9.8812267936, 47.241549255499997 ], [ -9.9422770765, 47.241549255499997 ], [ -9.95535928, 47.241549255499997 ], [ -10.0338525009, 47.272074396900003 ], [ -10.0651035507, 47.213165125899998 ], [ -10.0643776423, 47.241549255499997 ], [ -10.1294535196, 47.581389947600002 ], [ -10.198047284699999, 47.973898714900002 ], [ -10.1939074378901, 47.973393084764353 ], [ -10.191930294896599, 47.970984718017434 ], [ -9.99663837321166, 48.008113019989977 ], [ -9.927014505800001, 48.0199403628 ], [ -9.1486233985, 47.424700104300001 ], [ -9.123969034770271, 47.202810830974741 ], [ -9.135965539673727, 47.21240803491574 ] ] ] ] } },
{ "type": "Feature", "properties": { "STATE": "FLORENTIA", "County": "Hawthorne" }, "geometry": { "type": "MultiPolygon", "coordinates": [ [ [ [ -15.436698434134616, 57.295812959347131 ], [ -15.449462314577852, 57.294606708398696 ], [ -15.732010516783907, 57.267904481093701 ], [ -15.80800798500619, 57.266577940349471 ], [ -15.846326228400001, 57.291168436100001 ], [ -15.845043737569025, 57.265931478882827 ], [ -16.586963662599999, 57.252981218400002 ], [ -16.584861065141386, 57.356723873814893 ], [ -16.575946274147807, 57.796581767846618 ], [ -16.561540335499998, 58.507374184600003 ], [ -16.540893390498582, 58.5079681326797 ], [ -16.043692792800002, 58.490944898499997 ], [ -16.043691050614882, 58.491926351231236 ], [ -15.889357627740042, 58.472714555170128 ], [ -15.436698434134616, 57.295812959347131 ] ] ], [ [ [ -16.140258405739186, 58.509181648778409 ], [ -16.153965030689037, 58.508787352015979 ], [ -16.043637182659261, 58.522272639702031 ], [ -16.043691050614882, 58.491926351231236 ], [ -16.13814393150237, 58.503684073254071 ], [ -16.140258405739186, 58.509181648778409 ] ] ] ] } },
{ "type": "Feature", "properties": { "STATE": "HAMPTON", "County": "Narshet" }, "geometry": { "type": "MultiPolygon", "coordinates": [ [ [ [ -1.7892299035, 48.1182573882 ], [ -1.8637188896, 48.366554008400001 ], [ -1.4829974053, 48.631403736599999 ], [ -1.5492098374, 48.6645099526 ], [ -1.543488974382289, 48.669190658714619 ], [ -1.419815940373378, 48.649464150622698 ], [ -1.211053945066606, 48.625189500009725 ], [ -0.1256425483, 48.498978872499997 ], [ -0.1327104159, 48.4313292828 ], [ -0.1421956563, 48.432766440499996 ], [ -0.1531375413, 48.235812511200002 ], [ -0.18776783371494, 47.392187174120899 ], [ -0.625431075071588, 47.306021826389554 ], [ -0.908062304767865, 47.116619966537378 ], [ -1.112177429102272, 46.924925363344727 ], [ -1.2678070012, 46.843668071300002 ], [ -1.449995492404525, 46.706843022594036 ], [ -1.487161438648064, 46.678931092639765 ], [ -1.570400653213755, 46.8714740044013 ], [ -1.717969542883587, 47.140832002159904 ], [ -1.836905328544679, 47.384953628095452 ], [ -1.878086373706307, 47.44643250357074 ], [ -1.88688893672446, 47.490359313947209 ], [ -1.900037857231941, 47.509462017407962 ], [ -1.8232557367, 47.8221406782 ], [ -1.8140595656, 47.85340766 ], [ -1.8111384289, 47.866065919100002 ], [ -1.721379353167026, 47.998445317742622 ], [ -1.725697555267026, 48.01283932464262 ], [ -1.754262802361478, 48.057528345712527 ], [ -1.7892299035, 48.1182573882 ] ] ] ] } },
{ "type": "Feature", "properties": { "STATE": "AURELIA", "County": "Eichenfurt" }, "geometry": { "type": "MultiPolygon", "coordinates": [ [ [ [ -16.39870855, 52.792666018399999 ], [ -16.394524640699998, 52.760868307899997 ], [ -17.001751728719675, 51.47344504161029 ], [ -17.758301602900001, 51.003410889900003 ], [ -17.779527777799998, 51.036523722799998 ], [ -18.328532604177919, 51.573004847624958 ], [ -18.271136152184713, 52.695434061352991 ], [ -18.0000152625, 52.988723131500002 ], [ -17.903451400600002, 53.0901151865 ], [ -17.882472204599999, 53.0859681361 ], [ -16.39870855, 52.792666018399999 ] ] ] ] } },
{ "type": "Feature", "properties": { "STATE": "FLORENTIA", "County": "Irisbank" }, "geometry": { "type": "MultiPolygon", "coordinates": [ [ [ [ -14.9778371822, 55.250913005400001 ], [ -14.686942589200788, 55.111757774670245 ], [ -14.630483789204929, 55.084749581567905 ], [ -14.622835969254734, 55.081091094351706 ], [ -14.5852659718, 55.063118736699998 ], [ -14.618069677099999, 54.712182221699997 ], [ -14.948188844500001, 54.667490645199997 ], [ -14.950635285816663, 54.689454014666858 ], [ -14.975886889435913, 54.916154854021961 ], [ -15.0174339567, 55.289151166 ], [ -14.9778371822, 55.250913005400001 ] ] ] ] } },
{ "type": "Feature", "properties": { "STATE": "FLORENTIA", "County": "Sunrose" }, "geometry": { "type": "MultiPolygon", "coordinates": [ [ [ [ -15.4041798429, 57.298886129899998 ], [ -15.436698434134616, 57.295812959347131 ], [ -15.889357627740042, 58.472714555170128 ], [ -14.471140812894843, 58.275537695752661 ], [ -14.289619619100311, 58.250300525712461 ], [ -14.217802961053444, 58.142035510147451 ], [ -14.400792220174138, 57.286592625487046 ], [ -14.423372966146699, 57.181031574716243 ], [ -14.582099346635962, 57.174268600228885 ], [ -15.4041798429, 57.298886129899998 ] ] ] ] } },
{ "type": "Feature", "properties": { "STATE": "PORTLAND", "County": "Luz de Plata" }, "geometry": { "type": "MultiPolygon", "coordinates": [ [ [ [ 4.3879375673, 58.600887877399998 ], [ 4.3921596064, 58.583999720900003 ], [ 3.9735353788, 58.566505561900001 ], [ 3.913448940613116, 59.019464865076785 ], [ 4.3921596064, 59.1409499532 ], [ 4.629188975619733, 59.19036892653947 ], [ 4.633609722962181, 59.207492963324363 ], [ 4.646869935319732, 59.208049886239472 ], [ 4.638960346877284, 59.192230709354575 ], [ 4.5159263247, 58.937618916 ], [ 4.3744786467, 58.866895077 ], [ 4.3567976869, 58.725447398900002 ], [ 4.383741991, 58.617670182499999 ], [ 4.3879375673, 58.600887877399998 ] ] ] ] } },
{ "type": "Feature", "properties": { "STATE": "NORTH ORLE", "County": "Windham" }, "geometry": { "type": "MultiPolygon", "coordinates": [ [ [ [ -18.753027854599999, 57.3324889955 ], [ -18.246013809099999, 57.3393405367 ], [ -17.990752251499998, 57.3393405367 ], [ -17.990752251499998, 57.193049796300002 ], [ -17.997161052, 57.107599122099998 ], [ -18.235044119099999, 56.864654713199997 ], [ -18.403541765899998, 56.693604071700001 ], [ -18.403541765899998, 56.5418240877 ], [ -18.7558505256, 56.525437633700001 ], [ -18.760207525199998, 56.657599957099997 ], [ -18.753027854599999, 57.3324889955 ] ] ] ] } },
{ "type": "Feature", "properties": { "STATE": "HILLTON", "County": "Elderwyn Vale" }, "geometry": { "type": "MultiPolygon", "coordinates": [ [ [ [ -11.7673686247, 48.812829934299998 ], [ -11.812373640900001, 48.790327426200001 ], [ -11.948084077300001, 48.719603366800001 ], [ -11.953439247540803, 48.719794622879597 ], [ -12.259743498800001, 48.730734060400003 ], [ -12.3610231616, 48.718347353600002 ], [ -12.4105769626, 48.718347353600002 ], [ -12.582533614, 48.524816228299997 ], [ -12.866366301499999, 48.697341979500003 ], [ -13.055588093100001, 48.814214262599997 ], [ -13.1264642088, 49.0090629866 ], [ -13.1373660451, 49.063572167799997 ], [ -13.3917422239, 48.954553805400003 ], [ -13.893499556526526, 49.29529204234116 ], [ -13.893824155875892, 49.295252259272864 ], [ -13.8948417776, 49.295942788300003 ], [ -13.8641551275, 49.299778619500003 ], [ -13.8693705121, 49.313562136 ], [ -13.86888762392091, 49.313776882208181 ], [ -13.8685015101, 49.312764274800003 ], [ -13.248018677099999, 49.586083397700001 ], [ -13.238015044588362, 49.585926039323724 ], [ -13.237539399887565, 49.594545066273845 ], [ -13.009315001527673, 49.696039213952957 ], [ -12.553367522034169, 49.893053556943968 ], [ -11.7214592434, 49.445508981400003 ], [ -11.727912818825887, 49.459986610228 ], [ -11.724097700902455, 49.457984375910684 ], [ -11.315253491569417, 49.24341645880029 ], [ -11.285807653879248, 49.227002169373009 ], [ -11.299952396, 49.213472416 ], [ -11.7673686247, 48.812829934299998 ] ] ] ] } },
{ "type": "Feature", "properties": { "STATE": "PORTLAND", "County": "Luna Isla" }, "geometry": { "type": "MultiPolygon", "coordinates": [ [ [ [ 3.2499035441, 55.672653298 ], [ 3.5118477998, 55.711944936400002 ], [ 3.6428199276, 55.666104691699999 ], [ 3.6428199276, 55.515486744599997 ], [ 3.5904310765, 55.410709042400001 ], [ 3.5249450125, 55.351771584799998 ], [ 3.4529103422, 55.410709042400001 ], [ 3.4398131294, 55.332125765699999 ], [ 3.4201673103, 55.522035351 ], [ 3.3808756719, 55.528583957400002 ], [ 3.2957437888, 55.515486744599997 ], [ 3.2891951824, 55.548229776600003 ], [ 3.3219382144, 55.580972808600002 ], [ 3.3022923952, 55.594070021299999 ], [ 3.2499035441, 55.620264446900002 ], [ 3.2630007569, 55.659556085299997 ], [ 3.2499035441, 55.672653298 ] ] ] ] } },
{ "type": "Feature", "properties": { "STATE": "DENBURG", "County": "Harnell" }, "geometry": { "type": "MultiPolygon", "coordinates": [ [ [ [ -15.5718667764, 44.488853924300003 ], [ -15.602676430924117, 44.486543200228923 ], [ -15.7197303589, 44.477764155700001 ], [ -16.607987378972172, 44.570290928628147 ], [ -16.653109975500001, 44.574991199099998 ], [ -16.68861384496811, 44.576681859548167 ], [ -17.469817140100002, 44.613882016399998 ], [ -17.47082560510098, 44.618520955405131 ], [ -17.567044183499998, 45.061126416100002 ], [ -17.2170268273, 45.469479998399997 ], [ -16.3419834366, 45.255580502900003 ], [ -15.9141844457, 45.080571824800003 ], [ -14.5335604293, 44.8277815119 ], [ -14.1557310926, 44.534828715300002 ], [ -14.209076512241221, 44.535107942643897 ], [ -14.9064744207, 44.538758351 ], [ -15.5718667764, 44.488853924300003 ] ] ] ] } },
{ "type": "Feature", "properties": { "STATE": "DENBURG", "County": "Valtoria" }, "geometry": { "type": "MultiPolygon", "coordinates": [ [ [ [ -15.955594792335429, 44.117451112834495 ], [ -15.933639343160873, 44.135015472174139 ], [ -15.888644897566374, 44.152399689790201 ], [ -15.856154406923654, 44.164952833902163 ], [ -15.853216217155776, 44.179148569308261 ], [ -15.819082594199999, 44.344063676300003 ], [ -15.794991582831495, 44.371768339395807 ], [ -15.753453348600001, 44.419537308800003 ], [ -15.730356963542452, 44.431085501328774 ], [ -15.663168837400001, 44.464679564400001 ], [ -15.602676430924117, 44.486543200228923 ], [ -15.5718667764, 44.488853924300003 ], [ -14.9064744207, 44.538758351 ], [ -14.209076512241221, 44.535107942643897 ], [ -13.9346638159, 44.489372493300003 ], [ -12.8358284808, 43.9708209868 ], [ -12.9592931252, 43.835009878 ], [ -12.986873365120577, 43.840275196529866 ], [ -12.9810637678, 43.846385294299999 ], [ -14.3104439965, 44.0994763753 ], [ -14.314912217397168, 44.093809886489503 ], [ -14.3174042135, 44.094285631200002 ], [ -14.417924307095422, 43.963172465678149 ], [ -14.5817586939914, 43.755401690354653 ], [ -14.577759596647045, 43.754691653278968 ], [ -14.578187270663939, 43.754133817604917 ], [ -14.5862149862, 43.743662884300001 ], [ -14.5912039898, 43.737565213099998 ], [ -14.5909403906, 43.737499313299999 ], [ -14.601372895600001, 43.723891698099997 ], [ -14.60480272883342, 43.724473025766258 ], [ -14.634217792892946, 43.729458629840515 ], [ -15.3298142975, 43.847356342399998 ], [ -16.141472831665443, 43.811284110212007 ], [ -16.137940818640317, 43.835260630558118 ], [ -16.11836342849454, 43.952724970909202 ], [ -16.115504502499999, 43.969878526800002 ], [ -16.082948628299999, 44.007860380099999 ], [ -15.973035532388156, 44.103216412764972 ], [ -15.968859768723247, 44.106839131724243 ], [ -15.955594792335429, 44.117451112834495 ] ] ] ] } },
{ "type": "Feature", "properties": { "STATE": "NORTH ORLE", "County": "New Yorkshire" }, "geometry": { "type": "MultiPolygon", "coordinates": [ [ [ [ -18.755564040700001, 56.516747591799998 ], [ -18.755580348, 56.517242248199999 ], [ -18.751901914099999, 56.517490232500002 ], [ -18.752118469300001, 56.5078535229 ], [ -18.752954965899999, 56.507846666399999 ], [ -18.754863542300001, 56.385697776299999 ], [ -18.764661482499999, 55.949689435300002 ], [ -19.216058729299998, 55.978603242600002 ], [ -19.320788370300001, 55.9204201087 ], [ -19.327100909199999, 56.475923529799999 ], [ -18.755564040700001, 56.516747591799998 ] ] ] ] } },
{ "type": "Feature", "properties": { "STATE": "MARCENNE", "County": "St Martes" }, "geometry": { "type": "MultiPolygon", "coordinates": [ [ [ [ -4.3848842055, 54.20095689 ], [ -4.379161556529241, 54.200959784303329 ], [ -4.134263936018209, 54.20108364442509 ], [ -3.8416768923, 54.191712886200001 ], [ -3.842709964982758, 54.201231101596278 ], [ -3.841132563341622, 54.201231899387452 ], [ -3.815335099758532, 54.123473596243628 ], [ -3.722448575404321, 53.843496516502931 ], [ -3.7325083634, 53.837829698500002 ], [ -3.658325714648823, 53.428516447862336 ], [ -3.650070144333493, 53.360725054858896 ], [ -3.651778654687861, 53.361155917388643 ], [ -3.659737657512502, 53.362865292367189 ], [ -4.566653549744982, 53.563642407793239 ], [ -4.483005795454826, 53.847975441971506 ], [ -4.3848842055, 54.20095689 ] ] ] ] } },
{ "type": "Feature", "properties": { "STATE": "MARCENNE", "County": "Champrosé" }, "geometry": { "type": "MultiPolygon", "coordinates": [ [ [ [ -1.158999316, 54.504365993699999 ], [ -1.525754430351443, 54.526887575074461 ], [ -1.9443552724, 54.552592882399999 ], [ -1.945123039944001, 54.570491886982701 ], [ -1.945255836674955, 54.573587784060528 ], [ -1.944668137913465, 54.570516935658077 ], [ -1.952882098033592, 55.199558623289391 ], [ -1.963676196834442, 55.659487901677863 ], [ -1.141071271760163, 55.587389004676886 ], [ -1.142927895882743, 55.037610516825715 ], [ -1.158764647894285, 54.512152205572512 ], [ -1.158999316, 54.504365993699999 ] ] ] ] } },
{ "type": "Feature", "properties": { "STATE": "HARMINGTON", "County": "Vorskhaeth" }, "geometry": { "type": "MultiPolygon", "coordinates": [ [ [ [ -13.59969649212468, 59.757209998109246 ], [ -13.599082388936445, 59.742334096337856 ], [ -13.585300457350739, 59.40848358975115 ], [ -13.575217910366188, 59.164246169361668 ], [ -13.574832689712741, 59.154914668221863 ], [ -13.574761254539858, 59.153184238165181 ], [ -13.574605245559043, 59.149405110620329 ], [ -13.574258681464167, 59.141010017529069 ], [ -14.251627008775602, 59.156116807475108 ], [ -14.5665417445, 59.1690612851 ], [ -14.577786310900001, 59.8132620652 ], [ -13.59969649212468, 59.757209998109246 ] ] ] ] } },
{ "type": "Feature", "properties": { "STATE": "ORLAY", "County": "Arvel Falls" }, "geometry": { "type": "MultiPolygon", "coordinates": [ [ [ [ -11.371497830900001, 49.8345259122 ], [ -11.36179546289255, 49.768863887938153 ], [ -11.2477144307, 49.263439165400001 ], [ -11.285807653879248, 49.227002169373009 ], [ -11.315253491569417, 49.24341645880029 ], [ -11.724097700902455, 49.457984375910684 ], [ -11.8701543015456, 49.779084049222639 ], [ -11.377830028782983, 49.833728557271328 ], [ -11.377825897857328, 49.833729048256529 ], [ -11.371497830900001, 49.8345259122 ] ] ] ] } },
{ "type": "Feature", "properties": { "STATE": "NOVA", "County": "Valonne" }, "geometry": { "type": "MultiPolygon", "coordinates": [ [ [ [ -8.2176065839, 47.2873369677 ], [ -8.141293730199999, 47.363649821300001 ], [ -8.141293730199999, 47.501012957900002 ], [ -8.115762212943611, 47.517977629750426 ], [ -8.115762212943611, 47.548502771250426 ], [ -8.110768588799999, 47.607850953 ], [ -8.211321995900001, 47.733542712 ], [ -8.2274823649, 47.776637029299998 ], [ -8.2176065839, 47.806264372500003 ], [ -8.171818871699999, 47.852052084699999 ], [ -8.171818871699999, 47.943627509099997 ], [ -8.170335105907855, 47.988140482951835 ], [ -8.158642438568462, 48.338920503823175 ], [ -8.15746280133383, 48.374309620931669 ], [ -8.143169046300001, 48.377310432800002 ], [ -8.121875155893532, 48.406759349955031 ], [ -8.005107819503488, 48.424451370618527 ], [ -7.8421068341, 48.427296563399999 ], [ -7.852935423705532, 48.447507794222105 ], [ -7.622495331068447, 48.482422959769892 ], [ -6.669373601, 48.626835343099998 ], [ -6.7981875059, 47.882577226199999 ], [ -6.434510305060287, 47.80499736281827 ], [ -6.838101297671784, 47.126200711338093 ], [ -6.844780873136121, 47.124003477389927 ], [ -6.905025501, 47.104186118900003 ], [ -8.110768588799999, 47.073660977400003 ], [ -8.155209603499999, 47.127977773300003 ], [ -8.150832836899999, 47.128987796300002 ], [ -8.166847251640789, 47.157605116500001 ], [ -8.240024638535003, 47.240689151320979 ], [ -8.2372298891, 47.267713662399998 ], [ -8.2176065839, 47.2873369677 ] ] ] ] } },
{ "type": "Feature", "properties": { "STATE": "FLORENTIA", "County": "Briarhill" }, "geometry": { "type": "MultiPolygon", "coordinates": [ [ [ [ -15.864275663431469, 55.361806425338109 ], [ -16.115479860405404, 55.383474956231446 ], [ -16.613094193769992, 55.436109509393653 ], [ -16.607891311527805, 55.610148394111988 ], [ -16.602718415, 55.609876136399997 ], [ -16.600618970975638, 55.853411643225598 ], [ -16.5803609144, 56.531053267399997 ], [ -16.051093192218961, 56.471392581885688 ], [ -15.877343847858716, 56.441361831001913 ], [ -15.877338070391149, 56.440889709725113 ], [ -15.864175787861361, 55.365298447503299 ], [ -15.864132870273528, 55.361791321564844 ], [ -15.864275663431469, 55.361806425338109 ] ] ] ] } },
{ "type": "Feature", "properties": { "STATE": "HARMINGTON", "County": "Kraevholl" }, "geometry": { "type": "MultiPolygon", "coordinates": [ [ [ [ -19.208998963771638, 59.009616517665634 ], [ -17.6355936062, 59.82582873 ], [ -16.051595130900001, 59.839205166200003 ], [ -16.069951493199014, 59.732973682573324 ], [ -16.164573893051635, 59.185377282103389 ], [ -16.212102766306288, 59.182556212985517 ], [ -18.993770738571293, 59.017450729195147 ], [ -19.206975252689645, 59.004796007351715 ], [ -19.214297705383917, 59.0061280338806 ], [ -19.21429770538392, 59.0061280338806 ], [ -19.214678488826717, 59.005877340987269 ], [ -19.217247007631592, 59.004186328883264 ], [ -19.216651837259921, 59.005648733735249 ], [ -19.215672910120457, 59.006253501234731 ], [ -19.215516980871485, 59.006349832144558 ], [ -19.190266780659567, 59.021949052789296 ], [ -19.208998963771638, 59.009616517665634 ] ] ] ] } },
{ "type": "Feature", "properties": { "STATE": "DENBURG", "County": "Orcliff" }, "geometry": { "type": "MultiPolygon", "coordinates": [ [ [ [ -17.609928281199998, 45.014246310399997 ], [ -17.830463306399999, 45.035417099100002 ], [ -18.103000247699999, 45.020792188 ], [ -18.229283239200001, 45.268306943299997 ], [ -18.2343950317, 45.279260784400002 ], [ -18.233861602, 45.280390388 ], [ -18.223017673899999, 45.2861738163 ], [ -18.103734464799999, 45.337501742699999 ], [ -17.981559541599999, 45.390275526099998 ], [ -17.972737814599999, 45.394390002900003 ], [ -17.954772757099999, 45.422725473299998 ], [ -17.825023847600001, 45.622245022900003 ], [ -17.215393375800002, 45.473472886400003 ], [ -17.609928281199998, 45.014246310399997 ] ] ] ] } },
{ "type": "Feature", "properties": { "STATE": "MARCENNE", "County": "Parlone" }, "geometry": { "type": "MultiPolygon", "coordinates": [ [ [ [ -4.941045879, 54.415957724400002 ], [ -4.936639266109986, 54.429989244019289 ], [ -4.933191511523118, 54.440967570760399 ], [ -4.9233061373, 54.4724445409 ], [ -4.905493135677225, 54.484014818983802 ], [ -4.8765674126, 54.534188911199998 ], [ -4.7751797802, 54.568658709600001 ], [ -4.567004891720807, 54.643415370372175 ], [ -4.538222000333932, 54.653571164755803 ], [ -4.7311571852, 54.728595769899997 ], [ -4.645537769901505, 54.817257269877395 ], [ -4.553727681740892, 54.931481926937849 ], [ -4.548600256015111, 54.927831915920571 ], [ -4.508642396932809, 54.960805998216564 ], [ -4.134103235657417, 54.650166014812783 ], [ -3.917970275694403, 54.470906951842451 ], [ -3.923537216796936, 54.449614691098802 ], [ -3.8528340772, 54.294509611800002 ], [ -3.843477045820768, 54.208298601070801 ], [ -3.842709964982758, 54.201231101596278 ], [ -3.8416768923, 54.191712886200001 ], [ -4.134263936018209, 54.20108364442509 ], [ -4.379161556529241, 54.200959784303329 ], [ -4.3311748418, 54.342337310799998 ], [ -4.561932256530557, 54.356041594767227 ], [ -4.667052830434806, 54.362284523937078 ], [ -4.6967053531, 54.364045536 ], [ -4.720171019959474, 54.369031013191936 ], [ -4.839815861423615, 54.394450560474553 ], [ -4.897612512956672, 54.406729942505933 ], [ -4.941045879, 54.415957724400002 ] ] ] ] } },
{ "type": "Feature", "properties": { "STATE": "PORTLAND", "County": "Perellia" }, "geometry": { "type": "MultiPolygon", "coordinates": [ [ [ [ 4.629188975619733, 59.19036892653947 ], [ 4.3921596064, 59.1409499532 ], [ 3.913448940613116, 59.019464865076785 ], [ 3.8553073441, 59.457763054099999 ], [ 4.5512882442, 59.786304984200001 ], [ 4.5866501637, 59.468047708599997 ], [ 4.633609722962181, 59.207492963324363 ], [ 4.629188975619733, 59.19036892653947 ] ] ] ] } },
{ "type": "Feature", "properties": { "STATE": "FLORENTIA", "County": "Mariglen" }, "geometry": { "type": "MultiPolygon", "coordinates": [ [ [ [ -16.6144926198, 54.226192109800003 ], [ -16.601571924948644, 54.502805734998191 ], [ -16.57700657491986, 55.028714798241019 ], [ -16.5755879184, 55.059086208399997 ], [ -14.941421116, 54.0910632728 ], [ -14.941499648970161, 54.090223121156605 ], [ -14.983240739359371, 53.643673785057025 ], [ -14.987579223499999, 53.597260354200003 ], [ -15.018007191144306, 53.609023189980569 ], [ -16.598078604566439, 54.219846784080289 ], [ -16.6144926198, 54.226192109800003 ] ] ] ] } },
{ "type": "Feature", "properties": { "STATE": "WESTVALE", "County": "Tuarnek" }, "geometry": { "type": "MultiPolygon", "coordinates": [ [ [ [ 1.4470067624, 49.975869322500003 ], [ 1.495506525, 52.103297531400003 ], [ 3.1198185479, 52.260101243400001 ], [ 3.0730621289, 50.032796944499999 ], [ 1.4470067624, 49.975869322500003 ] ] ] ] } },
{ "type": "Feature", "properties": { "STATE": "WESTVALE", "County": "Vurnloch" }, "geometry": { "type": "MultiPolygon", "coordinates": [ [ [ [ 0.0782737253, 49.894888558399998 ], [ 0.111321580042747, 50.455977674946823 ], [ 0.210362708833308, 52.137505867547333 ], [ 0.2103891722, 52.137955164700003 ], [ 0.437721415137818, 52.101442030941939 ], [ 1.0118883827, 52.009221785299999 ], [ 1.4817366103, 52.074512456699999 ], [ 1.4475048606, 49.947333296799997 ], [ 0.0782737253, 49.894888558399998 ] ] ] ] } },
{ "type": "Feature", "properties": { "STATE": "ORVILLE", "County": "Cresthollow" }, "geometry": { "type": "MultiPolygon", "coordinates": [ [ [ [ -8.774566162318974, 56.636801822914848 ], [ -8.742722694438902, 56.248767851792898 ], [ -8.726288455769666, 56.021281477497574 ], [ -8.726128450402397, 56.019755069892412 ], [ -8.729785788035773, 56.01953281136452 ], [ -8.679449360271386, 55.574449269255375 ], [ -8.675284571118217, 55.534718315564312 ], [ -8.669070491769899, 55.475437691806242 ], [ -8.675341534161319, 55.475230899805084 ], [ -8.914940189056217, 55.467329966877621 ], [ -10.700689865699999, 55.447295588229906 ], [ -10.697486654977325, 55.419685250560576 ], [ -10.698835680725978, 55.419640765494655 ], [ -10.699088424168862, 55.421616165553765 ], [ -10.711350229831281, 55.448085070005924 ], [ -10.746163262200575, 56.581547029134938 ], [ -8.774566162318974, 56.636801822914848 ] ] ] ] } },
{ "type": "Feature", "properties": { "STATE": "ORLAY", "County": "Orwin" }, "geometry": { "type": "MultiPolygon", "coordinates": [ [ [ [ -7.258097453840584, 52.441452332207653 ], [ -7.2713320116, 52.422971319200002 ], [ -7.233499932257989, 52.395176880143104 ], [ -7.205675944522102, 52.366517235751537 ], [ -7.5044199676, 52.114294306300003 ], [ -7.5593505152, 51.851454373099997 ], [ -7.553690875265589, 51.846394532766674 ], [ -7.586287333687938, 51.840241975026949 ], [ -7.6488866672, 51.839149299600003 ], [ -7.837162230826016, 51.792889521269828 ], [ -7.901768348, 51.780695163799997 ], [ -7.908967265774159, 51.775246844038016 ], [ -7.9328523452, 51.769378220100002 ], [ -8.081720136029753, 51.644503181381978 ], [ -8.208285083383648, 51.548715685889526 ], [ -8.226143652699999, 51.535199877099998 ], [ -8.229867157993924, 51.538679497550248 ], [ -8.367046479377311, 51.666873748493138 ], [ -8.506073967700001, 51.796795113800002 ], [ -8.420910276013959, 51.95457007196719 ], [ -8.416184091894422, 51.958126063485132 ], [ -8.399831663002146, 51.975648684978999 ], [ -8.316755746949658, 52.088435163753878 ], [ -8.311382367855876, 52.096047450803404 ], [ -8.286750597710775, 52.130942458508962 ], [ -8.262782485249311, 52.164954862032545 ], [ -8.249919313749311, 52.174771241932547 ], [ -8.194678239948887, 52.229333473742031 ], [ -8.191880529215986, 52.229557409185553 ], [ -8.184986107348887, 52.235678841942025 ], [ -8.102474797454498, 52.271040831896762 ], [ -7.989316429599335, 52.320547617833398 ], [ -7.933730720518343, 52.341855472981109 ], [ -7.932116966927994, 52.340925132493744 ], [ -7.630443052498442, 52.331632886388675 ], [ -7.331219510935604, 52.471616005504444 ], [ -7.304267138190436, 52.46806948546844 ], [ -7.258097453840584, 52.441452332207653 ] ] ] ] } },
{ "type": "Feature", "properties": { "STATE": "NEW ZALES", "County": "Rock Hills" }, "geometry": { "type": "MultiPolygon", "coordinates": [ [ [ [ 2.365928998245516, 58.073954508778129 ], [ 2.365929029567161, 58.07395449308197 ], [ 2.365928967462548, 58.073954524204339 ], [ 2.365928998245516, 58.073954508778129 ] ] ], [ [ [ 2.567561802446909, 58.092996136750479 ], [ 2.378562991646592, 58.083529871184659 ], [ 2.361616331303702, 58.076115707284643 ], [ 2.361616330846592, 58.076115707084661 ], [ 2.339836766, 58.065464420200001 ], [ 2.329307016138904, 58.097053669897853 ], [ 2.3227639619, 58.1166828327 ], [ 2.2843990918, 58.163268746299998 ], [ 2.2656951252, 58.181972712899999 ], [ 2.2605940434, 58.192174876499998 ], [ 2.1990461942, 58.266911550499998 ], [ 2.1682828402, 58.276899652499999 ], [ 1.937353573, 58.319664331600002 ], [ 1.9770310562, 58.338994387500001 ], [ 2.343168648503803, 58.517378832274687 ], [ 2.607562690663157, 58.306714394386383 ], [ 2.609928454346909, 58.304829396250476 ], [ 2.567561802446909, 58.092996136750479 ] ] ] ] } },
{ "type": "Feature", "properties": { "STATE": "PORTLAND", "County": "West Arlans" }, "geometry": { "type": "MultiPolygon", "coordinates": [ [ [ [ 6.8752450917, 58.776441902599998 ], [ 6.5924310623, 58.732932051900001 ], [ 6.5687644046, 58.731111539799997 ], [ 6.5472992964, 58.729460377599999 ], [ 6.5120965191, 58.816113368099998 ], [ 6.2207526151, 59.503500234699999 ], [ 6.3561479127, 59.526066117699997 ], [ 6.2207526151, 59.864554361800003 ], [ 7.0663146041, 59.338739217 ], [ 7.223331735, 58.790641911100003 ], [ 6.9675451468, 58.790641911100003 ], [ 6.8752450917, 58.776441902599998 ] ] ] ] } },
{ "type": "Feature", "properties": { "STATE": "HAMPTON", "County": "Indra" }, "geometry": { "type": "MultiPolygon", "coordinates": [ [ [ [ -6.2984394209, 45.214751791700003 ], [ -6.193011826319664, 45.359446740210707 ], [ -5.97877485234681, 45.681254606259074 ], [ -5.844256772980076, 45.53552668694951 ], [ -5.7550783487, 45.447255464599998 ], [ -5.554938384088765, 45.338088211190517 ], [ -5.5096427821, 45.3133815192 ], [ -5.4109413614865, 45.280481045637593 ], [ -5.269482495923571, 45.223889290196084 ], [ -4.96399049462378, 44.886575205314436 ], [ -4.931578648040381, 44.844902831124884 ], [ -5.224184450351785, 44.625782365925197 ], [ -5.224184450351856, 44.625782365925183 ], [ -5.2996972884, 44.641006311300004 ], [ -5.488028664897195, 44.594269626460992 ], [ -6.07799114411499, 44.625440434190097 ], [ -6.152720605721167, 44.632790883576838 ], [ -6.234309331880795, 44.640816015690397 ], [ -6.375663445497401, 44.586227936209959 ], [ -6.447669358033628, 44.688140830196794 ], [ -6.520129681690634, 44.746109089147737 ], [ -6.533780272, 44.757029561400003 ], [ -6.3298657444, 45.124962295899998 ], [ -6.2984394209, 45.214751791700003 ] ] ] ] } },
{ "type": "Feature", "properties": { "STATE": "NORTH ORLE", "County": "Raccoons" }, "geometry": { "type": "MultiPolygon", "coordinates": [ [ [ [ -17.203518817500001, 56.556496906 ], [ -17.259881729500002, 56.554242389499997 ], [ -17.421097516300001, 56.547793758 ], [ -17.3383400791, 56.722503903300002 ], [ -17.209606287900002, 56.842042423700001 ], [ -17.2066275936, 56.795872661700002 ], [ -17.191802407099999, 56.566082271699997 ], [ -17.2036166191, 56.5640276261 ], [ -17.203518817500001, 56.556496906 ] ] ] ] } },
{ "type": "Feature", "properties": { "STATE": "ORLAY", "County": "Ardensburt" }, "geometry": { "type": "MultiPolygon", "coordinates": [ [ [ [ -8.324547191662639, 52.44570001243909 ], [ -8.570959791282453, 52.331657817573728 ], [ -8.710586687162552, 52.31307742583121 ], [ -8.735066074915926, 52.305642995772956 ], [ -8.732494232282763, 52.301304655279168 ], [ -9.0123741089, 52.21539388 ], [ -9.192528927224663, 52.423652849928949 ], [ -9.337557004144974, 52.583675513652679 ], [ -9.33890694847951, 52.585165029978612 ], [ -9.3421247058, 52.588715474200001 ], [ -9.182862459200001, 52.666356494399999 ], [ -8.054131953, 53.122514931600001 ], [ -7.989096997759142, 53.064786314294153 ], [ -7.960341854626891, 52.599918407561908 ], [ -8.145338028302772, 52.494575238809965 ], [ -8.324547191662639, 52.44570001243909 ] ] ] ] } },
{ "type": "Feature", "properties": { "STATE": "PORTLAND", "County": "West Alexia" }, "geometry": { "type": "MultiPolygon", "coordinates": [ [ [ [ 6.7944881405, 56.789371803500003 ], [ 6.798962906497485, 56.784897037502517 ], [ 6.7989629065, 56.784897037500002 ], [ 5.4622304254, 56.493907653900003 ], [ 5.0992228983, 56.419824485100001 ], [ 5.09045335, 56.422163031300002 ], [ 5.0821428194, 56.740970267300007 ], [ 5.0741386703, 56.746395301600003 ], [ 4.612162023971048, 57.033604493505948 ], [ 4.7179617067, 57.112642278300001 ], [ 5.1917422325, 57.428495962200003 ], [ 5.3813423346, 57.391150487499999 ], [ 6.109007905060043, 57.247822420568554 ], [ 6.8230777135, 57.146741465600002 ], [ 6.7944881405, 57.132446679099999 ], [ 6.7944881405, 56.870832262599997 ], [ 6.7944881405, 56.789371803500003 ] ] ] ] } },
{ "type": "Feature", "properties": { "STATE": "BAYBAR", "County": "Portchester" }, "geometry": { "type": "MultiPolygon", "coordinates": [ [ [ [ -1.0312707427, 45.248366939600004 ], [ -1.0454337919, 45.2399512147 ], [ -1.4410749499, 45.883302537399999 ], [ -0.9037327528, 46.209688168200003 ], [ -0.2415143044, 46.611924559099997 ], [ -0.2413128833, 46.616657953800001 ], [ 0.021193049797767, 46.595004030170976 ], [ 0.327088635990417, 46.598213234944602 ], [ 0.554816174856797, 46.456787036961209 ], [ 0.6333975953, 46.352408151299997 ], [ 0.0780777197, 46.022435471599998 ], [ -0.951228837313098, 45.410818531918544 ], [ -0.986269227, 45.389997430800001 ], [ -1.093938091975136, 45.402465574485795 ], [ -1.0312707427, 45.248366939600004 ] ] ] ] } },
{ "type": "Feature", "properties": { "STATE": "NORTH ORLE", "County": "Stratmere" }, "geometry": { "type": "MultiPolygon", "coordinates": [ [ [ [ -16.575877926447809, 57.789131869146622 ], [ -17.024851221731833, 57.851326273664007 ], [ -17.206176631200002, 57.894385216099998 ], [ -17.2047247454, 57.917373407299998 ], [ -17.167397035600001, 58.508395478399997 ], [ -16.540893390498582, 58.5079681326797 ], [ -16.575946274147807, 57.796581767846618 ], [ -16.575877926447809, 57.789131869146622 ] ] ] ] } },
{ "type": "Feature", "properties": { "STATE": "AUSTINAS", "County": "Calvernia" }, "geometry": { "type": "MultiPolygon", "coordinates": [ [ [ [ -4.3267059042, 49.867313617299999 ], [ -3.791754914978231, 50.165140197206924 ], [ -3.3820842015, 50.393218712699998 ], [ -2.8158638099, 49.622719154400002 ], [ -2.830281247541851, 49.616489168940106 ], [ -3.428515757106198, 49.357983296483688 ], [ -4.3267059042, 49.867313617299999 ] ] ] ] } },
{ "type": "Feature", "properties": { "STATE": "NOVA", "County": "Arinteen" }, "geometry": { "type": "MultiPolygon", "coordinates": [ [ [ [ -6.669373601, 48.626835343099998 ], [ -6.6608243693, 48.676230904199997 ], [ -6.635343554717424, 48.679383169922048 ], [ -5.666763138289083, 48.799207551354755 ], [ -5.1803550084, 48.859381753 ], [ -5.180279107, 48.858774541599999 ], [ -5.137529816132536, 48.757979466358684 ], [ -5.1498298669, 48.615180621299999 ], [ -5.1789603269, 48.5989970324 ], [ -5.2541728649, 48.481999751099998 ], [ -5.0699775105, 48.1647744184 ], [ -5.008810528751783, 48.077393016002219 ], [ -5.0086108226, 48.077107721499999 ], [ -5.421723834035054, 47.968321576903826 ], [ -5.5906148355, 47.867940565300003 ], [ -5.589302706164678, 47.786228648792147 ], [ -5.5924444181, 47.7621119358 ], [ -5.5924444181, 47.729951518900002 ], [ -5.9508584317, 47.775320381299998 ], [ -5.9574604996, 47.801220801600003 ], [ -5.9587461157, 47.806264372500003 ], [ -6.451928958673348, 47.815145665336019 ], [ -6.434510305060287, 47.80499736281827 ], [ -6.7981875059, 47.882577226199999 ], [ -6.669373601, 48.626835343099998 ] ] ], [ [ [ -5.165850673350302, 48.861907334899811 ], [ -5.165671459824932, 48.861249682500301 ], [ -5.180279107, 48.858774541599999 ], [ -5.179182987302878, 48.860238513982999 ], [ -5.165850673350302, 48.861907334899811 ] ] ] ] } },
{ "type": "Feature", "properties": { "STATE": "AQUALAND", "County": "Eichenfels" }, "geometry": { "type": "MultiPolygon", "coordinates": [ [ [ [ -14.999805871551469, 47.486510120901414 ], [ -14.8758133363, 47.782933154699997 ], [ -14.795397178, 47.973392476800001 ], [ -14.7906712026, 47.984585576500002 ], [ -14.791325920327115, 47.984634680329677 ], [ -14.79055146241034, 47.986483586957377 ], [ -14.909432463055893, 47.998421060132188 ], [ -15.010575906094532, 48.00424525747551 ], [ -15.019139439288864, 48.017608122529744 ], [ -15.019010755968765, 48.021706724436214 ], [ -15.0179716514, 48.0548025131 ], [ -15.02308145, 48.100790700200001 ], [ -15.022154802599999, 48.100817175800003 ], [ -14.814442764, 48.106751805499997 ], [ -14.649586148399999, 48.101903081499998 ], [ -14.473729562600001, 48.156858264599997 ], [ -14.4346242385, 48.169078678399998 ], [ -14.417593958099999, 48.143533257800001 ], [ -14.274058917898605, 47.927494381475356 ], [ -14.273726036889903, 47.927731376034743 ], [ -14.273402806, 47.9272465297 ], [ -14.1542200543, 48.012813633500002 ], [ -13.897587042982156, 48.17611893157936 ], [ -13.897584988127905, 48.176126857445759 ], [ -13.8958871217, 48.177207317899999 ], [ -13.894231677100001, 48.178260782599999 ], [ -13.8999910036, 48.081792064799998 ], [ -13.9375092072, 47.453362154 ], [ -13.938500295700001, 47.436761422099998 ], [ -14.083653330549238, 47.446803971731832 ], [ -14.966959019453661, 47.484900846742498 ], [ -15.00241663063621, 47.484783362146132 ], [ -14.999805871551469, 47.486510120901414 ] ] ] ] } },
{ "type": "Feature", "properties": { "STATE": "HAMPTON", "County": "Acrest" }, "geometry": { "type": "MultiPolygon", "coordinates": [ [ [ [ -4.3261055517, 48.243971532899998 ], [ -4.335591892731467, 48.517877637373964 ], [ -4.021115150939732, 49.052816325383382 ], [ -3.9825167152, 49.0617845449 ], [ -3.844043905762027, 49.036141432045703 ], [ -3.0886488825, 48.896253464799997 ], [ -3.2872861787, 48.714169276699998 ], [ -3.371723231077797, 48.552050136047917 ], [ -3.4236058917, 48.452435427600001 ], [ -3.5790877622, 48.1539102363 ], [ -3.6514545549, 48.035491848200003 ], [ -3.786463146595162, 47.890624301467803 ], [ -3.823185001528357, 47.906492658827531 ], [ -4.0487291472, 47.985832524099997 ], [ -4.0652822552, 47.985832524099997 ], [ -4.3189934435, 48.144402016800001 ], [ -4.3301319834, 48.151363604300002 ], [ -4.3261055517, 48.243971532899998 ] ] ] ] } },
{ "type": "Feature", "properties": { "STATE": "BAYBAR", "County": "Lakewood" }, "geometry": { "type": "MultiPolygon", "coordinates": [ [ [ [ -5.241902577755591, 41.672634130039363 ], [ -7.404562315438564, 42.05120129415517 ], [ -7.397837398587588, 42.070325276450127 ], [ -7.397285405782504, 42.071895005989589 ], [ -7.397422404439605, 42.070462056758366 ], [ -7.398345117494506, 42.060810860238391 ], [ -6.8643122195, 42.188507541900002 ], [ -5.6061816011, 42.503040196500002 ], [ -5.125295523747495, 42.76072122213607 ], [ -4.52460608216532, 43.137898313422511 ], [ -3.862879500328827, 42.742996966183959 ], [ -3.221633306043442, 42.360317785710194 ], [ -5.1031450623, 42.078638418300002 ], [ -5.0167346869, 41.905817667599997 ], [ -5.241902577755591, 41.672634130039363 ] ] ] ] } },
{ "type": "Feature", "properties": { "STATE": "PORTLAND", "County": "Edramar" }, "geometry": { "type": "MultiPolygon", "coordinates": [ [ [ [ 5.6785128032, 58.1314644797 ], [ 5.5318345641, 58.323274484700001 ], [ 5.8703228082, 58.616630962899997 ], [ 5.9154545741, 58.819723909399997 ], [ 6.0282839888, 58.955119207 ], [ 5.9048302539, 59.413236702900001 ], [ 5.93756074908949, 59.4225882729571 ], [ 6.2207526151, 59.503500234699999 ], [ 6.5120965191, 58.816113368099998 ], [ 6.5472992964, 58.729460377599999 ], [ 6.5687644046, 58.731111539799997 ], [ 6.5924310623, 58.732932051900001 ], [ 6.8752450917, 58.776441902599998 ], [ 6.6601287112, 58.300708601700002 ], [ 5.8398921849, 57.9460117255 ], [ 5.8251910423, 57.944378265200001 ], [ 5.8218616237, 57.944008329799999 ], [ 5.6785128032, 58.1314644797 ] ] ] ] } },
{ "type": "Feature", "properties": { "STATE": "MARCENNE", "County": "Chante-loup" }, "geometry": { "type": "MultiPolygon", "coordinates": [ [ [ [ -3.4418963939, 55.789049544800001 ], [ -2.322824200755349, 56.795667538237687 ], [ -2.315447633165262, 56.823268341651278 ], [ -2.300910025900315, 56.815379584391231 ], [ -2.3007291849, 56.815542252900002 ], [ -2.286248682652271, 56.807270829163855 ], [ -1.139090731273047, 56.173861269521169 ], [ -1.133385564161642, 56.170711130184749 ], [ -1.1201750154, 55.585557509399997 ], [ -1.141071271760163, 55.587389004676886 ], [ -1.963676196834442, 55.659487901677863 ], [ -1.978419538392628, 55.712965471455064 ], [ -2.535207440906119, 55.709580930595045 ], [ -3.22562458060457, 55.770093957839961 ], [ -3.424502698343251, 55.787525038653506 ], [ -3.425557589875853, 55.787617496786979 ], [ -3.4418963939, 55.789049544800001 ] ] ] ] } },
{ "type": "Feature", "properties": { "STATE": "HARMINGTON", "County": "Ardenbrooke" }, "geometry": { "type": "MultiPolygon", "coordinates": [ [ [ [ -16.043692792800002, 58.490944898499997 ], [ -16.540893390498582, 58.5079681326797 ], [ -17.612368822340308, 58.544653481165732 ], [ -17.607803052, 58.545199595299998 ], [ -17.863596152098058, 58.63927759349037 ], [ -19.113352341443878, 58.977431813810618 ], [ -19.15169147385118, 58.982051210865734 ], [ -19.214678488826717, 59.005877340987269 ], [ -19.214297705383917, 59.0061280338806 ], [ -19.206975252689645, 59.004796007351715 ], [ -18.993770738571293, 59.017450729195147 ], [ -16.212102766306288, 59.182556212985517 ], [ -16.21431771768642, 59.173979800637859 ], [ -16.20829614413001, 59.173655199907451 ], [ -16.100756330053155, 58.773982036156902 ], [ -16.043637182659261, 58.522272639702031 ], [ -16.043692792800002, 58.490944898499997 ] ] ], [ [ [ -19.215516980871485, 59.006349832144558 ], [ -19.215672910120457, 59.006253501234731 ], [ -19.216307945700031, 59.006493716465705 ], [ -19.215516980871485, 59.006349832144558 ] ] ] ] } },
{ "type": "Feature", "properties": { "STATE": "NEW ZALES", "County": "Fernia" }, "geometry": { "type": "MultiPolygon", "coordinates": [ [ [ [ 0.63520835305406, 58.771477080110607 ], [ 0.63163080934977, 58.765883165595916 ], [ 0.628998583423568, 58.7617673677101 ], [ 0.328855800808259, 58.764407764808411 ], [ 0.002029400554974, 59.408531949669296 ], [ 0.032241148547154, 59.551970807066304 ], [ 0.031073075347155, 59.555072242766308 ], [ 0.030672363747154, 59.556136201266305 ], [ 0.3981611872, 59.114607177700002 ], [ 0.4493197777, 59.128380644400004 ], [ 0.463561675451637, 59.132215001473426 ], [ 0.5018461334, 59.142522355499999 ], [ 0.5046265732, 59.138073651900001 ], [ 0.4968874084, 59.1352223807 ], [ 0.6451706901, 58.881022469299999 ], [ 0.6609808723, 58.885612522199999 ], [ 0.6602482951, 58.882368251899997 ], [ 0.658363438506654, 58.8818027949346 ], [ 0.655762353, 58.881022469299999 ], [ 0.646996798205946, 58.828429140238178 ], [ 0.6439765598, 58.810307709699998 ], [ 0.63520835305406, 58.771477080110607 ] ] ] ] } },
{ "type": "Feature", "properties": { "STATE": "WEST VILLE", "County": "Valroise" }, "geometry": { "type": "MultiPolygon", "coordinates": [ [ [ [ -8.733307157600001, 56.560801078499999 ], [ -7.960105091501929, 56.60825237246668 ], [ -7.721456810108838, 56.614640057416857 ], [ -7.317547368835052, 56.675415968323932 ], [ -7.374876698262456, 56.179009438549215 ], [ -7.37433565968255, 56.12177935744262 ], [ -8.649488110676577, 56.02441254776074 ], [ -8.7238453564, 56.0187348519 ], [ -8.723939993122446, 56.019888063709814 ], [ -8.742722694438902, 56.248767851792898 ], [ -8.774566162318974, 56.636801822914848 ], [ -8.774760679634431, 56.639172146607386 ], [ -8.74428241163303, 56.639624231977791 ], [ -8.744506888771149, 56.642046325789835 ], [ -8.741842489129255, 56.642190277097498 ], [ -8.736497502058899, 56.563351717809759 ], [ -8.733572118370041, 56.563520899838032 ], [ -8.733307157600001, 56.560801078499999 ] ] ], [ [ [ -7.306956359328254, 56.677009588537835 ], [ -7.317547368835052, 56.675415968323932 ], [ -7.31714824819913, 56.678871897284168 ], [ -7.306956359328254, 56.677009588537835 ] ] ] ] } },
{ "type": "Feature", "properties": { "STATE": "NEW ZALES", "County": "Greenfield" }, "geometry": { "type": "MultiPolygon", "coordinates": [ [ [ [ 0.7995859117, 57.777195230300002 ], [ 0.8060910075, 57.7767169145 ], [ 0.8383723992, 58.125355944200003 ], [ 0.848112008229159, 58.230543722401393 ], [ 0.851004877932653, 58.206955365306001 ], [ 0.857820447414835, 58.151381453159196 ], [ 1.119975375079476, 58.055064224620871 ], [ 1.120110490836638, 58.055014582314399 ], [ 1.122686901566782, 58.054922999283065 ], [ 1.168204364988736, 58.053305001333413 ], [ 1.455737470984293, 58.037576615468602 ], [ 2.059010130310289, 58.006156164479009 ], [ 2.027558793194522, 57.642231747451234 ], [ 2.000476156404713, 57.645047153987356 ], [ 2.000167360616162, 57.643737751574648 ], [ 1.992865463246133, 57.612775146551655 ], [ 1.991002772500368, 57.613027885997326 ], [ 1.868497625776839, 57.629650013393039 ], [ 1.2629054311, 57.710443526299997 ], [ 1.131327353848666, 57.737585954572928 ], [ 1.132289237902992, 57.725463444194858 ], [ 0.7969117623, 57.752459348899997 ], [ 0.7995859117, 57.777195230300002 ] ] ] ] } },
{ "type": "Feature", "properties": { "STATE": "ORLAY", "County": "Oriella" }, "geometry": { "type": "MultiPolygon", "coordinates": [ [ [ [ -9.962124316420127, 51.991597166797924 ], [ -10.147061581099999, 51.979953597399998 ], [ -10.329025895891299, 51.660296997245275 ], [ -10.3496463026, 51.676211165799998 ], [ -10.506424875015242, 51.581940678592446 ], [ -10.5091088462, 51.580812363299998 ], [ -10.674986668426277, 51.480584975803232 ], [ -10.8726351038, 51.361739562099999 ], [ -10.872713391349695, 51.361113713093509 ], [ -10.8742718565, 51.360172050800003 ], [ -10.8624704397202, 51.512146526978078 ], [ -10.835395697199999, 51.860805496399998 ], [ -10.952735932950695, 51.858757315051648 ], [ -10.966296373, 51.858520616699998 ], [ -10.643898297830656, 52.238563534500813 ], [ -10.635971141900001, 52.227865318500001 ], [ -10.609720567477753, 52.23954663353787 ], [ -10.1884616007, 52.427003815399999 ], [ -10.184175874399999, 52.4032097009 ], [ -9.758946218, 52.33452403 ], [ -9.752773824199704, 52.338095510773421 ], [ -9.727268165061094, 52.333045037429216 ], [ -9.76121297500438, 52.256170026638699 ], [ -9.88210253544333, 52.003458581220045 ], [ -9.962124316420127, 51.991597166797924 ] ] ] ] } },
{ "type": "Feature", "properties": { "STATE": "TURNIPS", "County": "Chartia" }, "geometry": { "type": "MultiPolygon", "coordinates": [ [ [ [ 7.3770163333, 44.147409672800002 ], [ 7.3294244991, 44.2385798595 ], [ 7.4115579368, 44.276813866099999 ], [ 7.49465461, 44.2598641429 ], [ 7.5322464595, 44.214519858400003 ], [ 7.5885539642, 44.151102075899999 ], [ 7.6635771239, 44.069610795400003 ], [ 7.7479581113, 43.979082765699999 ], [ 7.7779580651, 43.841605059099997 ], [ 7.7143797434, 43.794494842699997 ], [ 7.6316041487, 43.793049989300002 ], [ 7.5936912206, 43.856788850400001 ], [ 7.3770163333, 44.147409672800002 ] ] ] ] } },
{ "type": "Feature", "properties": { "STATE": "BRYT CITY", "County": "Draymere" }, "geometry": { "type": "MultiPolygon", "coordinates": [ [ [ [ 7.5251087218, 48.949343304499997 ], [ 7.7974743803, 48.7723056265 ], [ 7.8740772218, 48.606332803299999 ], [ 7.8780544507, 48.597715473900003 ], [ 7.8631197927, 48.588524915100002 ], [ 6.7761031608, 48.132246328900003 ], [ 6.9395225559, 49.112762699599998 ], [ 6.7080117462, 49.889004826499999 ], [ 7.0212322535, 50.215843616800001 ], [ 7.674909834, 49.575784319199997 ], [ 7.6447852147, 49.518045465500002 ], [ 7.5718845632, 49.3783192167 ], [ 7.5114904389, 49.2625638118 ], [ 7.5124055014, 49.241517374600001 ], [ 7.5251087218, 48.949343304499997 ] ] ] ] } },
{ "type": "Feature", "properties": { "STATE": "BAYBAR", "County": "New Hartford" }, "geometry": { "type": "MultiPolygon", "coordinates": [ ] } },
{ "type": "Feature", "properties": { "STATE": "ORLAY", "County": "Arhill" }, "geometry": { "type": "MultiPolygon", "coordinates": [ [ [ [ -5.50876114610628, 52.342902076204822 ], [ -5.0611508984, 52.605990734199999 ], [ -5.075474009940456, 52.609528895172623 ], [ -5.0580912894, 52.612187090100001 ], [ -4.68772017, 52.652385832100002 ], [ -4.5865493244, 52.654151775800003 ], [ -4.573513041904414, 52.695661855838161 ], [ -4.5657244225, 52.6966651547 ], [ -4.492832899907009, 52.894240904116735 ], [ -4.219986288716235, 52.792005269301455 ], [ -4.2394301842, 52.784785827900002 ], [ -3.793904727450292, 52.449615968551676 ], [ -3.972537615662212, 52.251398505329703 ], [ -3.99839932570738, 52.246367760081711 ], [ -4.003536336773387, 52.245368483778478 ], [ -4.4806881553, 52.136185533300001 ], [ -4.66716696, 52.1159457981 ], [ -4.687860677, 52.142239239299997 ], [ -5.194425955449523, 52.053550727182007 ], [ -5.3962931488, 52.008097346 ], [ -5.399649413242639, 52.006345339269217 ], [ -5.7559766728, 51.820338614299999 ], [ -5.777029223035586, 51.811294149871571 ], [ -5.777029223035598, 51.811294149871564 ], [ -6.342839880540254, 51.543770710589754 ], [ -6.315644278766384, 51.57989773197162 ], [ -5.9419258114, 52.076350620699998 ], [ -5.50876114610628, 52.342902076204822 ] ] ] ] } },
{ "type": "Feature", "properties": { "STATE": "FLORENTIA", "County": "Rosevale" }, "geometry": { "type": "MultiPolygon", "coordinates": [ [ [ [ -15.2879514345, 55.882565175 ], [ -15.3928135325, 55.773977293800002 ], [ -15.326771404, 55.485359688599999 ], [ -15.1101278963, 55.306128346800001 ], [ -15.200374607822436, 55.322135981160798 ], [ -15.1814930236, 55.291977132100001 ], [ -15.183187070930165, 55.285476768479484 ], [ -15.246447566323502, 55.292566461137191 ], [ -15.34834256337013, 55.30398597671207 ], [ -15.864132870273528, 55.361791321564844 ], [ -15.864175787861361, 55.365298447503299 ], [ -15.851819304371018, 55.797327162688461 ], [ -15.851004727299999, 55.811732753800001 ], [ -15.336242501597587, 55.876490131574108 ], [ -15.2879514345, 55.882565175 ] ] ] ] } },
{ "type": "Feature", "properties": { "STATE": "HILLTON", "County": "Pinewraith" }, "geometry": { "type": "MultiPolygon", "coordinates": [ [ [ [ -14.473504955321385, 50.968233307665791 ], [ -14.473768034824726, 50.969061524799471 ], [ -14.473364780583621, 50.968934181354996 ], [ -14.473504955321385, 50.968233307665791 ] ] ], [ [ [ -14.474033455900321, 50.969145341981175 ], [ -14.473941193188919, 50.969606655538435 ], [ -14.473768034824726, 50.969061524799471 ], [ -14.474033455900321, 50.969145341981175 ] ] ], [ [ [ -14.393470332954804, 51.087866611704655 ], [ -14.082191852199999, 51.480145866800001 ], [ -14.0802792494, 51.484449223200002 ], [ -14.0411628353, 51.521787618499999 ], [ -14.040021365999811, 51.515129047581901 ], [ -13.992154272471531, 51.235904335319482 ], [ -13.928125298912009, 50.862401989536721 ], [ -13.928120697300001, 50.862375146799998 ], [ -13.929663118302253, 50.862375146799998 ], [ -14.092878352632113, 50.862375146799998 ], [ -14.108531415913783, 50.862375146799998 ], [ -14.1185313063, 50.862375146799998 ], [ -14.434707377393829, 50.962220221809957 ], [ -14.47318653910513, 50.968877894572358 ], [ -14.473364780583621, 50.968934181354996 ], [ -14.437582922512471, 51.147843471809217 ], [ -14.436991600012471, 51.148407916009219 ], [ -14.411188898229209, 51.119103785943686 ], [ -14.393470332954804, 51.087866611704655 ] ] ] ] } },
{ "type": "Feature", "properties": { "STATE": "FLORENTIA", "County": "Linkford" }, "geometry": { "type": "MultiPolygon", "coordinates": [ [ [ [ -15.0441131344, 55.266986372200002 ], [ -15.041704582566917, 55.269897677290317 ], [ -14.890256783302767, 55.452958196419885 ], [ -14.722239395400001, 55.656046986100002 ], [ -14.7212835423, 55.601286201 ], [ -14.719626224280011, 55.577661222394745 ], [ -14.717811066406766, 55.551786245230808 ], [ -14.686942589200788, 55.111757774670245 ], [ -14.684822545699999, 55.081536669400002 ], [ -15.035371585624047, 55.262474376413032 ], [ -15.0441131344, 55.266986372200002 ] ] ] ] } },
{ "type": "Feature", "properties": { "STATE": "WEST VILLE", "County": "Montarielle" }, "geometry": { "type": "MultiPolygon", "coordinates": [ [ [ [ -7.374876698262456, 56.179009438549215 ], [ -7.31714824819913, 56.678871897284168 ], [ -7.306956359328254, 56.677009588537835 ], [ -7.362783607143543, 57.365748419607755 ], [ -7.349895748594145, 57.735581935469682 ], [ -7.3285495347, 57.7701971989 ], [ -7.368919603270204, 57.775459679195592 ], [ -7.368968875788781, 57.780671636973032 ], [ -7.365669238075042, 57.788705537493442 ], [ -6.604445164666467, 57.593592702467873 ], [ -6.562123706402144, 57.582576034208344 ], [ -6.4211038055, 55.255623602699998 ], [ -7.308646493695445, 55.278769152811655 ], [ -7.372905713066598, 55.970522194186124 ], [ -7.37433565968255, 56.12177935744262 ], [ -7.374876698262456, 56.179009438549215 ] ] ] ] } },
{ "type": "Feature", "properties": { "STATE": "NEW ZALES", "County": "Ashgrove" }, "geometry": { "type": "MultiPolygon", "coordinates": [ [ [ [ -6.8131876423, 58.936581838400002 ], [ -7.246556175975549, 58.990356318577255 ], [ -8.763624749014543, 59.140561127806848 ], [ -8.7490600884, 59.1963071821 ], [ -8.637677625493211, 59.968195629703118 ], [ -6.1327198999, 60.020931581799999 ], [ -6.1327198999, 60.0091823725 ], [ -6.1327198999, 59.907835736400003 ], [ -6.15678114000738, 59.17214661881107 ], [ -6.3629345404, 59.193846976700002 ], [ -6.547837373254453, 59.213310432811156 ], [ -6.63474578403756, 59.227283499828467 ], [ -6.636544620068354, 59.22264803774911 ], [ -6.6381897992, 59.222821214500001 ], [ -6.663685265433206, 59.152708682385821 ], [ -6.716742273121329, 59.015984854881786 ], [ -6.7321311648, 58.964482459199999 ], [ -6.7446045148, 58.9301807465 ], [ -6.8131876423, 58.936581838400002 ] ] ] ] } },
{ "type": "Feature", "properties": { "STATE": "NEW ZALES", "County": "Cederfield" }, "geometry": { "type": "MultiPolygon", "coordinates": [ [ [ [ -0.6955240492, 58.4557075751 ], [ -0.696032663522971, 58.460708949304369 ], [ -0.6964166167, 58.464484488899998 ], [ -1.0218502719, 58.4484795551 ], [ -1.340988833706565, 58.430422314712331 ], [ -1.341049131648171, 58.432781250484609 ], [ -1.362444726902707, 59.269805428600598 ], [ -1.362508496480964, 59.272300179421705 ], [ -1.352394692275883, 59.277392523629146 ], [ -1.351931374686308, 59.277625806041542 ], [ -1.287825097999316, 59.277140152430277 ], [ -1.269639918204935, 59.277002385916688 ], [ -1.031025865415197, 59.27014476454324 ], [ -1.02378602544147, 59.268938124547617 ], [ -1.02354482391689, 59.268897924293519 ], [ -0.80724667873755, 59.368016616764123 ], [ -0.7881108218, 59.376955926199997 ], [ -0.79203484730034, 59.402516502303968 ], [ -0.79212061221603, 59.403075163468209 ], [ -0.193386754901774, 59.469512740990787 ], [ -0.19363824037035, 59.469005014208449 ], [ -0.193840815158148, 59.468596033738223 ], [ -0.208171784617776, 59.439663081656384 ], [ -0.6808757148, 58.485315910700002 ], [ -0.6955240492, 58.4557075751 ] ] ] ] } },
{ "type": "Feature", "properties": { "STATE": "TURNIPS", "County": "Belmarque" }, "geometry": { "type": "MultiPolygon", "coordinates": [ [ [ [ 6.3652680702, 43.605344381499997 ], [ 6.3470340328, 43.5958260146 ], [ 6.0821251543, 44.014406177 ], [ 6.6912797427, 44.429842992799998 ], [ 7.0284826135, 44.086125451 ], [ 6.3652680702, 43.605344381499997 ] ] ] ] } },
{ "type": "Feature", "properties": { "STATE": "MARCENNE", "County": "Saint Lysien" }, "geometry": { "type": "MultiPolygon", "coordinates": [ [ [ [ -3.798640725744952, 55.976442979879117 ], [ -4.123773409470497, 56.300350804350067 ], [ -2.634804200384104, 56.993698073846723 ], [ -2.452813724821142, 56.897809339566876 ], [ -2.315447633165262, 56.823268341651278 ], [ -2.322824200755349, 56.795667538237687 ], [ -3.4418963939, 55.789049544800001 ], [ -3.425557589875853, 55.787617496786979 ], [ -3.468763514803426, 55.748994209831686 ], [ -3.489921546338975, 55.730080305667464 ], [ -3.5519267136, 55.789957999599999 ], [ -3.580076946855034, 55.765378391988754 ], [ -3.798640725744952, 55.976442979879117 ] ] ], [ [ [ -2.636429934308617, 57.011791770058949 ], [ -2.590152517141669, 56.992797551606692 ], [ -2.588046849635073, 56.991244815744899 ], [ -2.639806013357546, 57.006629141355042 ], [ -2.639806013357557, 57.006629141355042 ], [ -2.637306579526438, 57.010037460215656 ], [ -2.637083514398581, 57.010792329203497 ], [ -2.636749427627097, 57.011922903692948 ], [ -2.63649749142018, 57.011819498368212 ], [ -2.636429934308617, 57.011791770058949 ] ] ] ] } },
{ "type": "Feature", "properties": { "STATE": "AURELIA", "County": "Robenstein" }, "geometry": { "type": "MultiPolygon", "coordinates": [ [ [ [ -17.829675400491944, 54.033336322718029 ], [ -17.492642759067706, 54.07581149477744 ], [ -17.3987174522, 54.087648608099997 ], [ -17.0975902717, 54.133703353400001 ], [ -17.093402896400001, 54.1343437755 ], [ -17.08994078039564, 54.134873275595055 ], [ -16.597958491499998, 54.210117625700001 ], [ -16.574031093399999, 54.213777110099997 ], [ -16.563707672500001, 54.142307272700002 ], [ -16.5781997821, 54.156799382400003 ], [ -16.413221339960597, 52.807813418820402 ], [ -17.887580922385155, 53.097037024633217 ], [ -17.89923062094644, 53.09932233404124 ], [ -17.980243066204931, 53.297805002886001 ], [ -18.06966703702863, 53.516896135503345 ], [ -17.952220374900001, 53.780076708899998 ], [ -18.064311805911572, 53.551614722512234 ], [ -17.881922560785245, 53.99338873689149 ], [ -17.875496715463818, 53.99419856612495 ], [ -17.829675400491944, 54.033336322718029 ] ] ], [ [ [ -17.870856747544007, 54.020191790627301 ], [ -17.87295118804731, 54.015118742661215 ], [ -17.87773707431662, 54.003526610745261 ], [ -17.881922560785245, 53.99338873689149 ], [ -17.884199259454093, 53.993101811662889 ], [ -17.870856747544007, 54.020191790627301 ] ] ] ] } },
{ "type": "Feature", "properties": { "STATE": "BAYBAR", "County": "Pinecrest" }, "geometry": { "type": "MultiPolygon", "coordinates": [ [ [ [ -0.4285069917, 44.524316126499997 ], [ -0.3952335219, 44.539735539299997 ], [ -1.0079222378, 45.214943512 ], [ -1.0329299405, 45.2399512147 ], [ -1.0433399526, 45.239350637 ], [ -1.0457666237, 45.243279533100001 ], [ -1.0312707427, 45.248366939600004 ], [ -1.093938091975136, 45.402465574485795 ], [ -0.951228837313098, 45.410818531918544 ], [ -0.763515673201113, 45.421805626435344 ], [ -0.256715429171914, 45.28002357925206 ], [ -0.026352053392896, 45.169324093787822 ], [ 0.10663899561167, 45.046697249609799 ], [ 0.249111656534143, 45.023646413901538 ], [ 0.622801347248565, 44.632287741579297 ], [ 0.612098825426656, 44.62122715881231 ], [ 0.2549667481, 44.252146958300003 ], [ 0.0241994663, 44.3418897902 ], [ -0.4202412246, 44.514727836600002 ], [ -0.4285069917, 44.524316126499997 ] ] ] ] } },
{ "type": "Feature", "properties": { "STATE": "ORVILLE", "County": "Orsendale" }, "geometry": { "type": "MultiPolygon", "coordinates": [ [ [ [ -9.433704867911027, 54.3879217483167 ], [ -8.613892203436489, 54.446022240713624 ], [ -8.595627589799999, 54.4473166621 ], [ -8.509918741759606, 53.67277845637205 ], [ -8.5086519427, 53.661330580300003 ], [ -8.5263212655, 53.624394056600003 ], [ -9.1733470874176, 53.401479433862725 ], [ -9.24279922299627, 53.377551646011952 ], [ -9.323019954738648, 53.34991383999818 ], [ -9.323425231817401, 53.353714545990982 ], [ -9.432640925444872, 54.377944049801044 ], [ -9.433704867911027, 54.3879217483167 ] ] ] ] } },
{ "type": "Feature", "properties": { "STATE": "HARMINGTON", "County": "Ravenshire Crest" }, "geometry": { "type": "MultiPolygon", "coordinates": [ [ [ [ -11.589016962200001, 59.289115917099998 ], [ -11.587903281592062, 59.260884463382503 ], [ -11.625911188, 59.261286478400002 ], [ -11.539522369012406, 57.99123770384751 ], [ -11.556972783129297, 57.991369308659074 ], [ -12.1087870322, 57.9955308953 ], [ -12.153635963174199, 58.003207636210824 ], [ -13.190575022689231, 58.171668438102486 ], [ -13.19159663102835, 58.17427843461769 ], [ -13.574761254539858, 59.153184238165181 ], [ -13.574832689712741, 59.154914668221863 ], [ -13.575217910366188, 59.164246169361668 ], [ -13.4994363893, 59.170135261900001 ], [ -12.489831813983207, 59.233013293896597 ], [ -11.589016962200001, 59.289115917099998 ] ] ] ] } },
{ "type": "Feature", "properties": { "STATE": "UGHAMPTON", "County": "Nerrisira" }, "geometry": { "type": "MultiPolygon", "coordinates": [ [ [ [ -1.139094269095922, 56.172813659029195 ], [ -2.286248682652271, 56.807270829163855 ], [ -2.3007291849, 56.815542252900002 ], [ -2.300910025900315, 56.815379584391231 ], [ -2.315447633165262, 56.823268341651278 ], [ -2.452813724821142, 56.897809339566876 ], [ -2.634804200384104, 56.993698073846723 ], [ -2.634080268624973, 57.004927283848247 ], [ -2.588046849635073, 56.991244815744899 ], [ -0.186213737361933, 56.560406568203703 ], [ -1.0852051501, 56.2226361134 ], [ -1.089466751175581, 56.182923416136923 ], [ -1.1389291835, 56.221698356899999 ], [ -1.139090731273047, 56.173861269521169 ], [ -1.139094269095922, 56.172813659029195 ] ] ], [ [ [ -2.633332352411686, 57.016528526806049 ], [ -2.634080268624973, 57.004927283848247 ], [ -2.639806013357546, 57.006629141355042 ], [ -2.639806013357557, 57.006629141355042 ], [ -2.637083514398581, 57.010792329203497 ], [ -2.636749427627097, 57.011922903692948 ], [ -2.63649749142018, 57.011819498368212 ], [ -2.636429934308617, 57.011791770058949 ], [ -2.633332352411686, 57.016528526806049 ] ] ] ] } },
{ "type": "Feature", "properties": { "STATE": "NORTH ORLE", "County": "Ostervale" }, "geometry": { "type": "MultiPolygon", "coordinates": [ [ [ [ -18.397837792099999, 56.542089388800001 ], [ -18.397837792099999, 56.698397345 ], [ -18.235044119099999, 56.864654713199997 ], [ -17.997279336799998, 57.106021992199999 ], [ -17.997161052, 57.107599122099998 ], [ -17.990752251499998, 57.1141442801 ], [ -17.990752251499998, 57.193049796300002 ], [ -17.979510341099999, 57.342941934899997 ], [ -17.8266501594, 57.345007613 ], [ -17.826619473499999, 57.346664650299999 ], [ -17.8180979708, 57.336012771900002 ], [ -17.8181402218, 57.333435460099999 ], [ -17.8064154763, 57.315848341900001 ], [ -17.727365219, 57.326567020900001 ], [ -17.615638873, 57.333775172199999 ], [ -17.615638873, 56.538598487199998 ], [ -17.687760369500001, 56.538598487199998 ], [ -17.686504102299999, 56.520696679300002 ], [ -18.403541765899998, 56.515094822499996 ], [ -18.403541765899998, 56.5418240877 ], [ -18.397837792099999, 56.542089388800001 ] ] ] ] } },
{ "type": "Feature", "properties": { "STATE": "FRELANDIA", "County": "Orvatar" }, "geometry": { "type": "MultiPolygon", "coordinates": [ [ [ [ -4.5796926028, 40.8614049643 ], [ -5.6243507581, 40.9397713388 ], [ -5.801887964, 41.149194506400001 ], [ -5.813230779, 41.245597467300001 ], [ -5.0829956297, 41.470865860300002 ], [ -4.7844667267, 41.524377177 ], [ -4.236417827, 41.118559319 ], [ -4.5796926028, 40.8614049643 ] ] ] ] } },
{ "type": "Feature", "properties": { "STATE": "HILLTON", "County": "Thornhelm" }, "geometry": { "type": "MultiPolygon", "coordinates": [ [ [ [ -12.537023063884844, 48.241895188143381 ], [ -12.537765052099999, 48.24593445 ], [ -14.4242723671, 48.387141371600002 ], [ -14.607797290100001, 49.257382589700001 ], [ -14.609113937, 49.263439165400001 ], [ -14.229032911699999, 49.254168896499998 ], [ -13.893824155875892, 49.295252259272864 ], [ -13.893499556526526, 49.29529204234116 ], [ -13.3917422239, 48.954553805400003 ], [ -13.1373660451, 49.063572167799997 ], [ -13.1264642088, 49.0090629866 ], [ -13.1010265909, 48.881874897099998 ], [ -13.0646871368, 48.809195988900001 ], [ -12.568419499599999, 48.507890637700001 ], [ -12.555934779099999, 48.500310628900003 ], [ -12.537023063884844, 48.241895188143381 ] ] ] ] } },
{ "type": "Feature", "properties": { "STATE": "HAMPTON", "County": "Edenia" }, "geometry": { "type": "MultiPolygon", "coordinates": [ [ [ [ -6.027071430273492, 43.010551189360399 ], [ -6.8721849012, 42.983519368099998 ], [ -7.0634333947, 42.919769870300001 ], [ -7.5718890787, 42.553681777800001 ], [ -7.5946792098, 42.5372728834 ], [ -7.738464941475028, 42.790331896129985 ], [ -7.422228565373751, 43.257841483569734 ], [ -7.419808336363332, 43.259459527423076 ], [ -7.388447620368319, 43.280425730841664 ], [ -7.38338999265131, 43.284418594825759 ], [ -7.379330785584314, 43.291785303947343 ], [ -7.349236306858053, 43.346401209783892 ], [ -7.3065440481, 43.431785727300003 ], [ -7.269740376756855, 43.490671601449037 ], [ -7.256827213026035, 43.514463933923203 ], [ -7.225259043, 43.504957568199998 ], [ -7.1271828925, 43.472265518100002 ], [ -5.8946926014, 43.451015685500003 ], [ -5.6821942753, 43.217267526800001 ], [ -5.608715350873491, 43.229690088160403 ], [ -5.6788574692, 43.171431055399999 ], [ -5.838845670141484, 43.109145635234192 ], [ -6.024986166373492, 43.011643470560401 ], [ -6.027071430273492, 43.010551189360399 ] ] ] ] } },
{ "type": "Feature", "properties": { "STATE": "AQUALAND", "County": "Wasserfeld" }, "geometry": { "type": "MultiPolygon", "coordinates": [ [ [ [ -14.280301786131977, 46.693584898878598 ], [ -14.29768006280111, 46.629011742382851 ], [ -14.316094509916555, 46.578136020181006 ], [ -14.449282547069718, 46.062412621963475 ], [ -14.450290867945027, 46.063042708620749 ], [ -15.501635792305748, 46.723094182339821 ], [ -15.265464343109429, 46.904623205202149 ], [ -15.140468375844938, 47.17667440955006 ], [ -14.996924804285561, 47.4827247456141 ], [ -15.00241663063621, 47.484783362146132 ], [ -14.966959019453661, 47.484900846742498 ], [ -14.083653330549238, 47.446803971731832 ], [ -14.275967117681578, 46.690040496037163 ], [ -14.280301786131977, 46.693584898878598 ] ] ] ] } },
{ "type": "Feature", "properties": { "STATE": "AQUALAND", "County": "Crestfall" }, "geometry": { "type": "MultiPolygon", "coordinates": [ [ [ [ -9.700445025100001, 43.517041555500001 ], [ -9.701510434799999, 43.520237784700001 ], [ -9.7106507992, 43.547658878 ], [ -9.754166293133192, 43.625986767038029 ], [ -9.7732318534, 43.660304775500002 ], [ -9.9278742266, 43.754808448 ], [ -9.9278742266, 43.77548383 ], [ -9.8968611537, 43.77548383 ], [ -9.834835007800001, 43.8478476668 ], [ -9.815558536960602, 43.857209570718197 ], [ -9.8119395465, 43.854587291900003 ], [ -9.7614225187, 43.854587291900003 ], [ -9.759586923520486, 43.857209570718197 ], [ -9.759350536260602, 43.857209570718197 ], [ -9.7532984579, 43.866193093 ], [ -9.710782716, 43.951224576599998 ], [ -9.6657660482, 43.991239392499999 ], [ -9.617743497199999, 44.044263795500001 ], [ -9.4796830468, 44.044263795500001 ], [ -9.47652173, 44.044263795500001 ], [ -9.406014081380773, 43.858682947384352 ], [ -9.370171880399999, 43.4636096929 ], [ -9.359301222699999, 43.403326954699999 ], [ -9.3633727782, 43.404684139899999 ], [ -9.700445025100001, 43.517041555500001 ] ] ] ] } },
{ "type": "Feature", "properties": { "STATE": "AURELIA", "County": "Tanfurt" }, "geometry": { "type": "MultiPolygon", "coordinates": [ [ [ [ -15.8799952715, 52.9483092814 ], [ -16.367788704300001, 52.751116191599998 ], [ -16.391955974399998, 52.741346444100003 ], [ -16.394524640699998, 52.760868307899997 ], [ -16.39870855, 52.792666018399999 ], [ -16.4053828037, 52.843390346600003 ], [ -16.5781997821, 54.156799382400003 ], [ -16.563707672500001, 54.142307272700002 ], [ -16.543608342130607, 54.19679407909409 ], [ -15.0323761785, 53.616692340100002 ], [ -15.516610078399999, 53.095209678700002 ], [ -15.8799952715, 52.9483092814 ] ] ], [ [ [ -16.5781997821, 54.156799382400003 ], [ -16.5781997821, 54.100926240100002 ], [ -16.596824162899999, 54.1754237631 ], [ -16.5781997821, 54.156799382400003 ] ] ] ] } },
{ "type": "Feature", "properties": { "STATE": "WEST NOKRAS", "County": "Hollowcrest" }, "geometry": { "type": "MultiPolygon", "coordinates": [ [ [ [ 4.7693067042, 49.397449036099999 ], [ 4.8800555167, 49.314387426700002 ], [ 4.935429923, 48.622207348099998 ], [ 3.7171929848, 48.400709723 ], [ 4.2155626414, 49.175951411 ], [ 4.7277758994, 49.549728653300001 ], [ 4.7693067042, 49.397449036099999 ] ] ] ] } },
{ "type": "Feature", "properties": { "STATE": "AQUALAND", "County": "Ariel" }, "geometry": { "type": "MultiPolygon", "coordinates": [ [ [ [ -13.1804002031, 46.711862793400002 ], [ -13.190455339219815, 46.697785602834685 ], [ -13.220236652965122, 46.657274058116151 ], [ -13.2360005798174, 46.63402226600904 ], [ -13.264155618866942, 46.595709514939102 ], [ -13.401438009520676, 46.598152262718102 ], [ -14.18193018641985, 46.614749816151317 ], [ -14.244880592648796, 46.664621442903751 ], [ -14.27596020314463, 46.690030916352839 ], [ -14.083653330549238, 47.446803971731832 ], [ -13.938500295700001, 47.436761422099998 ], [ -13.9375092072, 47.453362154 ], [ -13.932447151738836, 47.453362154 ], [ -13.71941848143851, 47.382667732483355 ], [ -13.488737827876266, 47.30427020322729 ], [ -12.830035834480464, 47.313499713214455 ], [ -13.111317982736727, 46.711862793400002 ], [ -13.1444319506, 46.711862793400002 ], [ -13.179916045686843, 46.712122212190273 ], [ -13.180106752618366, 46.711862793400002 ], [ -13.1804002031, 46.711862793400002 ] ] ] ] } },
{ "type": "Feature", "properties": { "STATE": "AQUALAND", "County": "Königsmoor" }, "geometry": { "type": "MultiPolygon", "coordinates": [ [ [ [ -14.4480593579, 48.384040588300003 ], [ -13.733769209802089, 48.330882036652746 ], [ -13.812560850400001, 48.258107420899996 ], [ -13.892804214808349, 48.194566983106903 ], [ -13.897584988127905, 48.176126857445759 ], [ -13.897587042982156, 48.17611893157936 ], [ -14.1542200543, 48.012813633500002 ], [ -14.273726036889903, 47.927731376034743 ], [ -14.274058917898605, 47.927494381475356 ], [ -14.417593958099999, 48.143533257800001 ], [ -14.4346242385, 48.169078678399998 ], [ -14.473729562600001, 48.156858264599997 ], [ -14.6486898502678, 48.102906311664981 ], [ -14.814442764, 48.106751805499997 ], [ -15.021783574634465, 48.10144317374715 ], [ -15.023558401400001, 48.116256763300001 ], [ -15.115186654, 48.1264376803 ], [ -15.123634469438558, 48.141795851750665 ], [ -15.122713035846896, 48.142175470256589 ], [ -14.445409128742185, 48.421215760950517 ], [ -14.4480593579, 48.384040588300003 ] ] ] ] } },
{ "type": "Feature", "properties": { "STATE": "AQUALAND", "County": "Greystone" }, "geometry": { "type": "MultiPolygon", "coordinates": [ [ [ [ -11.117289136191191, 47.043308235772642 ], [ -11.006669891110789, 47.043340012793763 ], [ -10.859689218080671, 47.035826754827795 ], [ -10.859016414805545, 47.035792362928085 ], [ -10.7280366764, 46.999708292 ], [ -10.5839041189, 46.945658582900002 ], [ -10.527160306800001, 46.945658582900002 ], [ -10.5212630932, 46.938581926600001 ], [ -10.454077374477203, 46.814135043160427 ], [ -10.443555140849327, 46.651792010044623 ], [ -10.443543422056536, 46.651793406267892 ], [ -10.444554447996031, 46.600863584817596 ], [ -10.433931416457598, 46.296331141126188 ], [ -10.4322638297, 46.279566858700001 ], [ -10.486880170922342, 46.143026005559783 ], [ -10.49689367716989, 46.118451192310594 ], [ -10.49948564998955, 46.120824155947275 ], [ -10.50053732865077, 46.119780500126247 ], [ -10.500670441, 46.1198585315 ], [ -10.534334585421282, 46.087167677028887 ], [ -10.5853232511, 46.018456028800003 ], [ -10.601033646199999, 46.004054833200001 ], [ -10.8184562804, 45.861605521199998 ], [ -10.838264592053829, 45.85881054717948 ], [ -10.839215325581, 45.861077975911961 ], [ -10.838324872898955, 45.858802041487579 ], [ -10.842891360299999, 45.857533007800001 ], [ -10.8509428805, 45.867597408100004 ], [ -10.888516641400001, 45.937377249900003 ], [ -10.9569545632, 46.000112011500001 ], [ -11.028390079453727, 46.086039434700822 ], [ -11.042931576020059, 46.092071951965011 ], [ -11.217294880604079, 46.155821627554268 ], [ -11.218059598881084, 46.160406457594881 ], [ -11.214120295599896, 46.386337917542811 ], [ -11.207893609699999, 46.838476553200003 ], [ -11.185973467565223, 46.84431491465525 ], [ -11.204277613676698, 46.844999781103603 ], [ -11.204232824211278, 46.845102796874443 ], [ -11.20423282421128, 46.845102796874443 ], [ -11.2019150666, 46.850433639400002 ], [ -11.20067241427547, 46.946549412011791 ], [ -11.117453472642955, 47.042933689500003 ], [ -11.117289136191191, 47.043308235772642 ] ] ], [ [ [ -11.204277613676698, 46.844999781103603 ], [ -11.2042780362, 46.844998809300002 ], [ -11.20458338238709, 46.845011221720902 ], [ -11.204277613676698, 46.844999781103603 ] ] ], [ [ [ -11.204625487636251, 46.845012797127495 ], [ -11.204625420899999, 46.845012930599999 ], [ -11.20458338238709, 46.845011221720902 ], [ -11.204625487636251, 46.845012797127495 ] ] ] ] } },
{ "type": "Feature", "properties": { "STATE": "AQUALAND", "County": "Fair Haven" }, "geometry": { "type": "MultiPolygon", "coordinates": [ [ [ [ -13.264155618866942, 46.595709514939102 ], [ -13.2360005798174, 46.63402226600904 ], [ -13.220236652965122, 46.657274058116151 ], [ -13.190455339219815, 46.697785602834685 ], [ -13.180106752618366, 46.711862793400002 ], [ -13.179916045686843, 46.712122212190273 ], [ -13.1444319506, 46.711862793400002 ], [ -13.111317982736727, 46.711862793400002 ], [ -13.1096933818, 46.711862793400002 ], [ -13.0752622341, 46.667594174900003 ], [ -13.007571855303283, 46.48641427319005 ], [ -12.94150852347445, 46.309589321399997 ], [ -12.946227434300001, 46.309589321399997 ], [ -13.061401266, 46.291640152900001 ], [ -13.441346562546128, 46.232427898853437 ], [ -13.544823802960762, 46.216301575661213 ], [ -13.548801687178944, 46.215740591989416 ], [ -13.549002776264155, 46.215650307094016 ], [ -13.550152707700001, 46.215471097 ], [ -13.556759586944651, 46.212167657400734 ], [ -13.56320027297696, 46.209275920814797 ], [ -13.579068102223752, 46.208394374745531 ], [ -13.650908946238388, 46.175629716785828 ], [ -13.8747957209, 45.7376915424 ], [ -13.8795664932, 45.729193604099997 ], [ -13.8792502952, 45.7289945164 ], [ -13.8831645225, 45.721352453500003 ], [ -14.450975685239435, 46.060390996726952 ], [ -14.450290867945027, 46.063042708620749 ], [ -14.449282547069718, 46.062412621963475 ], [ -14.316094509916555, 46.578136020181006 ], [ -14.29768006280111, 46.629011742382851 ], [ -14.280301786131977, 46.693584898878598 ], [ -14.275967117681578, 46.690040496037163 ], [ -14.27596020314463, 46.690030916352839 ], [ -14.244880592648796, 46.664621442903751 ], [ -14.18193018641985, 46.614749816151317 ], [ -13.401438009520676, 46.598152262718102 ], [ -13.264155618866942, 46.595709514939102 ] ] ] ] } },
{ "type": "Feature", "properties": { "STATE": "TURNIPS", "County": "Arvenia" }, "geometry": { "type": "MultiPolygon", "coordinates": [ [ [ [ 6.4397787831, 42.588109352899998 ], [ 5.8244087996, 42.189885135 ], [ 5.7497948857, 43.773740041700002 ], [ 5.7736813313, 43.750673169300001 ], [ 6.4397787831, 42.588109352899998 ] ] ] ] } },
{ "type": "Feature", "properties": { "STATE": "HAMPTON", "County": "Alvaren" }, "geometry": { "type": "MultiPolygon", "coordinates": [ [ [ [ -3.91480889993647, 46.57107321507376 ], [ -3.8990177932377, 46.557685102885763 ], [ -3.8905277438, 46.550487017499997 ], [ -4.303546256591069, 45.780770698268441 ], [ -4.3241457894, 45.745165835100003 ], [ -4.4709538168, 45.682248109 ], [ -4.5984528125, 45.682248109 ], [ -4.6488977712, 45.670378706900003 ], [ -4.676394057640568, 45.663908992450132 ], [ -4.9596999668, 45.597248778599997 ], [ -5.0035667479, 45.553381997400002 ], [ -5.3757688367, 45.268756870700003 ], [ -5.4109413614865, 45.280481045637593 ], [ -5.5096427821, 45.3133815192 ], [ -5.554938384088765, 45.338088211190517 ], [ -5.7550783487, 45.447255464599998 ], [ -5.844256772980076, 45.53552668694951 ], [ -5.97877485234681, 45.681254606259074 ], [ -5.9035480858666, 45.794253612648056 ], [ -5.598906814057984, 46.322868369570109 ], [ -5.418706431088508, 46.629711205977983 ], [ -5.418491864067647, 46.630076567872315 ], [ -5.259157518139414, 46.901388991498486 ], [ -4.859358236399999, 47.582161937600006 ], [ -4.860727884306134, 47.563162508739929 ], [ -4.8709864512, 47.420858117199998 ], [ -4.8598314398, 47.1085177995 ], [ -4.9922563039, 46.976092935399997 ], [ -4.6446410357, 46.645030775099997 ], [ -4.4625568475, 46.744349423199999 ], [ -4.3466850914, 46.711243207199999 ], [ -4.2692691767, 46.762853817 ], [ -4.2601526249, 46.763682594499997 ], [ -4.111344788658058, 46.838086512620968 ], [ -3.9805163613, 46.903500726300003 ], [ -3.9163042831, 46.926433611299998 ], [ -3.6183483389, 47.158177123500003 ], [ -3.9076657606, 46.865505689899997 ], [ -3.9245019071, 46.579291199399997 ], [ -3.91480889993647, 46.57107321507376 ] ] ] ] } },
{ "type": "Feature", "properties": { "STATE": "FLORENTIA", "County": "Amphertia" }, "geometry": { "type": "MultiPolygon", "coordinates": [ [ [ [ -13.6219050825, 53.812819428399997 ], [ -13.622121940069857, 53.815232088450536 ], [ -13.62429922752632, 53.839455612066608 ], [ -13.622383009, 53.840199820899997 ], [ -13.662932567251096, 54.269272820819722 ], [ -13.657888152609928, 54.305188567429305 ], [ -13.445364153411713, 54.308898187638995 ], [ -13.4114646198, 54.3094899062 ], [ -13.189009798868845, 54.849163472280402 ], [ -13.160148835395754, 54.654536549402501 ], [ -13.0776427175, 54.014040706700001 ], [ -13.6219050825, 53.812819428399997 ] ] ] ] } },
{ "type": "Feature", "properties": { "STATE": "HARMINGTON", "County": "Montvale East" }, "geometry": { "type": "MultiPolygon", "coordinates": [ [ [ [ -10.171221167, 59.245900015700002 ], [ -10.4365887208, 58.874264464500001 ], [ -10.421102620299999, 58.765792984800001 ], [ -10.132184519200001, 58.5669452116 ], [ -9.6410979903, 58.466775368299999 ], [ -9.6325591644, 57.977586356300002 ], [ -10.731811303600001, 57.8768424959 ], [ -11.5344864983, 57.917202643499998 ], [ -11.539522369012406, 57.99123770384751 ], [ -11.625911188, 59.261286478400002 ], [ -11.587903281592062, 59.260884463382503 ], [ -10.171221167, 59.245900015700002 ] ] ] ] } },
{ "type": "Feature", "properties": { "STATE": "AUSTINAS", "County": "Arinwald" }, "geometry": { "type": "MultiPolygon", "coordinates": [ [ [ [ -4.843332545961506, 49.43161462745266 ], [ -4.845063675105572, 49.43234053219016 ], [ -4.845020436681665, 49.432377196306433 ], [ -4.843332545961506, 49.43161462745266 ] ] ], [ [ [ -5.661519491113948, 49.801261710339205 ], [ -5.6542636766, 49.804904543600003 ], [ -5.507304551184354, 49.909563162920932 ], [ -5.3622271068, 50.076077732900004 ], [ -5.34770742775088, 50.06913195481652 ], [ -5.320653058, 50.0961815219 ], [ -5.1920315406, 50.049271732699999 ], [ -4.918170846482985, 50.257549195392826 ], [ -4.3267059042, 49.867313617299999 ], [ -4.776324825933489, 49.490627789931757 ], [ -4.845020436681665, 49.432377196306433 ], [ -5.661519491113948, 49.801261710339205 ] ] ] ] } },
{ "type": "Feature", "properties": { "STATE": "AURELIA", "County": "Kranichfels" }, "geometry": { "type": "MultiPolygon", "coordinates": [ [ [ [ -15.8362989984, 47.861153616599999 ], [ -15.836548016852952, 47.861670099317202 ], [ -15.836784796813504, 47.862161198494618 ], [ -16.238147972099998, 48.694618154600001 ], [ -16.236208103199999, 48.695513478599999 ], [ -15.943182824100001, 48.707722865299999 ], [ -15.510409962300001, 48.707722865299999 ], [ -15.5100553904, 48.708724009400001 ], [ -15.4964183805, 48.708724009400001 ], [ -15.402907455, 49.0112593566 ], [ -15.250431670799999, 49.441779217700002 ], [ -15.167053745400001, 49.433710386199998 ], [ -14.8053608305, 49.372406502300002 ], [ -14.798246156299999, 49.398019329199997 ], [ -14.776353609899999, 49.3959006957 ], [ -14.715726226499999, 49.567678281900001 ], [ -14.6845965659, 49.655878987100003 ], [ -14.6142209304, 49.2758505555 ], [ -14.4552039557, 48.417158892400003 ], [ -15.122938053347314, 48.142645985602499 ], [ -15.4779029141, 47.9967159873 ], [ -15.8315596165, 47.8513237875 ], [ -15.8362989984, 47.861153616599999 ] ] ] ] } },
{ "type": "Feature", "properties": { "STATE": "BAYBAR", "County": "Marisol" }, "geometry": { "type": "MultiPolygon", "coordinates": [ [ [ [ -5.6788574692, 43.171431055399999 ], [ -5.214782127003088, 43.481685726532497 ], [ -5.0391306341, 43.573545066 ], [ -5.0167346869, 43.587622518499998 ], [ -4.7675637773, 43.324608780600002 ], [ -4.5630802163, 43.137165516400003 ], [ -4.568463075219034, 43.177536958261612 ], [ -4.5414776225, 43.147966813300002 ], [ -4.52460608216532, 43.137898313422511 ], [ -4.524606082165318, 43.137898313422511 ], [ -5.125295523747495, 42.76072122213607 ], [ -5.6061816011, 42.503040196500002 ], [ -6.8643122195, 42.188507541900002 ], [ -7.398345117494506, 42.060810860238391 ], [ -7.397422404439605, 42.070462056758366 ], [ -7.397285405782504, 42.071895005989589 ], [ -5.838845670141484, 43.109145635234192 ], [ -5.6788574692, 43.171431055399999 ] ] ], [ [ [ -4.57118033898414, 43.197916436484185 ], [ -4.568463075219034, 43.177536958261612 ], [ -4.579430197058052, 43.189554521426771 ], [ -4.57118033898414, 43.197916436484185 ] ] ] ] } },
{ "type": "Feature", "properties": { "STATE": "UGHAMPTON", "County": "Lutenburg" }, "geometry": { "type": "MultiPolygon", "coordinates": [ [ [ [ 0.79268283063552, 53.419407461166223 ], [ 0.809355965418958, 53.411431534582114 ], [ 1.150581187878588, 53.248199643378989 ], [ 1.128316377922324, 53.188654248355007 ], [ 0.940062459193677, 52.685184693594387 ], [ 0.429365169816989, 52.580171006078146 ], [ 0.4291111941, 52.5947212652 ], [ 0.378663789505403, 52.832342615560663 ], [ 0.3794542129, 52.86003278 ], [ 0.3945632099, 52.9252886803 ], [ 0.283936449648558, 53.061137425041245 ], [ 0.197299188362616, 53.149575152717595 ], [ 0.242425867255077, 53.165497711218535 ], [ 0.75936512, 53.435345652599999 ], [ 0.79268283063552, 53.419407461166223 ] ] ] ] } },
{ "type": "Feature", "properties": { "STATE": "AURELIA", "County": "Olive Islands" }, "geometry": { "type": "MultiPolygon", "coordinates": [ [ [ [ -20.875897896200001, 47.055493017700002 ], [ -20.882903722799998, 47.069504670699999 ], [ -20.980985294, 47.125551282799996 ], [ -21.058049385699999, 47.209621201 ], [ -20.763804672, 47.125551282799996 ], [ -20.672728927200001, 47.013458058499999 ], [ -20.672728927200001, 47.083516323700003 ], [ -20.623688141599999, 47.083516323700003 ], [ -20.567641529500001, 47.034475538099997 ], [ -20.588659009, 46.929388140299999 ], [ -20.623688141599999, 46.824300742600002 ], [ -20.525606570400001, 46.78927161 ], [ -20.637699794700001, 46.719213344800004 ], [ -20.588659009, 46.719213344800004 ], [ -20.658717274200001, 46.698195865300001 ], [ -20.637699794700001, 46.642149253100001 ], [ -20.672728927200001, 46.5580793349 ], [ -20.798833804499999, 46.593108467500002 ], [ -20.861886243200001, 46.635143426600003 ], [ -20.8478745902, 46.698195865300001 ], [ -20.896915375799999, 46.726219171300002 ], [ -21.016014426600002, 46.782265783500002 ], [ -21.016014426600002, 46.831306569100001 ], [ -20.980985294, 46.838312395599999 ], [ -20.980985294, 46.8803473547 ], [ -20.8899095493, 46.929388140299999 ], [ -20.875897896200001, 47.055493017700002 ] ] ] ] } },
{ "type": "Feature", "properties": { "STATE": "PORTLAND", "County": "Ariella" }, "geometry": { "type": "MultiPolygon", "coordinates": [ [ [ [ 5.542094044299999, 59.9458191967 ], [ 6.2207526151, 59.864554361800003 ], [ 6.3561479127, 59.526066117699997 ], [ 6.2207526151, 59.503500234699999 ], [ 6.059691693748105, 59.457482828584894 ], [ 5.93756074908949, 59.4225882729571 ], [ 5.9048302539, 59.413236702900001 ], [ 5.5060600709, 59.521090587899998 ], [ 5.542094044299999, 59.9458191967 ] ] ] ] } },
{ "type": "Feature", "properties": { "STATE": "NEW ZALES", "County": "Hearthwick" }, "geometry": { "type": "MultiPolygon", "coordinates": [ [ [ [ 1.217315694145258, 56.653885124987355 ], [ 2.821796358924147, 57.438504046939201 ], [ 3.041274567, 57.544510528399996 ], [ 3.0937973784, 56.530725392500003 ], [ 1.7986098153, 56.2371463562 ], [ 1.793879949696852, 56.24006175918467 ], [ 1.439975736737055, 56.273920376955985 ], [ 0.714385390581641, 56.348321768359675 ], [ 0.687374190496257, 56.407592659407655 ], [ 0.6977126295, 56.4125860551 ], [ 0.9138220627, 56.5169654412 ], [ 1.216577059843564, 56.663194045275219 ], [ 1.217315694145258, 56.653885124987355 ] ] ] ] } },
{ "type": "Feature", "properties": { "STATE": "NORTH ORLE", "County": "Croydon" }, "geometry": { "type": "MultiPolygon", "coordinates": [ [ [ [ -17.3901870135, 57.397921559899999 ], [ -17.397071587300001, 57.406660643899997 ], [ -17.401587116400002, 57.412392529400002 ], [ -17.449733862399999, 57.904326673 ], [ -17.206176631200002, 57.9137750139 ], [ -17.205950289499999, 57.917321033699999 ], [ -17.2047247454, 57.917373407299998 ], [ -17.206176631200002, 57.894385216099998 ], [ -17.024851221731833, 57.851326273664007 ], [ -16.575877926447809, 57.789131869146622 ], [ -16.575946274147807, 57.796581767846618 ], [ -16.570152615847807, 57.795923598646617 ], [ -16.584861065141386, 57.356723873814893 ], [ -17.000089737900002, 57.407641068399997 ], [ -17.008468507300002, 57.395072914399996 ], [ -17.024711703299999, 57.395194132199997 ], [ -17.3901870135, 57.397921559899999 ] ] ] ] } },
{ "type": "Feature", "properties": { "STATE": "TURNIPS", "County": "Arlatria" }, "geometry": { "type": "MultiPolygon", "coordinates": [ [ [ [ 5.7074086317, 44.183966893600001 ], [ 5.737851663, 43.785273477899999 ], [ 4.3569721324, 42.845301475299998 ], [ 5.7074086317, 44.183966893600001 ] ] ] ] } },
{ "type": "Feature", "properties": { "STATE": "DENBURG", "County": "Ashfield" }, "geometry": { "type": "MultiPolygon", "coordinates": [ [ [ [ -22.54294175, 43.7328956064 ], [ -22.585603110699999, 43.786222307400003 ], [ -22.580975812408898, 43.776845939807735 ], [ -22.606933791100001, 43.807552987699999 ], [ -22.468284368599999, 44.660780203 ], [ -22.233668785849119, 45.099409336039727 ], [ -22.2229815442, 45.119389831299998 ], [ -21.32181072867975, 44.978581891331565 ], [ -21.249663634099999, 44.967308907800003 ], [ -21.3137115882, 44.326829366699997 ], [ -21.344549132470885, 44.040678124962213 ], [ -21.360783233665973, 43.878337113156427 ], [ -21.360469194512305, 43.878423034496663 ], [ -21.360546318996843, 43.877826516157889 ], [ -21.361054250431081, 43.876864906044645 ], [ -21.363140776455285, 43.873849430512742 ], [ -21.386313242583416, 43.842243290576867 ], [ -21.3996755718, 43.827192950200001 ], [ -21.345372186067824, 43.792635269511571 ], [ -21.305273674786847, 43.766139875421651 ], [ -21.263609927510686, 43.740395523765116 ], [ -21.201900455499999, 43.701272019199997 ], [ -21.282834382, 43.6069565775 ], [ -21.282903390973093, 43.606631765749761 ], [ -21.283233797400001, 43.606255256099999 ], [ -21.3019996345, 43.518215531199999 ], [ -21.311582189599999, 43.472299121299997 ], [ -21.489458368600001, 43.313987325600003 ], [ -21.522198765199999, 43.284840387099997 ], [ -21.523864893473604, 43.28303998531895 ], [ -21.809698486994392, 43.023037623041034 ], [ -21.81015537717489, 43.023757883520325 ], [ -21.828363957200001, 43.103640535099998 ], [ -21.860710083664056, 43.204058538370511 ], [ -22.049607593217523, 43.404190448839849 ], [ -22.54294175, 43.7328956064 ] ] ] ] } },
{ "type": "Feature", "properties": { "STATE": "HILLTON", "County": "Stormfell" }, "geometry": { "type": "MultiPolygon", "coordinates": [ [ [ [ -14.520168034649593, 50.598998729009949 ], [ -14.55663568591088, 50.24774313687233 ], [ -14.687849420899999, 50.4505280001 ], [ -14.9543387511, 50.862375146799998 ], [ -14.9294019996, 50.721066888199999 ], [ -14.946386905700001, 50.740089983099999 ], [ -15.0565115687, 51.197863091800002 ], [ -15.209149706712735, 51.832358881176539 ], [ -15.172375475899999, 51.916219316300001 ], [ -14.727089207100001, 51.962283413100003 ], [ -14.6454533911, 51.970728497499998 ], [ -14.6239188998, 51.951885817600001 ], [ -14.6454533911, 51.934389043400003 ], [ -14.5000955746, 51.821332963899998 ], [ -14.5000955746, 51.716352318600002 ], [ -14.5000955746, 51.670928001 ], [ -14.5182653017, 51.534655048 ], [ -14.515444651672986, 51.522902339549951 ], [ -14.515906366599999, 51.519465987899999 ], [ -14.476875910663122, 51.362199251951964 ], [ -14.450610929553424, 51.252761830622823 ], [ -14.455428105212414, 51.204952334717397 ], [ -14.485169320302447, 50.964207590441369 ], [ -14.520598044898209, 50.677424443989125 ], [ -14.515419897588897, 50.710010900144162 ], [ -14.516817726629816, 50.664451189376337 ], [ -14.511394268646331, 50.683507444711765 ], [ -14.51826287530244, 50.617349180751589 ], [ -14.518900606800001, 50.596563475400004 ], [ -14.520168034649593, 50.598998729009949 ] ] ] ] } },
{ "type": "Feature", "properties": { "STATE": "ORVILLE", "County": "Arlbourne" }, "geometry": { "type": "MultiPolygon", "coordinates": [ [ [ [ -11.6931349142383, 54.207591124435552 ], [ -11.609361034100925, 54.431425734816813 ], [ -11.5082728423, 54.488046511500002 ], [ -11.442823869873438, 54.544697976072761 ], [ -11.440990958022628, 54.54472106420986 ], [ -11.436158537473574, 54.544781935434017 ], [ -11.326146828600001, 54.546167689699999 ], [ -11.033116471169867, 54.520820216061246 ], [ -11.005961296006266, 54.710294451436909 ], [ -11.000674734905058, 54.747181236971649 ], [ -11.00068842450602, 54.749058209955784 ], [ -11.001157161569871, 54.813326467880316 ], [ -11.002188762804577, 54.954768694963242 ], [ -11.002242974448542, 54.962201620979876 ], [ -10.646520180637486, 54.975876139804789 ], [ -10.643479839620376, 54.975993015082942 ], [ -10.642246811439577, 54.976040414539384 ], [ -10.566319656699005, 54.321510088488083 ], [ -10.560691275283874, 54.272990605104653 ], [ -11.6931349142383, 54.207591124435552 ] ] ] ] } },
{ "type": "Feature", "properties": { "STATE": "ORLAVIA", "County": "Arinvale" }, "geometry": { "type": "MultiPolygon", "coordinates": [ [ [ [ -8.2953559116, 50.68948688 ], [ -8.289436550831535, 50.715840764318145 ], [ -8.140295748509981, 50.792407434796282 ], [ -7.932611068796195, 50.930257299215825 ], [ -7.8973870398, 50.953637105699997 ], [ -7.6973293533, 51.024225730799998 ], [ -7.690214251635169, 51.013506114813332 ], [ -7.4331791276, 50.626256859 ], [ -7.916689212898184, 50.269560272089116 ], [ -7.9300060238, 50.2597361523 ], [ -8.2953559116, 50.68948688 ] ] ] ] } },
{ "type": "Feature", "properties": { "STATE": "HAMPTON", "County": "Awarlia" }, "geometry": { "type": "MultiPolygon", "coordinates": [ [ [ [ -7.0634333947, 42.919769870300001 ], [ -6.8721849012, 42.983519368099998 ], [ -6.027071430273492, 43.010551189360399 ], [ -6.024986166373492, 43.011643470560401 ], [ -5.838845670141484, 43.109145635234192 ], [ -7.397285405782504, 42.071895005989589 ], [ -7.397837398587588, 42.070325276450127 ], [ -7.5718890787, 42.553681777800001 ], [ -7.0634333947, 42.919769870300001 ] ] ] ] } },
{ "type": "Feature", "properties": { "STATE": "AQUALAND", "County": "Grünford" }, "geometry": { "type": "MultiPolygon", "coordinates": [ [ [ [ -11.307259867463806, 47.759437542449412 ], [ -11.344717867125178, 48.126368989652413 ], [ -11.166230423051129, 48.107318842534845 ], [ -10.231563565980272, 47.977961745473124 ], [ -10.30752670509656, 47.570115421051831 ], [ -10.3284995498, 47.470380331400001 ], [ -10.9000482152, 47.367184044600002 ], [ -10.8979703792, 47.355310696099998 ], [ -10.898882617093429, 47.355160739186388 ], [ -10.922218148114156, 47.351324761494041 ], [ -10.924366991899999, 47.350971526899997 ], [ -10.925413543261758, 47.351084667587706 ], [ -10.973847229650117, 47.356320741789673 ], [ -11.2242985704, 47.383396562400002 ], [ -11.307259867463806, 47.759437542449412 ] ] ] ] } },
{ "type": "Feature", "properties": { "STATE": "HAMPTON", "County": "Ryles" }, "geometry": { "type": "MultiPolygon", "coordinates": [ [ [ [ -5.608715350873491, 43.229690088160403 ], [ -5.6821942753, 43.217267526800001 ], [ -5.8946926014, 43.451015685500003 ], [ -7.1271828925, 43.472265518100002 ], [ -7.225259043, 43.504957568199998 ], [ -7.21815989802464, 43.533354148047152 ], [ -7.217735831510756, 43.55410340801032 ], [ -6.989529222855946, 43.931769274446097 ], [ -6.80455635340915, 44.223886395618067 ], [ -6.802764071742272, 44.226873531729218 ], [ -6.085277610283117, 43.890527718587826 ], [ -5.670761844844354, 43.695865591611344 ], [ -5.214745286006528, 43.48171413904619 ], [ -5.214782127003088, 43.481685726532497 ], [ -5.6788574692, 43.171431055399999 ], [ -5.608715350873491, 43.229690088160403 ] ] ] ] } },
{ "type": "Feature", "properties": { "STATE": "HAMPTON", "County": "Oasis" }, "geometry": { "type": "MultiPolygon", "coordinates": [ ] } },
{ "type": "Feature", "properties": { "STATE": "NORTH ORLE", "County": "Branton" }, "geometry": { "type": "MultiPolygon", "coordinates": [ [ [ [ -17.012400720599999, 57.389174594399996 ], [ -17.008468507300002, 57.395072914399996 ], [ -16.584861065141386, 57.356723873814893 ], [ -16.598681269541387, 57.353839281014892 ], [ -16.6062624341, 56.676244453899997 ], [ -16.606612099015646, 56.676236683568568 ], [ -16.933068077400002, 56.6689821063 ], [ -17.012400720599999, 56.6689821063 ], [ -17.018556211899998, 57.389174594399996 ], [ -17.012400720599999, 57.389174594399996 ] ] ] ] } },
{ "type": "Feature", "properties": { "STATE": "ORLAY", "County": "Orlenna" }, "geometry": { "type": "MultiPolygon", "coordinates": [ [ [ [ -5.0611508984, 52.605990734199999 ], [ -5.50876114610628, 52.342902076204822 ], [ -5.9557157957, 52.080198754400001 ], [ -6.331912975149075, 52.096414882554797 ], [ -6.4371022979, 52.1009491099 ], [ -6.755956346554984, 52.089445616524245 ], [ -6.752290735398104, 52.10527742566677 ], [ -6.6541905478, 52.528973060699997 ], [ -6.607892259683529, 52.586545053489147 ], [ -6.57351220987904, 52.563663441387881 ], [ -6.409481682670871, 52.641705127593532 ], [ -5.9980864242, 52.837436862499999 ], [ -5.499932298544787, 52.714380536312426 ], [ -5.075474009940456, 52.609528895172623 ], [ -5.0611508984, 52.605990734199999 ] ] ] ] } },
{ "type": "Feature", "properties": { "STATE": "MARCENNE", "County": "Valcédre" }, "geometry": { "type": "MultiPolygon", "coordinates": [ [ [ [ -1.005473677198656, 54.011118898231423 ], [ -1.0063836905, 54.010608206800001 ], [ -1.005725257007593, 53.972886574500301 ], [ -1.707010706710312, 53.706508959671758 ], [ -2.270027562012634, 53.505386476951102 ], [ -2.364073075530979, 53.471791271071538 ], [ -2.369311808526356, 53.46991987596779 ], [ -2.364073075530984, 53.471791271071538 ], [ -2.370210403913486, 53.469761476166035 ], [ -2.393484101792001, 53.536999130220934 ], [ -2.467930280825295, 53.752073952351836 ], [ -2.473511926954262, 53.78787375665194 ], [ -2.473867334185895, 53.789350862159615 ], [ -2.5400640792, 54.518858364800003 ], [ -2.496265713685826, 54.547598924906488 ], [ -2.497531095648834, 54.559787367656085 ], [ -2.187884581677094, 54.557124492151004 ], [ -1.945123039944001, 54.570491886982701 ], [ -1.9443552724, 54.552592882399999 ], [ -1.525754430351443, 54.526887575074461 ], [ -1.158999316, 54.504365993699999 ], [ -1.158764647894285, 54.512152205572512 ], [ -1.155895449553147, 54.512037001553892 ], [ -0.71257198945796, 53.998819512449664 ], [ -1.0056629548, 54.021962604800002 ], [ -1.005473677198656, 54.011118898231423 ] ] ] ] } },
{ "type": "Feature", "properties": { "STATE": "NEW ZALES", "County": "Chateau Ridge" }, "geometry": { "type": "MultiPolygon", "coordinates": [ [ [ [ -2.283920095877507, 57.489374753462286 ], [ -2.4359834716, 57.2825204966 ], [ -2.633332352411686, 57.016528526806049 ], [ -2.634804200384104, 56.993698073846723 ], [ -4.500730618174384, 57.279463183375668 ], [ -4.589745004330811, 57.292184732592744 ], [ -4.595223495218139, 57.292967694701098 ], [ -4.677983420163449, 57.325153386190607 ], [ -4.70974060082823, 57.331461446517032 ], [ -5.016647479812098, 57.392423631027683 ], [ -5.77258524966735, 57.545462071784279 ], [ -5.773653712622106, 57.542790914397386 ], [ -5.799059152905404, 57.531497730636993 ], [ -5.802216894707341, 57.523603376132151 ], [ -6.404978604101975, 57.574176702201974 ], [ -6.347575068521762, 57.87907111520537 ], [ -5.4608985042, 57.824784794899998 ], [ -5.266100455720364, 57.831278063180861 ], [ -5.2445570753, 57.830826826299997 ], [ -4.754934766689112, 57.848316919477199 ], [ -4.3739782209, 57.861015471 ], [ -3.944961958139749, 57.789512760556406 ], [ -3.945069668820408, 57.786015490424901 ], [ -2.768693798446219, 57.620215073155542 ], [ -2.34641192597213, 57.560541034884693 ], [ -2.349726813806937, 57.553380049250293 ], [ -2.283920095877507, 57.489374753462286 ] ], [ [ -2.633332352411699, 57.016528526806027 ], [ -2.6359792146, 57.0129610169 ], [ -2.636749427627097, 57.011922903692948 ], [ -2.63649749142018, 57.011819498368212 ], [ -2.636692093984769, 57.011390881024809 ], [ -2.636429934308617, 57.011791770058949 ], [ -2.633332352411699, 57.016528526806027 ] ] ] ] } },
{ "type": "Feature", "properties": { "STATE": "AUSTINAS", "County": "Orvis" }, "geometry": { "type": "MultiPolygon", "coordinates": [ [ [ [ -5.0761045811, 50.729632673700003 ], [ -5.108272396459969, 50.601268476864036 ], [ -5.140440211, 50.472904283299997 ], [ -5.2868306651, 50.411363165099999 ], [ -5.566548988083066, 50.464677698844078 ], [ -5.958802819748144, 50.495518984946436 ], [ -5.9765049448, 50.497634628 ], [ -6.109989844442942, 50.33959784963988 ], [ -6.1927602598, 50.3876263481 ], [ -6.207457517, 50.467217714699999 ], [ -6.1929761085828, 50.525597078552039 ], [ -6.1825913118, 50.567461641199998 ], [ -6.193863490940961, 50.592545027604281 ], [ -5.460616308745513, 51.110734345841756 ], [ -5.450997926965144, 51.10105800623586 ], [ -5.4560867561, 51.096577194699996 ], [ -5.26609566761594, 50.913104933249706 ], [ -5.0761045811, 50.729632673700003 ] ] ] ] } },
{ "type": "Feature", "properties": { "STATE": "ORLAY", "County": "Ashmoor" }, "geometry": { "type": "MultiPolygon", "coordinates": [ [ [ [ -9.962124316420127, 51.991597166797924 ], [ -9.88210253544333, 52.003458581220045 ], [ -9.872148334275172, 52.004934065817558 ], [ -9.874473652700001, 51.999667903499997 ], [ -9.68562308771194, 51.920614178623588 ], [ -9.71583350977151, 51.853849028163573 ], [ -9.7591970624, 51.761140743299997 ], [ -9.755600981303127, 51.765962761133352 ], [ -9.772356850481156, 51.728932224964296 ], [ -9.789284311599999, 51.703545916099998 ], [ -9.818395154799999, 51.543516992 ], [ -9.823285379142678, 51.501217381984034 ], [ -9.879745720929526, 51.313556967640523 ], [ -10.198961655926954, 51.559917588294958 ], [ -10.329025895891299, 51.660296997245275 ], [ -10.147061581099999, 51.979953597399998 ], [ -9.962124316420127, 51.991597166797924 ] ] ] ] } },
{ "type": "Feature", "properties": { "STATE": "WEST VILLE", "County": "Dorchelle" }, "geometry": { "type": "MultiPolygon", "coordinates": [ [ [ [ -8.807182579629268, 57.299620004712324 ], [ -10.684483462399999, 57.892362948600002 ], [ -9.627478709814284, 58.004764743798091 ], [ -9.130107594467189, 57.997063753783785 ], [ -9.032086970937179, 58.089263300616018 ], [ -9.047909927869762, 58.016215875936695 ], [ -8.415734898403768, 57.910425019118222 ], [ -8.807182579629268, 57.299620004712324 ] ] ] ] } },
{ "type": "Feature", "properties": { "STATE": "HILLTON", "County": "Orwynstead" }, "geometry": { "type": "MultiPolygon", "coordinates": [ [ [ [ -13.3576949458, 52.824263636200001 ], [ -13.334098946349254, 51.825713398600492 ], [ -13.6572738963, 51.995863209500001 ], [ -13.884540686299999, 52.016523826799997 ], [ -13.967183155400001, 52.0578450613 ], [ -14.0291650072, 52.119826913099999 ], [ -13.967183155400001, 52.440066480900001 ], [ -14.008504389900001, 52.811957591800002 ], [ -13.966455141699999, 52.815294833700001 ], [ -13.3735724969, 52.824705669300002 ], [ -13.372182973560683, 52.830634302218542 ], [ -13.3576949458, 52.831714765305826 ], [ -13.3576949458, 52.826317387700001 ], [ -13.3631491121, 52.82588905 ], [ -13.3576949458, 52.824263636200001 ] ] ] ] } },
{ "type": "Feature", "properties": { "STATE": "FLORENTIA", "County": "New Raven's" }, "geometry": { "type": "MultiPolygon", "coordinates": [ [ [ [ -15.200374607822436, 55.322135981160798 ], [ -15.1101278963, 55.306128346800001 ], [ -15.326771404, 55.485359688599999 ], [ -15.3928135325, 55.773977293800002 ], [ -15.2879514345, 55.882565175 ], [ -15.336242501597587, 55.876490131574108 ], [ -15.200464782664826, 56.112858346663089 ], [ -15.200464782599999, 56.112858345600003 ], [ -14.853055256451334, 55.777368865948183 ], [ -14.735088148699999, 55.663449354199997 ], [ -14.733530973627724, 55.666519076303977 ], [ -14.722239395400001, 55.656046986100002 ], [ -14.890256783302767, 55.452958196419885 ], [ -15.04208195735845, 55.269937593651633 ], [ -15.085697440184976, 55.274550968499589 ], [ -15.1814930236, 55.291977132100001 ], [ -15.200374607822436, 55.322135981160798 ] ] ] ] } },
{ "type": "Feature", "properties": { "STATE": "NEW ZALES", "County": "Roseville" }, "geometry": { "type": "MultiPolygon", "coordinates": [ ] } },
{ "type": "Feature", "properties": { "STATE": "NOVA", "County": "Phirlys" }, "geometry": { "type": "MultiPolygon", "coordinates": [ [ [ [ -9.1486233985, 47.424700104300001 ], [ -9.927014505800001, 48.0199403628 ], [ -9.788059913682801, 48.047767317840808 ], [ -8.956966777085551, 48.205772199336472 ], [ -8.962307159906315, 48.213132020108283 ], [ -8.961434905549883, 48.213306697190852 ], [ -8.956530518499999, 48.206554410099997 ], [ -8.15746280133383, 48.374309620931669 ], [ -8.158642438568462, 48.338920503823175 ], [ -8.170335105907855, 47.988140482951835 ], [ -8.171818871699999, 47.974152650599997 ], [ -8.171818871699999, 47.943627509099997 ], [ -8.171818871699999, 47.852052084699999 ], [ -8.2176065839, 47.806264372500003 ], [ -8.2274823649, 47.776637029299998 ], [ -8.211321995900001, 47.733542712 ], [ -8.110768588799999, 47.607850953 ], [ -8.115762212943611, 47.548502771250426 ], [ -8.115762212943611, 47.517977629750426 ], [ -8.141293730199999, 47.501012957900002 ], [ -8.141293730199999, 47.363649821300001 ], [ -8.2176065839, 47.2873369677 ], [ -8.2372298891, 47.267713662399998 ], [ -8.240024638535003, 47.240689151320979 ], [ -8.166847251640789, 47.157605116500001 ], [ -8.150832836899999, 47.128987796300002 ], [ -8.155209603500001, 47.127977773300003 ], [ -8.155209603499999, 47.127977773300003 ], [ -8.110768588799999, 47.073660977400003 ], [ -8.2939194375, 47.0278732652 ], [ -8.35134963477736, 47.045522543780393 ], [ -8.3549697205, 47.0278732652 ], [ -8.370427934746179, 46.981498622461459 ], [ -8.376140383099999, 46.964361277400002 ], [ -8.3854948619, 46.936297840899996 ], [ -8.490084391920085, 46.863085169893559 ], [ -8.5381205692, 46.875247557900003 ], [ -8.5463388766, 46.875247557900003 ], [ -8.782321700900001, 46.875247557900003 ], [ -9.0875731156, 47.119448689599999 ], [ -9.118098257, 47.149973831099999 ], [ -9.123969034770271, 47.202810830974741 ], [ -9.1486233985, 47.424700104300001 ] ] ] ] } },
{ "type": "Feature", "properties": { "STATE": "DENBURG", "County": "Thaloria" }, "geometry": { "type": "MultiPolygon", "coordinates": [ [ [ [ -20.310435563972895, 45.237970290219621 ], [ -20.265015679192839, 45.180620521340664 ], [ -20.253856873579753, 45.165176098778936 ], [ -20.243707144199998, 45.151128295200003 ], [ -20.240767889216499, 45.001800729567911 ], [ -20.2407418835, 45.000479520500001 ], [ -20.239175032974838, 44.999416300501629 ], [ -20.195175533837471, 44.969559497539386 ], [ -20.181376082, 44.960195583800001 ], [ -21.211533898377926, 44.980558660474927 ], [ -21.211533898390929, 44.980558660475189 ], [ -21.211533898390933, 44.980558660475189 ], [ -21.222651184099998, 45.024259705799999 ], [ -21.223320919100001, 45.040668212500002 ], [ -21.224187957, 45.040714660900001 ], [ -21.225669527990032, 45.064419796847574 ], [ -21.226982589786331, 45.351004283249985 ], [ -21.239973978799998, 45.506148746599997 ], [ -21.204450269938704, 45.772576562969661 ], [ -21.200763973400001, 45.798503515299998 ], [ -21.198649218900002, 45.799560892499997 ], [ -21.198606372095572, 45.799926124203616 ], [ -20.935931183499999, 45.8019716035 ], [ -20.6684174351, 45.801849215099999 ], [ -20.64385366095016, 45.8019716035 ], [ -20.582460901849462, 45.79937673981852 ], [ -20.582460901849224, 45.799376739818513 ], [ -20.545295428436368, 45.798747344895972 ], [ -20.547808287567754, 45.795859536997014 ], [ -20.588482462370603, 45.654294746345585 ], [ -20.6511404707, 45.452396719500001 ], [ -20.601754612899999, 45.328932075099999 ], [ -20.577015270299999, 45.322184981699998 ], [ -20.592017420885981, 45.308587309113683 ], [ -20.564990553353958, 45.297776562056271 ], [ -20.4130760002, 45.277474271700001 ], [ -20.330132395300001, 45.254853288500001 ], [ -20.319605410883359, 45.245830159000022 ], [ -20.310435563972895, 45.237970290219621 ] ] ] ] } },
{ "type": "Feature", "properties": { "STATE": "AURELIA", "County": "Hohenbruch" }, "geometry": { "type": "MultiPolygon", "coordinates": [ [ [ [ -17.124502914400001, 48.026950026100003 ], [ -16.814434267799999, 48.045742065299997 ], [ -16.543947603257408, 48.085069427727412 ], [ -16.541519133400001, 48.085680865500002 ], [ -16.557994924399999, 48.398720894500002 ], [ -16.611105048500001, 48.522644517300002 ], [ -16.578980364, 48.534882492400001 ], [ -16.237610985165109, 48.696250003589178 ], [ -15.913035827056268, 48.015007981651898 ], [ -15.836719423547994, 47.862186040203625 ], [ -15.836784796813504, 47.862161198494618 ], [ -16.212319098855289, 47.719458921347297 ], [ -16.407346938482373, 47.645348735751497 ], [ -16.408201959338598, 47.645023829551107 ], [ -17.023259758132511, 47.672211424234163 ], [ -17.042164207114833, 47.673545252384883 ], [ -17.051649158675279, 47.67421447556147 ], [ -17.050056989671521, 47.676320247469661 ], [ -17.04312335046162, 47.675549843113004 ], [ -17.048836576900001, 47.753311341200003 ], [ -17.053689415699999, 47.761399405799999 ], [ -17.124502914400001, 48.026950026100003 ] ] ] ] } },
{ "type": "Feature", "properties": { "STATE": "WESTVALE", "County": "Luneburg" }, "geometry": { "type": "MultiPolygon", "coordinates": [ [ [ [ -3.172835518886243, 52.761910238980938 ], [ -3.1830842292, 52.763795146900001 ], [ -3.24974643644821, 51.561052924989184 ], [ -3.9733762306, 52.250467948100003 ], [ -3.972537615662212, 52.251398505329703 ], [ -3.793904727450292, 52.449615968551676 ], [ -3.7773597871, 52.467974828099997 ], [ -3.175779316351063, 52.789128877132953 ], [ -3.1693143146, 52.7925802217 ], [ -3.172835518886243, 52.761910238980938 ] ] ] ] } },
{ "type": "Feature", "properties": { "STATE": "MARCENNE", "County": "Epineville" }, "geometry": { "type": "MultiPolygon", "coordinates": [ [ [ [ -4.8765674126, 54.534188911199998 ], [ -4.9054931357, 54.484014819 ], [ -4.9233061373, 54.4724445409 ], [ -4.9331915115, 54.440967570799998 ], [ -6.4211038055, 55.255623602699998 ], [ -5.8025862791, 55.487328948200002 ], [ -5.8023918264, 55.496114356500001 ], [ -5.8017245536, 55.526261867599999 ], [ -5.3933954345, 55.7426557398 ], [ -4.5827369891, 54.959494992099998 ], [ -4.5537276817, 54.931481926899998 ], [ -4.6455377699, 54.817257269899997 ], [ -4.7311571852, 54.728595769899997 ], [ -4.5382220003, 54.653571164799999 ], [ -4.5670048917, 54.6434153704 ], [ -4.8765674126, 54.534188911199998 ] ] ], [ [ [ -5.3936902712, 55.742940575600002 ], [ -5.3883721173, 55.745317845 ], [ -5.3933954345, 55.7426557398 ], [ -5.3936902712, 55.742940575600002 ] ] ] ] } },
{ "type": "Feature", "properties": { "STATE": "DENBURG", "County": "Greenport" }, "geometry": { "type": "MultiPolygon", "coordinates": [ [ [ [ -18.937186698039351, 45.499999895453172 ], [ -18.937019427577965, 45.499808463701569 ], [ -18.936607223342648, 45.500015025375298 ], [ -18.7367572713, 45.7885067283 ], [ -18.7034192811, 45.833967624099998 ], [ -18.683394511900001, 45.828528797899999 ], [ -17.839526725599999, 45.599330139899998 ], [ -17.972737814599999, 45.394390002900003 ], [ -18.2345499734, 45.280777160100001 ], [ -18.254122233, 45.272156045700001 ], [ -18.299135117100001, 45.2824143713 ], [ -18.3779343279, 45.302656370400001 ], [ -18.728475258700001, 45.375422615399998 ], [ -18.766751259, 45.375422615399998 ], [ -18.782302492500001, 45.387597727500001 ], [ -18.923472178800001, 45.490577687 ], [ -18.934309196, 45.501739814799997 ], [ -18.934899043209491, 45.50087101984866 ], [ -18.934058907, 45.501292024599998 ], [ -18.937316442939352, 45.497145508953174 ], [ -18.937206752518431, 45.499558697114388 ], [ -18.937186698039351, 45.499999895453172 ] ] ] ] } },
{ "type": "Feature", "properties": { "STATE": "NORTH ORLE", "County": "Grenton" }, "geometry": { "type": "MultiPolygon", "coordinates": [ [ [ [ -16.813707233500001, 56.512823687500003 ], [ -16.814209643400002, 56.529403216399999 ], [ -17.024711703299999, 56.556860006800001 ], [ -17.024711703299999, 56.562429456099999 ], [ -17.007310330300001, 56.658137007599997 ], [ -17.007310330300001, 56.667332278400004 ], [ -16.933068077400002, 56.6689821063 ], [ -16.606138291400001, 56.6689821063 ], [ -16.606231775698951, 56.674450937525052 ], [ -16.605928973364271, 56.6743752369416 ], [ -16.593568337916476, 56.671285078088523 ], [ -16.594112700486587, 56.608139019955516 ], [ -16.600618970975638, 55.853411643225598 ], [ -16.602718415, 55.609876136399997 ], [ -16.607891311527805, 55.610148394111988 ], [ -16.781876582604976, 55.604329550400003 ], [ -16.805014372599999, 56.5110126748 ], [ -16.813707233500001, 56.512823687500003 ] ] ] ] } },
{ "type": "Feature", "properties": { "STATE": "PORTLAND", "County": "Santa Verde" }, "geometry": { "type": "MultiPolygon", "coordinates": [ [ [ [ 4.927671742, 57.974612017 ], [ 4.9301703301, 57.966283389899999 ], [ 4.8299328525, 57.982989636100001 ], [ 4.655900263327807, 58.011995067614073 ], [ 4.6316236988, 58.016041161700002 ], [ 4.6081532813, 58.0723701637 ], [ 4.6043311235, 58.088932847800002 ], [ 4.4934885455, 58.347565529599997 ], [ 4.3879375673, 58.600887877399998 ], [ 4.383741991, 58.617670182499999 ], [ 4.3567976869, 58.725447398900002 ], [ 4.3744786467, 58.866895077 ], [ 4.5159263247, 58.937618916 ], [ 4.638960346877284, 59.192230709354575 ], [ 4.8147101872, 59.1316816577 ], [ 5.0024818584, 58.526639606 ], [ 5.0296858739, 58.463861108700002 ], [ 5.0232884461, 58.459596156899998 ], [ 4.8804125582, 58.364345565 ], [ 4.8555336723, 58.2150722493 ], [ 4.927671742, 57.974612017 ] ] ], [ [ [ 4.645998517319732, 59.197763301239469 ], [ 4.638960346877284, 59.192230709354575 ], [ 4.63572240146218, 59.200098588624364 ], [ 4.633609722962181, 59.207492963324363 ], [ 4.645998517319732, 59.197763301239469 ] ] ] ] } },
{ "type": "Feature", "properties": { "STATE": "DENBURG", "County": "New Orland" }, "geometry": { "type": "MultiPolygon", "coordinates": [ [ [ [ -19.3831851648, 44.9833447814 ], [ -19.382969852984985, 44.985174931823309 ], [ -19.352168171057745, 45.035700757884278 ], [ -19.337993480826512, 45.314592232862566 ], [ -19.343339692600001, 45.3220312949 ], [ -19.326142027900001, 45.330409644299998 ], [ -18.941263624505943, 45.497660460471288 ], [ -18.938813849739351, 45.498844610953171 ], [ -18.938778124503177, 45.49881000422247 ], [ -18.938711454166697, 45.49877371680271 ], [ -18.937260846505811, 45.499511745296189 ], [ -18.937245440404375, 45.499518870618097 ], [ -18.937245493739351, 45.499519556353171 ], [ -18.937120117908091, 45.497907582179039 ], [ -18.923759001499999, 45.490635375899998 ], [ -18.766494373099999, 45.374651957700003 ], [ -18.729055699500002, 45.375766867099998 ], [ -18.634386485899999, 45.357865779400001 ], [ -18.5354849892, 45.340568940300003 ], [ -18.2535750847, 45.271301758900002 ], [ -18.930549328, 44.951277571200002 ], [ -19.1774786167, 44.951277571200002 ], [ -19.177057705799999, 44.948962561 ], [ -19.193748981399999, 44.9497971248 ], [ -19.200458512699999, 44.9833447814 ], [ -19.3831851648, 44.9833447814 ] ] ], [ [ [ -18.2386834693, 45.2714001147 ], [ -18.236335316600002, 45.266917277700003 ], [ -18.236723295200001, 45.266711877299997 ], [ -18.243514335, 45.269274533800001 ], [ -18.2386834693, 45.2714001147 ] ] ] ] } },
{ "type": "Feature", "properties": { "STATE": "AUSTINAS", "County": "Norle" }, "geometry": { "type": "MultiPolygon", "coordinates": [ [ [ [ -5.596003672801809, 51.54900939428498 ], [ -5.5815706656, 51.526949862800002 ], [ -5.5002020336, 51.371074522 ], [ -5.310560852468794, 51.224715540570372 ], [ -5.356220379970144, 51.184511451942463 ], [ -5.460616308745513, 51.110734345841756 ], [ -6.193863490940961, 50.592545027604281 ], [ -6.195148165610039, 50.595403746466467 ], [ -6.2241286525, 50.659892497199998 ], [ -6.259674909694991, 50.697077328024477 ], [ -6.3054616765, 50.744974724599999 ], [ -6.3388376152, 50.751046137700001 ], [ -6.330702131773267, 50.760012703647298 ], [ -6.599709579560445, 50.905772137924401 ], [ -5.596003672801809, 51.54900939428498 ] ] ] ] } },
{ "type": "Feature", "properties": { "STATE": "FLORENTIA", "County": "Tulipmere" }, "geometry": { "type": "MultiPolygon", "coordinates": [ [ [ [ -14.622892862700001, 54.6717866344 ], [ -14.60479261884764, 53.634824361497898 ], [ -14.604253728, 53.603951325600001 ], [ -14.907679498649806, 53.641906902392137 ], [ -14.9885350766, 53.652021139200002 ], [ -14.913562796900001, 54.064160806799997 ], [ -14.926757751556002, 54.15317917615468 ], [ -15.0066962847, 54.692476055500002 ], [ -14.950635285816663, 54.689454014666858 ], [ -14.622892862700001, 54.6717866344 ] ] ] ] } },
{ "type": "Feature", "properties": { "STATE": "PORTLAND", "County": "San Pedro" }, "geometry": { "type": "MultiPolygon", "coordinates": [ [ [ [ 4.8742126147, 56.163251808929765 ], [ 4.8742126147, 56.158377490900001 ], [ 4.8745585075, 56.1556103482 ], [ 4.8624522584, 56.1348567784 ], [ 4.869302474410324, 56.155407426314476 ], [ 4.8742126147, 56.163251808929765 ] ] ], [ [ [ 5.0992228983, 56.419824485100001 ], [ 5.109419739, 56.417105327599998 ], [ 5.4622304254, 56.493907653900003 ], [ 6.7989629065, 56.784897037500002 ], [ 6.798962906497485, 56.784897037502517 ], [ 6.8111448167, 56.787548881900001 ], [ 6.8381921027, 56.793436726499998 ], [ 6.8791368614, 56.704723082699999 ], [ 6.885540876957209, 56.690847715652176 ], [ 6.9557956649, 56.534708889800001 ], [ 6.703557163836541, 56.397779417809879 ], [ 6.5441831973, 56.311262121699997 ], [ 6.5480193791, 56.305950485399997 ], [ 4.8402468497, 56.0174753959 ], [ 4.8745585075, 56.1556103482 ], [ 4.944774752, 56.275981053 ], [ 4.944774752, 56.425368796699999 ], [ 5.0909828176, 56.401513796499998 ], [ 5.0905586516, 56.418056271499999 ], [ 5.0858990265, 56.417105327599998 ], [ 5.0856728658, 56.423437827100003 ], [ 5.09045335, 56.422163031300002 ], [ 5.0992228983, 56.419824485100001 ] ] ] ] } },
{ "type": "Feature", "properties": { "STATE": "WESTVALE", "County": "Kundarsh" }, "geometry": { "type": "MultiPolygon", "coordinates": [ [ [ [ 0.210362708833308, 52.137505867547333 ], [ 0.111321580042747, 50.455977674946823 ], [ -0.00302830260001, 50.464363826850004 ], [ -0.1319385164, 50.4906584107 ], [ -0.398159757514586, 50.594180966815337 ], [ -0.6011816085, 50.658532595799997 ], [ -0.770638065182379, 50.7138981999747 ], [ -0.5342870359, 52.281952753299997 ], [ -0.564356597058065, 52.285765671220673 ], [ -0.56406879836971, 52.287996610144276 ], [ 0.210362708833308, 52.137505867547333 ] ] ] ] } },
{ "type": "Feature", "properties": { "STATE": "UGHAMPTON", "County": "Greenwrath" }, "geometry": { "type": "MultiPolygon", "coordinates": [ [ [ [ 0.6839369273, 56.468478211399997 ], [ 0.686985420410038, 56.414479091998359 ], [ 0.687374190496257, 56.407592659407655 ], [ 0.714385390581641, 56.348321768359675 ], [ 0.686367696618086, 56.351194677882049 ], [ 0.760737858095263, 55.145105845293337 ], [ 0.72507094331865, 55.141707899856975 ], [ -0.352999527064279, 55.0390013815652 ], [ -0.4016655094, 55.034365030099998 ], [ -0.4952691766, 55.265606247500003 ], [ -0.506000783998159, 55.350379611041255 ], [ -0.552449423989172, 55.71729644818074 ], [ -1.0901223821, 56.176813770499997 ], [ -1.089466751175581, 56.182923416136923 ], [ -1.0852051501, 56.2226361134 ], [ -0.186213737361933, 56.560406568203703 ], [ -0.171424514317136, 56.565963198137261 ], [ -0.035196788, 56.617146891799997 ], [ 0.6839369273, 56.468478211399997 ] ] ] ] } },
{ "type": "Feature", "properties": { "STATE": "TURNIPS", "County": "Aurstyn" }, "geometry": { "type": "MultiPolygon", "coordinates": [ [ [ [ 5.7495899924, 43.7854783712 ], [ 6.0741653518, 44.025981973299999 ], [ 6.3161032071, 43.619238307499998 ], [ 6.4278355603, 42.599642789100002 ], [ 5.7495899924, 43.7854783712 ] ] ] ] } },
{ "type": "Feature", "properties": { "STATE": "NORTH ORLE", "County": "South Penwick" }, "geometry": { "type": "MultiPolygon", "coordinates": [ [ [ [ -18.236971330599999, 55.970041672500003 ], [ -18.236971330599999, 55.4097416141 ], [ -18.233863078651407, 55.409845222498525 ], [ -18.23385268694431, 55.405951650625269 ], [ -17.978318043792882, 55.411612228163435 ], [ -17.876923725846837, 54.014000345819674 ], [ -17.887199930495697, 54.011328183673413 ], [ -18.111366399309496, 53.953037290012375 ], [ -18.304091475931585, 53.942373602016879 ], [ -18.301634859829385, 53.917065206309175 ], [ -18.323585275500001, 53.937304552199997 ], [ -18.336475276200002, 53.934765612699998 ], [ -18.42947472684121, 54.630818470377363 ], [ -18.471035058002371, 54.630694741200102 ], [ -18.704574097550868, 54.629999472601071 ], [ -18.709569494240014, 54.630147120192852 ], [ -18.704527335323505, 54.633508559470521 ], [ -18.688108337666975, 54.644454557908205 ], [ -18.756564388899999, 55.953676536800003 ], [ -18.236971330599999, 55.970041672500003 ] ] ] ] } },
{ "type": "Feature", "properties": { "STATE": "DENBURG", "County": "Velvetia" }, "geometry": { "type": "MultiPolygon", "coordinates": [ [ [ [ -14.3104439965, 44.0994763753 ], [ -12.9810637678, 43.846385294299999 ], [ -12.986873365120577, 43.840275196529866 ], [ -13.375703366, 43.431333028899999 ], [ -13.5943211875, 43.364722609 ], [ -13.6169888937, 43.584107453500003 ], [ -14.577759596647045, 43.754691653278968 ], [ -14.5817586939914, 43.755401690354653 ], [ -14.417924307095422, 43.963172465678149 ], [ -14.314912217397168, 44.093809886489503 ], [ -14.3104439965, 44.0994763753 ] ] ] ] } },
{ "type": "Feature", "properties": { "STATE": "MARCENNE", "County": "Rochefort" }, "geometry": { "type": "MultiPolygon", "coordinates": [ [ [ [ -4.508642396932809, 54.960805998216564 ], [ -4.379051629564838, 55.067747078798263 ], [ -3.580076946855034, 55.765378391988754 ], [ -3.5519267136, 55.789957999599999 ], [ -3.489921546338975, 55.730080305667464 ], [ -3.468763514803426, 55.748994209831686 ], [ -3.424502698343251, 55.787525038653506 ], [ -3.22562458060457, 55.770093957839961 ], [ -2.535207440906119, 55.709580930595045 ], [ -2.545448713957692, 55.600019018424973 ], [ -2.569987098442513, 55.33750552892198 ], [ -2.7888835288844, 55.363091385085461 ], [ -3.023721962228354, 55.390540632956089 ], [ -3.0574652766, 55.394484742899998 ], [ -3.194796742466146, 55.090013671329984 ], [ -3.2341711597, 55.0208446567 ], [ -3.227976941179848, 55.017206232438149 ], [ -3.216260624964229, 55.010324181209285 ], [ -3.2189201269, 54.989063499799997 ], [ -3.0011892136, 54.852421086699998 ], [ -2.89698074085298, 54.82829322255283 ], [ -2.865558619870237, 54.811858829926777 ], [ -2.850538289270443, 54.804002899049742 ], [ -2.84884762912194, 54.707145044288168 ], [ -2.85790232803427, 54.668037714354526 ], [ -2.80800155530026, 54.668535962711246 ], [ -2.867561759692867, 54.62631853799077 ], [ -2.8676170407, 54.626079778799998 ], [ -3.706488970996919, 54.500771531349507 ], [ -3.917970275694403, 54.470906951842451 ], [ -4.134103235657417, 54.650166014812783 ], [ -4.508642396932809, 54.960805998216564 ] ] ] ] } },
{ "type": "Feature", "properties": { "STATE": "AQUALAND", "County": "Northwyn" }, "geometry": { "type": "MultiPolygon", "coordinates": [ [ [ [ -12.94150852347445, 46.309589321399997 ], [ -12.887330693299999, 46.309589321399997 ], [ -12.875638766, 46.309589321399997 ], [ -12.8054872021, 46.286205466799998 ], [ -12.7593422082, 46.273021182800001 ], [ -12.758531325, 46.272750888399997 ], [ -12.754993174699999, 46.253885435699999 ], [ -12.7335812297, 46.1596728775 ], [ -12.710976716899999, 46.096380241699997 ], [ -12.7158641791, 46.081717855100003 ], [ -12.7146564561, 46.076403873700002 ], [ -12.7083194982, 46.088940029500002 ], [ -12.703088687799999, 46.074293760400003 ], [ -12.7972069123, 45.791939087099998 ], [ -12.8952438448, 45.543578857900002 ], [ -13.032502473299999, 45.195856999 ], [ -13.038704193425671, 45.199761785745117 ], [ -13.8792502952, 45.7289945164 ], [ -13.8747957209, 45.7376915424 ], [ -13.650908946238388, 46.175629716785828 ], [ -13.579068102223752, 46.208394374745531 ], [ -13.56320027297696, 46.209275920814797 ], [ -13.556759586944651, 46.212167657400734 ], [ -13.549002776264155, 46.215650307094016 ], [ -13.548801687178944, 46.215740591989416 ], [ -13.544823802960762, 46.216301575661213 ], [ -13.441346562546128, 46.232427898853437 ], [ -13.061401266, 46.291640152900001 ], [ -12.946227434300001, 46.309589321399997 ], [ -12.94150852347445, 46.309589321399997 ] ] ] ] } },
{ "type": "Feature", "properties": { "STATE": "AURELIA", "County": "Oberwaldkreis" }, "geometry": { "type": "MultiPolygon", "coordinates": [ [ [ [ -16.327985614, 50.258920842 ], [ -16.327851053500002, 50.257575236599997 ], [ -16.327597763100002, 50.257110870799998 ], [ -16.325116580700001, 50.245532019700001 ], [ -16.622863434399999, 50.166132858700003 ], [ -16.8620793224, 50.166132858700003 ], [ -17.1197424038, 50.166132858700003 ], [ -17.124502914400001, 50.1867617379 ], [ -17.3369434106, 50.346092110100003 ], [ -17.75867690160328, 51.006085306821461 ], [ -17.0000094492, 51.476219015300003 ], [ -16.449019668199998, 51.299115157099997 ], [ -16.444215322200002, 51.297570903 ], [ -16.444215322200002, 51.263082561899999 ], [ -16.444215322200002, 50.801326146699999 ], [ -16.328927700600001, 50.263317246 ], [ -16.327985614, 50.258920842 ] ] ] ] } },
{ "type": "Feature", "properties": { "STATE": "AQUALAND", "County": "Nanzal" }, "geometry": { "type": "MultiPolygon", "coordinates": [ [ [ [ -11.778209624400001, 44.853776821899999 ], [ -11.797270724800001, 44.788969080599998 ], [ -11.879624583368297, 44.498871190743088 ], [ -11.882137214400855, 44.500423015778431 ], [ -12.436808062337541, 44.820630610231454 ], [ -12.4360622485794, 44.821851206985933 ], [ -12.3392961387, 44.968197222400001 ], [ -11.9639358213, 44.932448620800002 ], [ -11.963935940163767, 44.932452289929678 ], [ -11.913388677051827, 44.873375992863096 ], [ -11.910312918900001, 44.869888567899999 ], [ -11.821072407370378, 44.874775452855594 ], [ -11.767318512199999, 44.8788257183 ], [ -11.772212666, 44.8641432569 ], [ -11.7754371007, 44.854469952899997 ], [ -11.778209624400001, 44.853776821899999 ] ] ] ] } },
{ "type": "Feature", "properties": { "STATE": "AQUALAND", "County": "San Traquilo" }, "geometry": { "type": "MultiPolygon", "coordinates": [ [ [ [ -10.3067943064, 45.868939328099998 ], [ -10.279006665300001, 45.970827345499998 ], [ -10.279721685067765, 45.99162521605016 ], [ -10.287740538585959, 45.993617730597755 ], [ -10.368405704800001, 46.042324031 ], [ -10.500701751399999, 46.108472054300002 ], [ -10.4970063311, 46.117710605100001 ], [ -10.486880170922342, 46.143026005559783 ], [ -10.4322638297, 46.279566858700001 ], [ -10.433931416457598, 46.296331141126188 ], [ -10.444554447996031, 46.600863584817596 ], [ -10.443543422056536, 46.651793406267892 ], [ -10.44367015, 46.655975428399998 ], [ -10.17636072655754, 46.683983319953029 ], [ -10.154753228539665, 46.686218229662998 ], [ -10.134055358011995, 46.688359737390186 ], [ -10.1650200431, 46.492088298799999 ], [ -10.2269500644, 46.256754218099999 ], [ -10.225898145631074, 46.256162513792731 ], [ -10.044448939700001, 46.154097335499998 ], [ -10.0102299788, 45.994408851400003 ], [ -10.158512142599999, 45.834720367300001 ], [ -10.159737960899999, 45.820010547899997 ], [ -10.1614854427, 45.799040765599997 ], [ -10.171335256176974, 45.697944724372618 ], [ -10.1773100232, 45.707083974100001 ], [ -10.261169025299999, 45.811907726699999 ], [ -10.3067943064, 45.868939328099998 ] ] ] ] } },
{ "type": "Feature", "properties": { "STATE": "NORTH ORLE", "County": "Greenwich" }, "geometry": { "type": "MultiPolygon", "coordinates": [ [ [ [ -17.632588744700001, 55.9868822392 ], [ -17.6509792863, 56.014468051599998 ], [ -17.686504102299999, 56.520696679300002 ], [ -17.615638873, 56.521250313899998 ], [ -17.615638873, 56.538598487199998 ], [ -17.411902245499999, 56.538598487199998 ], [ -17.378492709820431, 55.790868137306532 ], [ -17.362188555400277, 55.425968989763021 ], [ -17.366527047228978, 55.425915428135504 ], [ -17.656989368156296, 55.422329473556161 ], [ -17.632588744700001, 55.9868822392 ] ] ] ] } },
{ "type": "Feature", "properties": { "STATE": "GUAVA", "County": "Rocablanca" }, "geometry": { "type": "MultiPolygon", "coordinates": [ [ [ [ 4.4236416081, 55.607089026799997 ], [ 5.0504904423, 55.837080488200002 ], [ 5.6989860734, 55.8308760396 ], [ 5.8034863615, 55.867748062799997 ], [ 5.9535736615, 55.300838433099997 ], [ 4.6883645693, 54.998370415099998 ], [ 4.4839951627, 55.161280962299998 ], [ 4.4236416081, 55.607089026799997 ] ] ] ] } },
{ "type": "Feature", "properties": { "STATE": "AUSTINAS", "County": "Harrowick" }, "geometry": { "type": "MultiPolygon", "coordinates": [ [ [ [ -2.556675816445251, 50.741289529316717 ], [ -2.35423538810732, 50.231547928907929 ], [ -2.224965587943933, 49.894491577635364 ], [ -2.2244586625, 49.893169827 ], [ -2.676291723563183, 49.69133508317443 ], [ -2.8158638099, 49.622719154400002 ], [ -3.3820842015, 50.393218712699998 ], [ -3.351172805611411, 50.406662764802988 ], [ -2.7945483545, 50.626552168800004 ], [ -2.795376384039523, 50.62772773028297 ], [ -2.5536252527, 50.743677741500001 ], [ -2.556675816445251, 50.741289529316717 ] ] ] ] } },
{ "type": "Feature", "properties": { "STATE": "ORLAVIA", "County": "Calverly" }, "geometry": { "type": "MultiPolygon", "coordinates": [ [ [ [ -6.3232817592, 49.961355341299999 ], [ -6.322855491079341, 49.957427919882782 ], [ -6.3291808681, 49.942571421799997 ], [ -6.3282029344, 49.8865456411 ], [ -6.3156441016, 49.880537873 ], [ -6.282345482, 49.756579434499997 ], [ -6.3124929821, 49.700010357399997 ], [ -6.313307901821809, 49.698596810806535 ], [ -6.30984141653385, 49.686196580743612 ], [ -6.2850934714, 49.557267999399997 ], [ -6.300048619253966, 49.475056151201393 ], [ -6.325373372059761, 49.461617841910829 ], [ -7.145902951376222, 49.837167614800364 ], [ -7.172672773767629, 49.849419946675788 ], [ -7.1807138405, 49.852984057699999 ], [ -6.629959709689438, 50.259288134238695 ], [ -6.6274102283, 50.2611689457 ], [ -6.603661287419217, 50.249808166138358 ], [ -6.260564385885862, 50.10373187644683 ], [ -6.304199438710073, 50.001245641000622 ], [ -6.3232817592, 49.961355341299999 ] ] ] ] } },
{ "type": "Feature", "properties": { "STATE": "AQUALAND", "County": "Greenholt" }, "geometry": { "type": "MultiPolygon", "coordinates": [ [ [ [ -9.617743497199999, 44.044263795500001 ], [ -9.6657660482, 43.991239392499999 ], [ -9.710782716, 43.951224576599998 ], [ -9.7532984579, 43.866193093 ], [ -9.759586923520486, 43.857209570718197 ], [ -9.7614225187, 43.854587291900003 ], [ -9.8119395465, 43.854587291900003 ], [ -9.815558536960602, 43.857209570718197 ], [ -9.834835007800001, 43.8478476668 ], [ -9.8968611537, 43.77548383 ], [ -9.9278742266, 43.77548383 ], [ -9.9278742266, 43.754808448 ], [ -9.7732318534, 43.660304775500002 ], [ -9.754166293133192, 43.625986767038029 ], [ -9.7106507992, 43.547658878 ], [ -9.701510434799999, 43.520237784700001 ], [ -10.557640733362582, 43.790629047482788 ], [ -10.0065746617, 44.243838619599998 ], [ -9.918205217891733, 44.2760386563682 ], [ -9.8892309067, 44.239038989800001 ], [ -9.877433674863315, 44.228421481138845 ], [ -9.845747123400001, 44.199903584799998 ], [ -9.7614225187, 44.124011440499999 ], [ -9.716286398799999, 44.085323337799998 ], [ -9.617743497199999, 44.044263795500001 ] ] ] ] } },
{ "type": "Feature", "properties": { "STATE": "FLORENTIA", "County": "Bellflower" }, "geometry": { "type": "MultiPolygon", "coordinates": [ [ [ [ -13.148396230943145, 54.897060863000853 ], [ -13.168374661266128, 54.895633832263499 ], [ -13.168411491473622, 54.895557541119402 ], [ -13.170599582862744, 54.89561530982229 ], [ -13.153046359336619, 54.93990482208558 ], [ -13.148396230943145, 54.897060863000853 ] ] ], [ [ [ -14.469700791899999, 56.186618167900001 ], [ -14.470459972191266, 56.230111577810575 ], [ -14.458348920547767, 56.228767452241676 ], [ -14.457994000599999, 56.2084341021 ], [ -13.2787254155, 56.097848836626717 ], [ -13.154103499284673, 54.949644781254193 ], [ -13.6962608553, 54.934459669200002 ], [ -13.723163321299999, 54.906601350199999 ], [ -14.142201977913141, 54.98787307514165 ], [ -14.622835969254734, 55.081091094351706 ], [ -14.630483789204929, 55.084749581567905 ], [ -14.686942589200788, 55.111757774670245 ], [ -14.717811066406766, 55.551786245230808 ], [ -14.719626224280011, 55.577661222394745 ], [ -14.623762516098285, 55.882910069453793 ], [ -14.469700791899999, 56.186618167900001 ] ] ] ] } },
{ "type": "Feature", "properties": { "STATE": "UGHAMPTON", "County": "Crystalvale" }, "geometry": { "type": "MultiPolygon", "coordinates": [ [ [ [ -2.249235273045301, 53.498798513998281 ], [ -1.793637649990879, 52.57044961753401 ], [ -1.7421535685, 52.465543033700001 ], [ -1.758704733384888, 52.468406044898437 ], [ -1.765847581941729, 52.469641610826827 ], [ -1.771408783210478, 52.470603584296363 ], [ -1.7655699754, 52.503090749899997 ], [ -3.172835518886243, 52.761910238980938 ], [ -3.1693143146, 52.7925802217 ], [ -3.175779316351063, 52.789128877132953 ], [ -3.104244373058987, 53.098088971507181 ], [ -3.074163690763486, 53.228007721885056 ], [ -3.073013884259051, 53.232973747015905 ], [ -3.071985407391007, 53.237415748303519 ], [ -3.071736872, 53.238489175 ], [ -3.04837805370572, 53.245471499349797 ], [ -2.370210403913486, 53.469761476166035 ], [ -2.3701603152, 53.46961677 ], [ -2.369311808526356, 53.46991987596779 ], [ -2.364073075530979, 53.471791271071538 ], [ -2.270027562012634, 53.505386476951102 ], [ -2.259211073029082, 53.501959310812005 ], [ -2.249235273045301, 53.498798513998281 ] ] ] ] } },
{ "type": "Feature", "properties": { "STATE": "ORLAY", "County": "Ardenia" }, "geometry": { "type": "MultiPolygon", "coordinates": [ [ [ [ -10.674986668426277, 51.480584975803232 ], [ -10.506424875015242, 51.581940678592446 ], [ -10.3496463026, 51.676211165799998 ], [ -10.329025895891299, 51.660296997245275 ], [ -10.198961655926954, 51.559917588294958 ], [ -9.879745720929526, 51.313556967640523 ], [ -9.44209602574553, 50.977318737434345 ], [ -10.280083143475384, 50.545463357693322 ], [ -10.287675071600001, 50.563522597400002 ], [ -10.306436004832964, 50.5507368018242 ], [ -10.456839455521783, 50.71174722098084 ], [ -10.8801088402, 51.142822625 ], [ -10.90058748657796, 51.139913090540951 ], [ -10.89137595956303, 51.194261517466309 ], [ -10.893246850900001, 51.196964428699999 ], [ -10.872713391349695, 51.361113713093509 ], [ -10.8726351038, 51.361739562099999 ], [ -10.674986668426277, 51.480584975803232 ] ] ] ] } },
{ "type": "Feature", "properties": { "STATE": "BRYT CITY", "County": "Lorendale" }, "geometry": { "type": "MultiPolygon", "coordinates": [ [ [ [ 7.9613573766, 49.434501877599999 ], [ 7.6885281169, 49.521311187499997 ], [ 7.674909834, 49.575784319199997 ], [ 7.0484688193, 50.256698465500001 ], [ 7.6204367023, 50.828666348500001 ], [ 8.7507541852, 50.638010387500003 ], [ 8.723517619400001, 49.439601489899999 ], [ 8.6826548881, 49.438844772700001 ], [ 7.9881303413, 49.425983207 ], [ 7.9613573766, 49.434501877599999 ] ] ] ] } },
{ "type": "Feature", "properties": { "STATE": "UGHAMPTON", "County": "Thalorune" }, "geometry": { "type": "MultiPolygon", "coordinates": [ [ [ [ 0.77189320247557, 53.447697504320629 ], [ 0.79268283063552, 53.419407461166223 ], [ 0.75936512, 53.435345652599999 ], [ 0.242425867255077, 53.165497711218535 ], [ 0.197299188362616, 53.149575152717595 ], [ 0.1863043133, 53.163714010299998 ], [ -0.003528334605673, 53.601313904187869 ], [ -0.203938119487512, 53.758404138782993 ], [ -0.580871990653515, 53.907541088219482 ], [ -0.684165412327121, 53.998470261277959 ], [ -0.673707847913869, 54.007139913752148 ], [ -0.66436199514208, 54.014887922026773 ], [ -0.100851054516736, 54.635307619475839 ], [ 0.099698376933136, 54.362404610982487 ], [ 0.77189320247557, 53.447697504320629 ] ] ] ] } },
{ "type": "Feature", "properties": { "STATE": "BAYBAR", "County": "Eaux City" }, "geometry": { "type": "MultiPolygon", "coordinates": [ [ [ [ 0.504632787479189, 45.345797049398172 ], [ 0.499179482479189, 45.34100878159817 ], [ 0.504632787479189, 45.345153721498171 ], [ 0.515765298804615, 45.335920636889725 ], [ 0.680268900450506, 45.262098112938325 ], [ 0.868602121264918, 45.115417450013268 ], [ 0.880291521577601, 45.103728049700585 ], [ 0.615957146505066, 44.616949699917534 ], [ 0.612098825426656, 44.62122715881231 ], [ 0.622801347248565, 44.632287741579297 ], [ 0.249111656534143, 45.023646413901538 ], [ 0.10663899561167, 45.046697249609799 ], [ 0.2753111906, 45.169695803800003 ], [ 0.504632787479189, 45.345797049398172 ] ] ], [ [ [ 0.887370010393739, 45.114519977446477 ], [ 0.887370010393735, 45.11451997744647 ], [ 0.887370010393738, 45.114519977446477 ], [ 0.887370010393739, 45.114519977446477 ] ] ] ] } },
{ "type": "Feature", "properties": { "STATE": "DENBURG", "County": "Caldoria" }, "geometry": { "type": "MultiPolygon", "coordinates": [ [ [ [ -19.734454658370272, 45.786833049160364 ], [ -19.807607939341583, 45.75560571172845 ], [ -19.936120455380571, 45.694574429705831 ], [ -19.948754984488026, 45.688574224177628 ], [ -20.404886515400001, 45.783946977399999 ], [ -20.467682328, 45.843752513200002 ], [ -20.530774294499999, 46.005131377600001 ], [ -20.652189075, 46.311169605700002 ], [ -20.673280049799999, 46.526297549100001 ], [ -19.725870968, 46.115753613599999 ], [ -19.274245032041787, 46.00673902653083 ], [ -19.53262454627027, 45.873986961160362 ], [ -19.734454658370272, 45.786833049160364 ] ] ] ] } },
{ "type": "Feature", "properties": { "STATE": "NEW ZALES", "County": "Eastwood" }, "geometry": { "type": "MultiPolygon", "coordinates": [ [ [ [ 0.028224623247154, 59.558237189566306 ], [ -0.063539465, 59.483460433700003 ], [ -0.193497141267913, 59.469252138437767 ], [ -0.193625867158789, 59.469006389009728 ], [ -0.19363824037035, 59.469005014208449 ], [ -0.193386754901774, 59.469512740990787 ], [ -0.79212061221603, 59.403075163468209 ], [ -0.79203484730034, 59.402516502303968 ], [ -0.8036135097, 59.401229984300002 ], [ -0.8693380923, 59.959888935599999 ], [ -0.8512122545, 59.960644178800003 ], [ -0.0901521796, 60.021278459500003 ], [ 0.04443702505372, 59.619859238177241 ], [ 0.043713482, 59.619681474300002 ], [ -0.0477808109, 59.598403731799998 ], [ 0.023512859547154, 59.563472482566304 ], [ 0.027649678247155, 59.564161952366305 ], [ 0.029814548747155, 59.558413847866305 ], [ 0.028224623247154, 59.558237189566306 ] ] ] ] } },
{ "type": "Feature", "properties": { "STATE": "PORTLAND", "County": "Arandor" }, "geometry": { "type": "MultiPolygon", "coordinates": [ [ [ [ 4.5866501637, 59.468047708599997 ], [ 5.5060600709, 59.521090587899998 ], [ 5.5024720352, 59.406034740099997 ], [ 5.1793634985, 59.061385634300002 ], [ 5.1773419537, 59.061385634300002 ], [ 4.8057759004, 59.160469915100002 ], [ 4.8147101872, 59.1316816577 ], [ 4.638960346877284, 59.192230709354575 ], [ 4.646869935319732, 59.208049886239472 ], [ 4.633609722962181, 59.207492963324363 ], [ 4.5866501637, 59.468047708599997 ] ] ] ] } },
{ "type": "Feature", "properties": { "STATE": "PORTLAND", "County": "Hughes" }, "geometry": { "type": "MultiPolygon", "coordinates": [ [ [ [ 3.8237602281, 57.972992128100003 ], [ 3.6582329751, 57.938144285299998 ], [ 3.6354145289, 57.933340401899997 ], [ 3.599793526186451, 57.925841243436381 ], [ 3.5257925784, 57.912123250199997 ], [ 3.4786433524, 57.9003359437 ], [ 3.3831439296, 57.880230802100002 ], [ 3.2252162626, 58.336466284300002 ], [ 3.9735353788, 58.566505561900001 ], [ 4.0189076573, 58.014075797399997 ], [ 3.8237602281, 57.972992128100003 ] ] ] ] } },
{ "type": "Feature", "properties": { "STATE": "PORTLAND", "County": "Nueva Costa" }, "geometry": { "type": "MultiPolygon", "coordinates": [ [ [ [ 6.7944881405, 57.132446679099999 ], [ 6.8230777135, 57.146741465600002 ], [ 6.70237523854739, 58.00152846874353 ], [ 6.72143495384739, 57.987233682243534 ], [ 6.7944881405, 57.9758390816 ], [ 7.4949326782, 58.004428654500003 ], [ 7.6807649025, 57.4612267682 ], [ 7.5235222512, 56.875140522400002 ], [ 7.443073899747242, 56.848948035889933 ], [ 6.9088464324, 56.675013511700001 ], [ 6.891361630310128, 56.692498313789869 ], [ 6.8791368614, 56.704723082699999 ], [ 6.8381921027, 56.793436726499998 ], [ 6.8111448167, 56.787548881900001 ], [ 6.798962906497485, 56.784897037502517 ], [ 6.7944881405, 56.789371803500003 ], [ 6.7944881405, 56.870832262599997 ], [ 6.7944881405, 57.132446679099999 ] ] ] ] } },
{ "type": "Feature", "properties": { "STATE": "ORLAY", "County": "Arlow" }, "geometry": { "type": "MultiPolygon", "coordinates": [ [ [ [ -9.168261425814546, 53.237825373717868 ], [ -9.173242569162518, 53.398116088414618 ], [ -9.1733470874176, 53.401479433862725 ], [ -8.5263212655, 53.624394056600003 ], [ -8.5086519427, 53.661330580300003 ], [ -8.509918741759606, 53.67277845637205 ], [ -7.58943246003651, 54.0034236963591 ], [ -6.4838275774, 53.124853202200001 ], [ -6.483460662251852, 53.148246855252992 ], [ -5.9980864242, 52.837436862499999 ], [ -6.409481682670871, 52.641705127593532 ], [ -6.57351220987904, 52.563663441387881 ], [ -6.607892259683529, 52.586545053489147 ], [ -6.977862429196649, 52.832778376476782 ], [ -7.051773219439644, 52.881969638329394 ], [ -7.6548103101, 53.283320447 ], [ -7.8648133266, 53.200360673900001 ], [ -8.039424149024979, 53.129124445904758 ], [ -9.182862459200001, 52.666356494399999 ], [ -9.168261425814546, 53.237825373717868 ] ] ] ] } },
{ "type": "Feature", "properties": { "STATE": "ORLAY", "County": "Orinia" }, "geometry": { "type": "MultiPolygon", "coordinates": [ [ [ [ -8.081720136029753, 51.644503181381978 ], [ -7.9328523452, 51.769378220100002 ], [ -7.908967265774159, 51.775246844038016 ], [ -7.837162230826016, 51.792889521269828 ], [ -7.6488866672, 51.839149299600003 ], [ -7.586287333687938, 51.840241975026949 ], [ -7.553690875265589, 51.846394532766674 ], [ -7.245549597752211, 51.570909575703631 ], [ -7.220482240553998, 51.561846094130708 ], [ -7.21013194176118, 51.5637573693067 ], [ -7.151018179, 51.536730313600003 ], [ -7.2274146224, 51.4576194805 ], [ -7.6011880818, 51.334429248200003 ], [ -7.602605790591861, 51.32931866612558 ], [ -7.690214251635169, 51.013506114813332 ], [ -7.6973293533, 51.024225730799998 ], [ -7.8973870398, 50.953637105699997 ], [ -7.932611068796195, 50.930257299215825 ], [ -8.2011446938, 51.544326063200003 ], [ -8.197708966222431, 51.547208060789153 ], [ -8.081720136029753, 51.644503181381978 ] ] ] ] } },
{ "type": "Feature", "properties": { "STATE": "HAMPTON", "County": "Ahruna" }, "geometry": { "type": "MultiPolygon", "coordinates": [ ] } },
{ "type": "Feature", "properties": { "STATE": "NOVA", "County": "Yohashtlest" }, "geometry": { "type": "MultiPolygon", "coordinates": [ [ [ [ -7.0729137791, 45.3184653434 ], [ -7.0717690863, 45.329912271399998 ], [ -7.059782169169313, 45.449781442490213 ], [ -7.01979588612372, 45.659450332054675 ], [ -6.899033222543682, 45.875263114163523 ], [ -6.898345273169523, 45.875518934692906 ], [ -6.6760869401, 45.837392748200003 ], [ -6.3860980962, 45.8221301775 ], [ -6.2525506023, 45.8221301775 ], [ -5.9663774011, 45.8221301775 ], [ -5.9035480858666, 45.794253612648056 ], [ -5.97877485234681, 45.681254606259074 ], [ -6.193011826319664, 45.359446740210707 ], [ -6.2984394209, 45.214751791700003 ], [ -6.3298657444, 45.124962295899998 ], [ -6.533780272, 44.757029561400003 ], [ -6.5746872448, 44.789755139599997 ], [ -6.681136244132993, 44.559115640878524 ], [ -7.042492434792928, 44.586007264369499 ], [ -7.0527612585, 44.6003836175 ], [ -7.058981032312065, 44.615224721015835 ], [ -7.176985889611592, 44.896798031472237 ], [ -7.236050502322964, 44.981797923245807 ], [ -7.197603359822963, 45.045876493945805 ], [ -7.056168676612228, 45.264973470205383 ], [ -7.04578032, 45.282287397899999 ], [ -7.0729137791, 45.3184653434 ] ] ] ] } },
{ "type": "Feature", "properties": { "STATE": "NEW ZALES", "County": "Hillcrest" }, "geometry": { "type": "MultiPolygon", "coordinates": [ ] } },
{ "type": "Feature", "properties": { "STATE": "NEW ZALES", "County": "Belle Wood" }, "geometry": { "type": "MultiPolygon", "coordinates": [ [ [ [ -2.368969834526026, 57.571355991881319 ], [ -2.347563959431709, 57.562697272470807 ], [ -2.34641192597213, 57.560541034884693 ], [ -2.768693798446219, 57.620215073155542 ], [ -3.945069668820408, 57.786015490424901 ], [ -3.944961958139749, 57.789512760556406 ], [ -3.9392101076, 57.7885541188 ], [ -3.934338273, 58.134454381 ], [ -3.9570647788, 59.0207881069 ], [ -3.957071935058195, 59.021067200978344 ], [ -3.943280752638398, 59.020196801788593 ], [ -3.9583934702, 59.072607071699998 ], [ -3.9252783921, 59.0684676869 ], [ -3.923618177324055, 59.068260160078388 ], [ -3.9211903532, 59.067956682099997 ], [ -2.512452655, 58.891864469799998 ], [ -2.349967934478542, 58.872765587003151 ], [ -2.38100349, 58.525207546799997 ], [ -2.38100349, 57.992660045716633 ], [ -2.38100349, 57.577372819600001 ], [ -2.368969834526026, 57.571355991881319 ] ] ] ] } },
{ "type": "Feature", "properties": { "STATE": "ORLAY", "County": "North Athers" }, "geometry": { "type": "MultiPolygon", "coordinates": [ [ [ [ -7.060289353419731, 51.789125849649807 ], [ -7.0468170081, 51.8127859302 ], [ -6.773538463602, 52.053749905868003 ], [ -6.773448104930491, 52.053899270263074 ], [ -6.773390910935329, 52.053993812893445 ], [ -6.773389336713129, 52.053996415109062 ], [ -6.773208650509164, 52.054295092425541 ], [ -6.773165256267505, 52.054366823832616 ], [ -6.773165132562903, 52.054367028318389 ], [ -6.773098217935709, 52.054477639315429 ], [ -6.772619272210048, 52.055269344609215 ], [ -6.772619272207403, 52.055269344613585 ], [ -6.771983795027364, 52.056319799018262 ], [ -6.770767672915872, 52.058330069203826 ], [ -6.769672345907, 52.060140663063997 ], [ -6.765177846161185, 52.069743397980226 ], [ -6.755956346554984, 52.089445616524245 ], [ -6.4371022979, 52.1009491099 ], [ -6.331912975149075, 52.096414882554797 ], [ -6.331912975123912, 52.096414882553709 ], [ -5.9419258114, 52.076350620699998 ], [ -6.315644278766384, 51.57989773197162 ], [ -6.342839880540254, 51.543770710589754 ], [ -6.3473377177, 51.537795720200002 ], [ -6.449856490987923, 51.495853126811468 ], [ -6.5790152386, 51.443011557799998 ], [ -7.058686650562407, 51.787973245868663 ], [ -7.060289353419731, 51.789125849649807 ] ] ] ] } },
{ "type": "Feature", "properties": { "STATE": "NORTH ORLE", "County": "New Ashford" }, "geometry": { "type": "MultiPolygon", "coordinates": [ [ [ [ -17.274314352600001, 57.099529501500001 ], [ -17.270976143599999, 57.094800372 ], [ -17.209606287900002, 56.998362027299997 ], [ -17.209606287900002, 56.860432965299999 ], [ -17.356730620699999, 56.713308632500002 ], [ -17.430292787100001, 56.538598487199998 ], [ -17.614198203099999, 56.538598487199998 ], [ -17.5958076615, 57.117900547700003 ], [ -17.274314352600001, 57.099529501500001 ] ] ] ] } },
{ "type": "Feature", "properties": { "STATE": "AURELIA", "County": "Falkenried" }, "geometry": { "type": "MultiPolygon", "coordinates": [ [ [ [ -17.0423075667, 47.668434208100003 ], [ -17.042861554618817, 47.668366663842214 ], [ -17.046152124, 47.67076761 ], [ -17.0423075667, 47.668434208100003 ] ] ], [ [ [ -17.124502914400001, 48.026950026100003 ], [ -17.053689415699999, 47.761399405799999 ], [ -17.048836576900001, 47.753311341200003 ], [ -17.04323141954848, 47.67551638164668 ], [ -17.050171058117506, 47.676394816908577 ], [ -18.1737518288, 49.231050922400001 ], [ -18.178156125499999, 49.23714524 ], [ -16.989208356799999, 49.527776916800001 ], [ -17.036370565199999, 49.804854891200002 ], [ -17.120362097473681, 50.16631381155922 ], [ -16.8620793224, 50.166132858700003 ], [ -16.622863434399999, 50.166132858700003 ], [ -16.325116580700001, 50.245532019700001 ], [ -16.327597763100002, 50.257110870799998 ], [ -16.327985614, 50.258920842 ], [ -16.328927700600001, 50.263317246 ], [ -16.3284406354, 50.263471056 ], [ -16.315471287800001, 50.267566639499996 ], [ -16.117313326400001, 49.924092839700002 ], [ -16.117313326400001, 49.871589403500003 ], [ -16.117313326400001, 49.849073302599997 ], [ -16.117313326400001, 49.699513816699998 ], [ -15.813471118800001, 49.580619039799998 ], [ -15.4354756794, 49.479205629200003 ], [ -15.271839357499999, 49.435303201399996 ], [ -15.402907455, 49.0112593566 ], [ -15.4964183805, 48.708724009400001 ], [ -15.5100553904, 48.708724009400001 ], [ -15.9191553649, 48.708724009400001 ], [ -15.943182824100001, 48.707722865299999 ], [ -16.236208103199999, 48.695513478599999 ], [ -16.238147972099998, 48.694618154600001 ], [ -16.579681903099999, 48.536987109499997 ], [ -16.578980364, 48.534882492400001 ], [ -16.611105048500001, 48.522644517300002 ], [ -16.557994924399999, 48.398720894500002 ], [ -16.541519133400001, 48.085680865500002 ], [ -16.814434267799999, 48.045742065299997 ], [ -17.124502914400001, 48.026950026100003 ] ] ] ] } },
{ "type": "Feature", "properties": { "STATE": "GUAVA", "County": "Peacock" }, "geometry": { "type": "MultiPolygon", "coordinates": [ [ [ [ 6.3712035149, 54.1940884475 ], [ 6.2095054907, 54.381380591199999 ], [ 6.1642742766, 54.431288302299997 ], [ 6.1621732238, 54.551657537300002 ], [ 6.4524876597, 54.620096525599998 ], [ 6.6543301385, 54.674316924099998 ], [ 6.6728934803, 54.699989560799999 ], [ 6.7296893229, 54.713655242199998 ], [ 6.7613654373, 54.714208150799998 ], [ 6.8477042771, 54.487577689 ], [ 6.3712035149, 54.1940884475 ] ] ] ] } },
{ "type": "Feature", "properties": { "STATE": "NEW ZALES", "County": "New Addams" }, "geometry": { "type": "MultiPolygon", "coordinates": [ [ [ [ 2.350428429, 58.520905928099999 ], [ 2.343168648503803, 58.517378832274687 ], [ 1.9764142248, 58.339194657500002 ], [ 1.473812947327948, 58.516810018313862 ], [ 1.817597916668205, 58.702647551480347 ], [ 1.957893971468205, 58.802023923680345 ], [ 2.350428429, 58.520905928099999 ] ] ] ] } },
{ "type": "Feature", "properties": { "STATE": "AURELIA", "County": "Wittergau" }, "geometry": { "type": "MultiPolygon", "coordinates": [ [ [ [ -17.749214827, 50.989235519700003 ], [ -17.3369434106, 50.346092110100003 ], [ -17.124502914400001, 50.1867617379 ], [ -17.1197424038, 50.166132858700003 ], [ -17.036370565199999, 49.804854891200002 ], [ -16.989208356799999, 49.527776916800001 ], [ -18.178156125499999, 49.23714524 ], [ -18.1737518288, 49.231050922400001 ], [ -18.7886201349, 49.266186254200001 ], [ -19.213501127400001, 51.248964219100003 ], [ -19.121443579099999, 51.254379369 ], [ -18.9479505071, 51.2135574697 ], [ -18.532806370700001, 51.450782690499999 ], [ -18.326862700101394, 51.571334943548436 ], [ -18.281775290035274, 51.527917437558834 ], [ -17.779527777799998, 51.036523722799998 ], [ -17.758301602900001, 51.003410889900003 ], [ -17.749214827, 50.989235519700003 ] ] ] ] } },
{ "type": "Feature", "properties": { "STATE": "AURELIA", "County": "Lichtenhain" }, "geometry": { "type": "MultiPolygon", "coordinates": [ [ [ [ -14.8541600427, 50.294695799199999 ], [ -15.107168377600001, 50.487464054299998 ], [ -15.113312988300001, 50.4921456625 ], [ -15.281346212812599, 50.427569315216779 ], [ -15.724322503059012, 50.913055088966686 ], [ -15.5572222448, 50.926659605799998 ], [ -15.5122983023, 50.940482357400001 ], [ -15.5096289112, 50.941303708500001 ], [ -15.5041617929, 51.009642687 ], [ -15.486372100100001, 51.232013847300003 ], [ -15.483207849699999, 51.271566977500001 ], [ -16.45597907569298, 51.305241613598163 ], [ -17.000145223893718, 51.476658051262206 ], [ -16.403631375658787, 52.760110399368678 ], [ -15.8799952715, 52.9483092814 ], [ -15.5174639705, 53.078593967700002 ], [ -15.5096289112, 53.081409692199998 ], [ -15.456235299699999, 52.8594597775 ], [ -15.209149706712735, 51.832358881176539 ], [ -15.0565115687, 51.197863091800002 ], [ -14.946386905700001, 50.740089983099999 ], [ -14.931353191370702, 50.721930001376109 ], [ -14.855803419700001, 50.304008268600001 ], [ -14.8407675798, 50.292981986 ], [ -14.8384963782, 50.282761578600002 ], [ -14.8541600427, 50.294695799199999 ] ] ] ] } },
{ "type": "Feature", "properties": { "STATE": "NORTH ORLE", "County": "Dunmoor" }, "geometry": { "type": "MultiPolygon", "coordinates": [ [ [ [ -18.7979096822, 58.080493951 ], [ -19.331210941799998, 57.843471169 ], [ -19.331027368400001, 57.847693355899999 ], [ -19.309550876736331, 58.34165266438324 ], [ -19.301583094, 58.524911667399998 ], [ -18.4423755091, 58.495283819599997 ], [ -18.4900404448945, 58.439674727835275 ], [ -18.7977538391, 58.080675767899997 ], [ -18.7979096822, 58.080493951 ] ] ] ] } },
{ "type": "Feature", "properties": { "STATE": "ORLAY", "County": "Cargette" }, "geometry": { "type": "MultiPolygon", "coordinates": [ [ [ [ -12.000883150841297, 50.983586930538301 ], [ -11.992825550302296, 50.98473172624368 ], [ -11.797249767734149, 51.012518449459449 ], [ -11.241189309207719, 51.091521574741186 ], [ -10.901822513300001, 51.132626376899999 ], [ -10.90058748657796, 51.139913090540951 ], [ -10.8801088402, 51.142822625 ], [ -10.456839455521783, 50.71174722098084 ], [ -10.306436004832964, 50.5507368018242 ], [ -10.658741387534448, 50.310636560138988 ], [ -11.388579019700002, 49.877211477 ], [ -12.010854083376248, 50.983977075183788 ], [ -12.000883150841297, 50.983586930538301 ] ] ] ] } },
{ "type": "Feature", "properties": { "STATE": "NEW ZALES", "County": "Hilltops" }, "geometry": { "type": "MultiPolygon", "coordinates": [ [ [ [ 0.9052256355, 59.243721174 ], [ 0.906083432980307, 59.28555283335735 ], [ 0.9392182682, 59.320204597500002 ], [ 0.945202754128247, 59.331795983845517 ], [ 1.061233228281361, 59.428073993946974 ], [ 1.2806704686, 59.272913999300002 ], [ 1.2749228439, 59.270101332 ], [ 1.2700788056, 59.272913999300002 ], [ 1.1522038467, 59.2100473546 ], [ 0.956641757302964, 59.110356807411712 ], [ 0.9314617594, 59.102024631 ], [ 0.750990450793173, 59.050779683920979 ], [ 0.7315334805, 59.109150594900001 ], [ 0.707230054254809, 59.189784143433471 ], [ 0.69952708986028, 59.204063680328083 ], [ 0.725572999054809, 59.203541352033469 ], [ 0.7573453248, 59.204056236699998 ], [ 0.9052256355, 59.204056236699998 ], [ 0.9052256355, 59.243721174 ] ] ] ] } },
{ "type": "Feature", "properties": { "STATE": "DENBURG", "County": "Cresthaven" }, "geometry": { "type": "MultiPolygon", "coordinates": [ [ [ [ -21.217792684500001, 44.972237450100003 ], [ -21.220517715337451, 44.971989720026848 ], [ -21.227900500925905, 44.971318557708685 ], [ -21.249458652292834, 44.969358725789782 ], [ -21.251087813800002, 44.969210620200002 ], [ -21.32181072867975, 44.978581891331565 ], [ -22.2229815442, 45.119389831299998 ], [ -22.233668785849119, 45.099409336039727 ], [ -22.270708159786331, 45.104317307046003 ], [ -21.6683838543, 46.420561334600002 ], [ -21.199212300666598, 45.811861332903476 ], [ -21.2003183574, 45.803565906899998 ], [ -21.198093957442552, 45.809119895180821 ], [ -21.199032435900001, 45.799922806399998 ], [ -21.198606372095572, 45.799926124203616 ], [ -21.198649218900002, 45.799560892499997 ], [ -21.200763973400001, 45.798503515299998 ], [ -21.204450269938704, 45.772576562969661 ], [ -21.232485290300001, 45.575396919699998 ], [ -21.239973978799998, 45.506148746599997 ], [ -21.241770246600002, 45.492676738 ], [ -21.226982589786331, 45.351004283249985 ], [ -21.225669527990032, 45.064419796847574 ], [ -21.224187957, 45.040714660900001 ], [ -21.223320919100001, 45.040668212500002 ], [ -21.222651184099998, 45.024259705799999 ], [ -21.211533898390933, 44.980558660475189 ], [ -21.218583260812633, 44.980702525014514 ], [ -21.217792684500001, 44.972237450100003 ] ] ] ] } },
{ "type": "Feature", "properties": { "STATE": "AURELIA", "County": "Vodersteinmark" }, "geometry": { "type": "MultiPolygon", "coordinates": [ [ [ [ -14.8053608305, 49.372406502300002 ], [ -15.167053745400001, 49.433710386199998 ], [ -15.4354756794, 49.479205629200003 ], [ -15.813471118800001, 49.580619039799998 ], [ -16.117313326400001, 49.699513816699998 ], [ -16.117313326400001, 49.849073302599997 ], [ -16.115410557299999, 49.868100993500001 ], [ -16.117313326400001, 49.871589403500003 ], [ -16.117313326400001, 49.924092839700002 ], [ -16.315471287800001, 50.267566639499996 ], [ -16.3284406354, 50.263471056 ], [ -16.441312531186991, 50.804361419299205 ], [ -16.444215322200002, 51.263082561899999 ], [ -16.444215322200002, 51.297570903 ], [ -16.449019668199998, 51.299115157099997 ], [ -16.451774676300001, 51.319777717800001 ], [ -15.481918007267728, 51.270652483241058 ], [ -15.5041617929, 51.009642687 ], [ -15.5122983023, 50.940482357400001 ], [ -15.5572222448, 50.926659605799998 ], [ -15.7259363142, 50.9126001 ], [ -15.283351947, 50.434608983499999 ], [ -15.107168377600001, 50.487464054299998 ], [ -14.8384963782, 50.282761578600002 ], [ -14.7699540811, 49.974321241600002 ], [ -14.716843957, 49.691067246700001 ], [ -14.7354038782, 49.624251530499997 ], [ -14.798246156299999, 49.398019329199997 ], [ -14.8053608305, 49.372406502300002 ] ] ] ] } },
{ "type": "Feature", "properties": { "STATE": "ORLAY", "County": "Orcrest" }, "geometry": { "type": "MultiPolygon", "coordinates": [ [ [ [ -8.197708966222431, 51.547208060789153 ], [ -8.2011446938, 51.544326063200003 ], [ -7.932611068796195, 50.930257299215825 ], [ -8.140295748509981, 50.792407434796282 ], [ -8.289436550831535, 50.715840764318145 ], [ -8.2908130402, 50.717523094900002 ], [ -9.164017034345138, 50.266844147393556 ], [ -9.173610817177567, 50.277265058096141 ], [ -9.1755499218, 50.279371342600001 ], [ -9.417726339460664, 50.918398943204082 ], [ -9.439247132098867, 50.976273373938469 ], [ -8.952458675645097, 51.18604312405197 ], [ -8.82790266895636, 51.260578474827533 ], [ -8.229867157993924, 51.538679497550248 ], [ -8.226143652699999, 51.535199877099998 ], [ -8.208285083383648, 51.548715685889526 ], [ -8.2001187099, 51.552513247699999 ], [ -8.197708966222431, 51.547208060789153 ] ] ] ] } },
{ "type": "Feature", "properties": { "STATE": "NEW ZALES", "County": "Twiga" }, "geometry": { "type": "MultiPolygon", "coordinates": [ [ [ [ -1.909733583880673, 59.37693869654796 ], [ -1.8038451339, 59.343500238700003 ], [ -1.4091898389, 59.276483301799999 ], [ -1.363022112, 59.268643499100001 ], [ -1.3418600328, 58.432741370099997 ], [ -1.341049131648171, 58.432781250484609 ], [ -1.340988833706565, 58.430422314712331 ], [ -1.0218502719, 58.4484795551 ], [ -0.6964166167, 58.464484488899998 ], [ -0.696032663522971, 58.460708949304369 ], [ -0.702302638909733, 58.450529786920598 ], [ -0.694898263752431, 58.44955401788593 ], [ -0.6529035774, 58.036606269300002 ], [ -0.637962438066435, 57.889685065471845 ], [ -0.6339708733, 57.850434678500001 ], [ -2.38100349, 57.992660045716633 ], [ -2.38100349, 58.525207546799997 ], [ -2.349967934478542, 58.872765587003151 ], [ -2.349972836393232, 58.872971467636425 ], [ -2.3102403261, 58.868351408300001 ], [ -1.805913393, 58.8097087417 ], [ -1.909733583880673, 59.37693869654796 ] ], [ [ -0.7069748454, 58.453727478899999 ], [ -0.705812043, 58.453746858899997 ], [ -0.7069976563, 58.4539034493 ], [ -0.7069748454, 58.453727478899999 ] ] ] ] } },
{ "type": "Feature", "properties": { "STATE": "WESTVALE", "County": "Starlet City" }, "geometry": { "type": "MultiPolygon", "coordinates": [ [ [ [ -0.6011816085, 50.658532595799997 ], [ -0.398159757514586, 50.594180966815337 ], [ -0.1890105678, 50.489662214399999 ], [ -0.2140599062, 50.289411936299999 ], [ -0.39742715595, 50.164896188900002 ], [ -0.6093304314, 50.0398823433 ], [ -0.749520068901485, 49.894711724051426 ], [ -0.749520069, 49.894711724 ], [ -0.8636641718, 49.892719331199999 ], [ -0.988055679514283, 49.848828863200396 ], [ -0.999262731919959, 49.847931823980296 ], [ -2.004433849442837, 49.880616527020869 ], [ -2.111610288477658, 49.943186346279667 ], [ -2.103287476255862, 49.947128069968606 ], [ -0.6011816085, 50.658532595799997 ] ] ] ] } },
{ "type": "Feature", "properties": { "STATE": "NORTH ORLE", "County": "Norham" }, "geometry": { "type": "MultiPolygon", "coordinates": [ [ [ [ -17.138952083500001, 55.470453266100002 ], [ -17.142068335794026, 55.41548383353966 ], [ -17.1574083406, 55.423115061700003 ], [ -17.3663786081, 55.421388034700001 ], [ -17.366527047228978, 55.425915428135504 ], [ -17.362188555400277, 55.425968989763021 ], [ -17.378492709820431, 55.790868137306532 ], [ -17.402706974699999, 56.529403216399999 ], [ -17.259881729500002, 56.554242389499997 ], [ -17.203518817500001, 56.556496906 ], [ -17.203220952500001, 56.533561296599999 ], [ -17.024711703299999, 56.539716787899998 ], [ -17.024711703299999, 56.556782952 ], [ -16.813707233500001, 56.512823687500003 ], [ -16.791071853404976, 55.604329550400003 ], [ -16.968440063799999, 55.604329550400003 ], [ -17.143516047799999, 55.604329550400003 ], [ -17.138952083500001, 55.470453266100002 ] ] ] ] } },
{ "type": "Feature", "properties": { "STATE": "BRYT CITY", "County": "Orshawrn" }, "geometry": { "type": "MultiPolygon", "coordinates": [ [ [ [ 6.8169580096, 48.132246328900003 ], [ 7.8519475121, 48.581649665500002 ], [ 7.8631197927, 48.588524915100002 ], [ 7.8780544507, 48.597715473900003 ], [ 7.9699726308, 48.654280507800003 ], [ 8.015366907200001, 48.676977646 ], [ 8.014840427199999, 48.681891459399999 ], [ 8.0289851901, 48.690595928900002 ], [ 7.9613573766, 49.434501877599999 ], [ 7.9881303413, 49.425983207 ], [ 8.6826548881, 49.438844772700001 ], [ 8.669044487700001, 48.132246328900003 ], [ 7.7430012486, 47.614751577699998 ], [ 6.8169580096, 48.132246328900003 ] ] ] ] } },
{ "type": "Feature", "properties": { "STATE": "FRELANDIA", "County": "Orlaviare" }, "geometry": { "type": "MultiPolygon", "coordinates": [ [ [ [ -1.1901310302, 41.904246535 ], [ -1.0459198995, 41.851973072500002 ], [ -1.1406949238, 41.7280934116 ], [ -1.0814133719, 41.712269505099997 ], [ -1.1010093929, 41.627634105799999 ], [ -1.0277638818, 41.536189926600002 ], [ -1.2721401387, 41.5319243231 ], [ -1.2982294349, 41.577830275 ], [ -1.2736110365, 41.616191998 ], [ -1.3333338577, 41.657296207 ], [ -1.1901310302, 41.904246535 ] ] ] ] } },
{ "type": "Feature", "properties": { "STATE": "DENBURG", "County": "Cinderbrook" }, "geometry": { "type": "MultiPolygon", "coordinates": [ [ [ [ -15.628498645499025, 42.962195340318182 ], [ -15.628498645499025, 42.973824450087974 ], [ -15.623317825248328, 42.977822468952958 ], [ -15.616414774809657, 42.968043147498179 ], [ -15.599425871074546, 42.970917172645521 ], [ -15.621400311237586, 42.959989588653059 ], [ -15.628498645499025, 42.962195340318182 ] ] ], [ [ [ -16.218612575638456, 43.312565587757717 ], [ -16.20865137610733, 43.777962451384248 ], [ -16.173344108599998, 43.775299818800001 ], [ -16.173213653450379, 43.777387101193916 ], [ -16.171667842, 43.802120084400002 ], [ -16.150314742799377, 43.809883038600077 ], [ -16.150165886686089, 43.811270188 ], [ -16.1419392257, 43.811270188 ], [ -16.141472831665443, 43.811284110212007 ], [ -15.3298142975, 43.847356342399998 ], [ -14.634217792892946, 43.729458629840515 ], [ -14.605300554399999, 43.723842488300001 ], [ -14.60480272883342, 43.724473025766258 ], [ -14.601372895600001, 43.723891698099997 ], [ -14.5909403906, 43.737499313299999 ], [ -14.5912039898, 43.737565213099998 ], [ -14.5862149862, 43.743662884300001 ], [ -14.578187270663939, 43.754133817604917 ], [ -13.618468288716855, 43.583100470733655 ], [ -13.5943211875, 43.364722609 ], [ -15.672714816932599, 43.014512400755301 ], [ -15.6729825881, 43.014467281199998 ], [ -16.203801543099999, 43.206143983099999 ], [ -16.203848414078447, 43.20755781727344 ], [ -16.203688689888359, 43.207925182910643 ], [ -16.202371498853044, 43.210954722291866 ], [ -16.18896546119591, 43.241788608903278 ], [ -16.197233721598586, 43.246513120171535 ], [ -16.220470077605526, 43.251268022728041 ], [ -16.218612575638456, 43.312565587757717 ] ] ] ] } },
{ "type": "Feature", "properties": { "STATE": "WEST VILLE", "County": "Orlevigne" }, "geometry": { "type": "MultiPolygon", "coordinates": [ [ [ [ -7.445322037353497, 55.239946846882923 ], [ -7.308646493695445, 55.278769152811655 ], [ -6.4211038055, 55.255623602699998 ], [ -6.551162521267809, 54.755167224235009 ], [ -6.693917594260043, 54.43219693647962 ], [ -8.57922756764731, 54.454721869741853 ], [ -8.593957126932757, 54.622603100691606 ], [ -8.649669303893464, 55.166405173378024 ], [ -8.641711852478458, 55.16689108330629 ], [ -7.445322037353497, 55.239946846882923 ] ] ] ] } },
{ "type": "Feature", "properties": { "STATE": "HAMPTON", "County": "Morintal" }, "geometry": { "type": "MultiPolygon", "coordinates": [ [ [ [ -2.486145512471126, 45.349395883614406 ], [ -2.491089024520482, 45.354004280044919 ], [ -2.49104433091668, 45.353965602228747 ], [ -2.491044329409183, 45.353965600924155 ], [ -2.491088980320482, 45.354004928344921 ], [ -2.4672073949, 45.386224906 ], [ -2.426524562, 45.982906454599998 ], [ -2.1087048882, 46.260998669300001 ], [ -2.031962991, 46.337579256399998 ], [ -1.896113699, 46.394117643900003 ], [ -1.7777952316, 46.4432850062 ], [ -1.7741122193, 46.4502986452 ], [ -1.7419130005, 46.476376467100003 ], [ -1.7459884407, 46.494253947200001 ], [ -1.6752554233, 46.567288002600002 ], [ -1.4957688166, 46.671975429100002 ], [ -1.4871614386, 46.678931092600003 ], [ -1.4499954924, 46.706843022599998 ], [ -1.2678070012, 46.843668071300002 ], [ -1.1121774291, 46.924925363299998 ], [ -0.9080623048, 47.116619966499997 ], [ -0.6254310751, 47.306021826399999 ], [ -0.1877678337, 47.392187174100002 ], [ -0.2354949924, 46.753378391200002 ], [ -0.2422609123, 46.616958527 ], [ -0.2413128833, 46.616657953800001 ], [ -0.2415143044, 46.611924559099997 ], [ -0.9037327528, 46.209688168200003 ], [ -1.4410749499, 45.883302537399999 ], [ -1.6960312526, 45.728440190599997 ], [ -2.4053197233, 45.278461483400001 ], [ -2.416016668534951, 45.287883088780617 ], [ -2.416017083001703, 45.287883453832698 ], [ -2.47000866850767, 45.335437909926277 ], [ -2.470633002218598, 45.335987807651371 ], [ -2.4707015993, 45.3349988975 ], [ -2.486145512471126, 45.349395883614406 ] ] ] ] } },
{ "type": "Feature", "properties": { "STATE": "NEW ZALES", "County": "Shawnee Springs" }, "geometry": { "type": "MultiPolygon", "coordinates": [ [ [ [ -2.349972836393232, 58.872971467636425 ], [ -2.512452655, 58.891864469799998 ], [ -3.9211903532, 59.067956682099997 ], [ -3.923618177324055, 59.068260160078388 ], [ -3.9252783921, 59.0684676869 ], [ -3.9583934702, 59.072607071699998 ], [ -3.943280752638398, 59.020196801788593 ], [ -3.957071935058195, 59.021067200978344 ], [ -6.112063623175893, 59.157074612247925 ], [ -6.127874156789277, 59.158072458206867 ], [ -6.157180951984452, 59.159922090095975 ], [ -6.15678114000738, 59.17214661881107 ], [ -6.1327198999, 59.907835736400003 ], [ -6.1327198999, 60.0091823725 ], [ -1.8552068299, 60.0091823725 ], [ -1.8223445386, 60.0091823725 ], [ -1.840066464194622, 59.986982550356871 ], [ -1.8880691211, 59.992751226800003 ], [ -1.8771726772, 59.960061895 ], [ -1.8552068299, 59.894164353100003 ], [ -1.8627904356, 59.884052878799999 ], [ -1.879300433307336, 59.875776454295867 ], [ -1.9537937036, 59.762715188100003 ], [ -1.955606857413234, 59.759746602759662 ], [ -1.9478187416, 59.691015643500002 ], [ -1.946268469125618, 59.672412373837069 ], [ -1.937362558, 59.565541440499999 ], [ -1.9209314124, 59.417661129899997 ], [ -1.9134491509, 59.378112033500003 ], [ -1.909733583880673, 59.37693869654796 ], [ -1.805913393, 58.8097087417 ], [ -2.3102403261, 58.868351408300001 ], [ -2.349972836393232, 58.872971467636425 ] ] ] ] } },
{ "type": "Feature", "properties": { "STATE": "NOVA", "County": "San Atlantica" }, "geometry": { "type": "MultiPolygon", "coordinates": [ [ [ [ -9.3622993887, 43.395381431300002 ], [ -9.3633727782, 43.404684139899999 ], [ -9.359301222699999, 43.403326954699999 ], [ -9.370171880399999, 43.4636096929 ], [ -9.406014081380773, 43.858682947384352 ], [ -8.4313486618, 43.805994884 ], [ -8.431282574100001, 43.807470841 ], [ -8.425736112530824, 43.807566655793906 ], [ -8.404351563194577, 43.807936072612513 ], [ -8.456683056799999, 43.240193394599999 ], [ -8.46299000665651, 42.765312115923024 ], [ -9.3622993887, 43.395381431300002 ] ] ] ] } },
{ "type": "Feature", "properties": { "STATE": "BAYBAR", "County": "San Bravado" }, "geometry": { "type": "MultiPolygon", "coordinates": [ [ [ [ -2.5756415833, 43.731236846900003 ], [ -4.615926085106068, 43.47239765368716 ], [ -4.606285404, 43.4612044239 ], [ -4.57118033898414, 43.197916436484185 ], [ -4.5630802163, 43.137165516400003 ], [ -4.7675637773, 43.324608780600002 ], [ -5.0167346869, 43.587622518499998 ], [ -5.0391306341, 43.573545066 ], [ -5.214782127003088, 43.481685726532497 ], [ -5.214745286006526, 43.48171413904619 ], [ -4.554734568914096, 43.990727610062592 ], [ -4.515893654625813, 44.02068250032017 ], [ -4.29929080248328, 44.152635961952697 ], [ -4.212927277527332, 44.205248224275195 ], [ -4.009240740426567, 44.329333126170674 ], [ -3.251377368725814, 44.791020007720171 ], [ -3.240299738703927, 44.781928268965089 ], [ -3.1938328629, 44.743791529 ], [ -3.16520034235437, 44.696893434997165 ], [ -2.8810234571, 44.231431295299998 ], [ -2.9085076424, 44.214635404299997 ], [ -2.580928897774624, 43.773183873938329 ], [ -2.563466013132507, 43.752159648662293 ], [ -2.5756415833, 43.731236846900003 ] ] ] ] } },
{ "type": "Feature", "properties": { "STATE": "HARMINGTON", "County": "North Argenvale" }, "geometry": { "type": "MultiPolygon", "coordinates": [ [ [ [ -17.607803052, 58.545199595299998 ], [ -17.612368822340308, 58.544653481165732 ], [ -17.939915270527713, 58.505475482350569 ], [ -18.427733889799999, 58.495468946599999 ], [ -18.474037053372751, 58.44158890171061 ], [ -18.4900404448945, 58.439674727835275 ], [ -18.4423755091, 58.495283819599997 ], [ -19.301583094, 58.524911667399998 ], [ -19.309550876736331, 58.34165266438324 ], [ -19.472610080069206, 58.322149069365402 ], [ -19.217247007631592, 59.004186328883264 ], [ -19.216651837259921, 59.005648733735249 ], [ -19.216307945700031, 59.006493716465705 ], [ -19.215672910120457, 59.006253501234731 ], [ -19.214678488826717, 59.005877340987269 ], [ -19.15169147385118, 58.982051210865734 ], [ -19.113352341443878, 58.977431813810618 ], [ -17.863596152098058, 58.63927759349037 ], [ -17.607803052, 58.545199595299998 ] ] ] ] } },
{ "type": "Feature", "properties": { "STATE": "NEW CALIPHATE", "County": "Arlenton" }, "geometry": { "type": "MultiPolygon", "coordinates": [ [ [ [ 4.9021473572, 46.014880544900002 ], [ 4.9884318931, 46.093974702700002 ], [ 5.1825720987, 46.007690166899998 ], [ 5.2616662566, 45.950167143 ], [ 5.1753817208, 45.892644119099998 ], [ 5.3263796585, 45.7056942914 ], [ 5.1538105868, 45.777598071299998 ], [ 5.1106683189, 45.669742401500002 ], [ 4.9165281132, 45.633790511500003 ], [ 4.7583397975, 45.7560269373 ], [ 4.6792456396, 46.007690166899998 ], [ 4.9021473572, 46.014880544900002 ] ] ] ] } },
{ "type": "Feature", "properties": { "STATE": "ORVILLE", "County": "Marcliff" }, "geometry": { "type": "MultiPolygon", "coordinates": [ [ [ [ -11.540249777093537, 57.990524113818019 ], [ -11.535009351818081, 57.914672529262795 ], [ -10.808090134062253, 57.87874919582719 ], [ -10.805916548798914, 57.774078984021976 ], [ -10.8050549668, 56.609056710099999 ], [ -10.781732360723916, 56.609402655250371 ], [ -10.781117714600001, 56.579542635629906 ], [ -12.087372374736804, 56.572786889050661 ], [ -12.153635963174199, 58.003207636210824 ], [ -12.1087870322, 57.9955308953 ], [ -11.556972783129297, 57.991369308659074 ], [ -11.540249777093537, 57.990524113818019 ] ] ] ] } },
{ "type": "Feature", "properties": { "STATE": "BAYBAR", "County": "Solterra" }, "geometry": { "type": "MultiPolygon", "coordinates": [ [ [ [ -3.240299738703925, 44.781928268965089 ], [ -3.240299738703927, 44.781928268965089 ], [ -3.251377368725814, 44.791020007720171 ], [ -3.240299738703925, 44.781928268965089 ] ] ], [ [ [ -2.486145512471126, 45.349395883614406 ], [ -2.4707015993, 45.3349988975 ], [ -2.470633002218598, 45.335987807651371 ], [ -2.470633002214826, 45.335987807648046 ], [ -2.470701599250996, 45.334998897489896 ], [ -2.416017083001703, 45.287883453832698 ], [ -2.416016668534951, 45.287883088780617 ], [ -2.4053197233, 45.278461483400001 ], [ -1.6960312526, 45.728440190599997 ], [ -1.4410749499, 45.883302537399999 ], [ -1.0454337919, 45.2399512147 ], [ -1.0448413795, 45.239264016299998 ], [ -1.0393571938, 45.232902360899999 ], [ -1.0367807428, 45.228730964100002 ], [ -1.4256731667, 45.217292951600001 ], [ -1.6831302105, 45.2024396606 ], [ -1.8100979506, 45.031521549 ], [ -2.0066596129, 44.7243939516 ], [ -2.6367687819, 44.380698041300001 ], [ -2.881023457108659, 44.231431295314181 ], [ -3.16520034235437, 44.696893434997165 ], [ -3.1938328629, 44.743791529 ], [ -3.240299738703925, 44.781928268965089 ], [ -2.528378851341398, 45.387715861609621 ], [ -2.527974149286563, 45.388060230608886 ], [ -2.521488371550278, 45.382051348294638 ], [ -2.49630711245276, 45.358721652367016 ], [ -2.487222315127839, 45.350304854845746 ], [ -2.486145512471126, 45.349395883614406 ] ] ], [ [ [ -2.521488371550278, 45.382051348294638 ], [ -2.527170288088893, 45.388553509071095 ], [ -2.527170288088892, 45.388553509071095 ], [ -2.521488371550278, 45.382051348294638 ] ] ], [ [ [ -2.527170288088893, 45.388553509071095 ], [ -2.527974149286563, 45.388060230608886 ], [ -2.527170288088893, 45.388553509071095 ], [ -2.527170288088893, 45.388553509071095 ] ] ] ] } },
{ "type": "Feature", "properties": { "STATE": "ORLAVIA", "County": "Dravenholt" }, "geometry": { "type": "MultiPolygon", "coordinates": [ [ [ [ -6.325373372059761, 49.461617841910829 ], [ -6.300048619253966, 49.475056151201393 ], [ -6.103161353659031, 49.579532273465141 ], [ -5.6743683752, 49.807066682600002 ], [ -5.661519491113948, 49.801261710339205 ], [ -4.845020436681665, 49.432377196306433 ], [ -4.845063675105572, 49.43234053219016 ], [ -4.843332545961506, 49.43161462745266 ], [ -4.049588659609752, 49.07301062638993 ], [ -4.021115150939732, 49.052816325383382 ], [ -4.281770388089955, 49.011019160654456 ], [ -5.150309363712272, 48.863852658321598 ], [ -5.165850673350302, 48.861907334899811 ], [ -5.179182987302878, 48.860238513982999 ], [ -5.666763138289083, 48.799207551354755 ], [ -6.342599611817919, 49.430336800042831 ], [ -6.3388856925, 49.437618928699997 ], [ -6.328096604, 49.460172788 ], [ -6.325373372059761, 49.461617841910829 ] ] ] ] } },
{ "type": "Feature", "properties": { "STATE": "NOVA", "County": "Moriette" }, "geometry": { "type": "MultiPolygon", "coordinates": [ [ [ [ -7.64531218786159, 43.832780607881602 ], [ -7.64531218786655, 43.832780607875094 ], [ -7.654367472193099, 43.820892003202758 ], [ -8.404351563194577, 43.807936072612513 ], [ -8.403819887380774, 43.813704206284349 ], [ -8.425736112530824, 43.807566655793906 ], [ -8.431282574100001, 43.807470841 ], [ -8.4313486618, 43.805994884 ], [ -9.406014081380773, 43.858682947384352 ], [ -9.47652173, 44.044263795500001 ], [ -9.479665162537495, 44.048011767938156 ], [ -9.435095749640407, 44.055563647879779 ], [ -9.484399954600001, 44.311135675099997 ], [ -9.232668275128677, 44.371071789264093 ], [ -9.2029730406, 44.378142083199997 ], [ -9.135966632500001, 44.437703334799998 ], [ -9.0875731156, 44.524811665400001 ], [ -8.9143761173, 44.447835221699997 ], [ -8.812846842400001, 44.417973670199999 ], [ -8.400757432700001, 44.906375933600003 ], [ -8.2633942961, 45.3184653434 ], [ -8.110768588799999, 45.348990484799998 ], [ -8.1630974027, 45.597552351 ], [ -8.338059039563436, 45.930548378224572 ], [ -8.240333116926935, 45.922552386623749 ], [ -8.240333116926923, 45.922552386623749 ], [ -8.240299125882684, 45.922548241008471 ], [ -8.123264718317097, 45.912973782434072 ], [ -8.11970122766796, 45.912832031131586 ], [ -6.944164086282013, 45.866070600466522 ], [ -6.899048201886362, 45.875602682633279 ], [ -6.899033222543682, 45.875263114163523 ], [ -7.01979588612372, 45.659450332054675 ], [ -7.059782169169313, 45.449781442490213 ], [ -7.0717690863, 45.329912271399998 ], [ -7.0729137791, 45.3184653434 ], [ -7.04578032, 45.282287397899999 ], [ -7.056168676612228, 45.264973470205383 ], [ -7.197603359822963, 45.045876493945805 ], [ -7.236050502322964, 44.981797923245807 ], [ -7.176985889611592, 44.896798031472237 ], [ -7.058981032312065, 44.615224721015835 ], [ -7.0527612585, 44.6003836175 ], [ -7.052801864453024, 44.600320968315344 ], [ -7.052803112918792, 44.60032273697518 ], [ -7.644536679124919, 43.833705695134142 ], [ -7.644433020172728, 43.833689203937205 ], [ -7.64531218786159, 43.832780607881602 ] ] ] ] } },
{ "type": "Feature", "properties": { "STATE": "ORLAY", "County": "Orwellin" }, "geometry": { "type": "MultiPolygon", "coordinates": [ [ [ [ -10.287675071600001, 50.563522597400002 ], [ -10.280083143475384, 50.545463357693322 ], [ -10.112048444945973, 50.145752131510534 ], [ -10.020134241799999, 49.881484092800001 ], [ -10.018205968240544, 49.860937635878102 ], [ -10.213133616238311, 49.766533899641928 ], [ -10.213980015886047, 49.767433303408971 ], [ -11.214193505792341, 49.222404929734736 ], [ -11.232141982533451, 49.244376340919125 ], [ -11.2477144307, 49.263439165400001 ], [ -11.36179546289255, 49.768863887938153 ], [ -11.371497830900001, 49.8345259122 ], [ -11.377825897857328, 49.833729048256529 ], [ -11.377833606417216, 49.833743029883998 ], [ -11.388579019700002, 49.877211477 ], [ -10.658741387534448, 50.310636560138988 ], [ -10.306436004832964, 50.5507368018242 ], [ -10.287675071600001, 50.563522597400002 ] ] ] ] } },
{ "type": "Feature", "properties": { "STATE": "AQUALAND", "County": "Crestwood" }, "geometry": { "type": "MultiPolygon", "coordinates": [ [ [ [ -11.9639358213, 44.932448620800002 ], [ -12.3392961387, 44.968197222400001 ], [ -12.4360622485794, 44.821851206985933 ], [ -13.032502473299999, 45.195856999 ], [ -12.8952438448, 45.543578857900002 ], [ -12.7972069123, 45.791939087099998 ], [ -12.703088687799999, 46.074293760400003 ], [ -12.7083194982, 46.088940029500002 ], [ -12.617350892891384, 46.251260688717814 ], [ -12.551662124938613, 46.397306287101706 ], [ -11.962317666983862, 45.134334949719928 ], [ -11.96322483909602, 45.085885934439887 ], [ -11.9639358213, 45.048631576200002 ], [ -11.964847759675754, 44.960598663700438 ], [ -11.963935940163767, 44.932452289929678 ], [ -11.9639358213, 44.932448620800002 ] ] ] ] } },
{ "type": "Feature", "properties": { "STATE": "ORLAY", "County": "Clayton" }, "geometry": { "type": "MultiPolygon", "coordinates": [ [ [ [ -10.924357740565471, 52.571972669433393 ], [ -10.726193550232109, 52.609905559126766 ], [ -10.723602714574298, 52.619464723429722 ], [ -10.723227847140716, 52.62084783678106 ], [ -10.722796749960326, 52.622438415776479 ], [ -10.722200927513374, 52.624636766200069 ], [ -10.60973414230059, 53.03959495748223 ], [ -10.605861692071743, 53.053882775345542 ], [ -10.604598239661264, 53.058616083103274 ], [ -10.600666798348962, 53.073344553687718 ], [ -10.433919324863011, 53.097783542058174 ], [ -10.192731285372568, 53.133132753467351 ], [ -9.948386241323165, 53.168944664527018 ], [ -10.1884616007, 52.427003815399999 ], [ -10.609720567477753, 52.23954663353787 ], [ -10.635971141900001, 52.227865318500001 ], [ -10.643898297830656, 52.238563534500813 ], [ -10.924357740565471, 52.571972669433393 ] ] ] ] } },
{ "type": "Feature", "properties": { "STATE": "PORTLAND", "County": "Augustia" }, "geometry": { "type": "MultiPolygon", "coordinates": [ [ [ [ 4.5866501637, 59.468047708599997 ], [ 4.5512882442, 59.786304984200001 ], [ 4.9756312783, 59.998476501200003 ], [ 5.542094044299999, 59.9458191967 ], [ 5.5060600709, 59.521090587899998 ], [ 4.5866501637, 59.468047708599997 ] ] ] ] } },
{ "type": "Feature", "properties": { "STATE": "FLORENTIA", "County": "Hollyvale" }, "geometry": { "type": "MultiPolygon", "coordinates": [ [ [ [ -15.805770675474276, 56.830030343798249 ], [ -15.806619186864554, 56.830226803520347 ], [ -15.8230959801, 56.834041750799997 ], [ -15.845043737569025, 57.265931478882827 ], [ -15.846326228400001, 57.291168436100001 ], [ -15.80800798500619, 57.266577940349471 ], [ -15.8000546924, 57.261473964 ], [ -15.732010516783907, 57.267904481093701 ], [ -15.449462314577852, 57.294606708398696 ], [ -15.436698434134616, 57.295812959347131 ], [ -15.4041798429, 57.298886129899998 ], [ -14.582099346635962, 57.174268600228885 ], [ -14.423250515446698, 57.176885034616241 ], [ -14.470673595990752, 56.934847633818073 ], [ -14.4495869053, 56.781761079100001 ], [ -14.468006562385876, 56.782053381286865 ], [ -14.480097501303737, 56.782245252822285 ], [ -14.4808781416, 56.826968105600002 ], [ -15.243199496, 56.813661736900002 ], [ -15.242021035105321, 56.794336244208012 ], [ -15.804240834688025, 56.803258130003719 ], [ -15.8225637253, 56.803548896599999 ], [ -15.804689909536489, 56.808350291329631 ], [ -15.804534205413518, 56.808392117706568 ], [ -15.761844144399999, 56.819859833199999 ], [ -15.805770675474276, 56.830030343798249 ] ] ] ] } },
{ "type": "Feature", "properties": { "STATE": "AURELIA", "County": "Oakstein" }, "geometry": { "type": "MultiPolygon", "coordinates": [ [ [ [ -18.9479505071, 51.2135574697 ], [ -19.121443579099999, 51.254379369 ], [ -19.248907876800001, 51.284370968499999 ], [ -19.2843146262, 51.744658710300001 ], [ -19.145018962526038, 52.963495767422579 ], [ -19.144895747737817, 52.964573896819488 ], [ -19.142687628699999, 52.983894938399999 ], [ -19.139657183360185, 52.982843559398482 ], [ -19.139630781299999, 52.9828343995 ], [ -19.142687628699999, 52.966191563700001 ], [ -18.877137008399998, 52.859971315599999 ], [ -18.710446515243877, 52.790068850707499 ], [ -18.328332393099998, 52.629827444599997 ], [ -18.316722060061259, 52.644755015657374 ], [ -18.2845165407, 52.686162112 ], [ -18.28070696160826, 52.684840421271282 ], [ -18.275222269, 52.682937568699998 ], [ -18.328332393099998, 51.5676249634 ], [ -18.532806370700001, 51.450782690499999 ], [ -18.9479505071, 51.2135574697 ] ] ] ] } },
{ "type": "Feature", "properties": { "STATE": "ORLAY", "County": "North Couries" }, "geometry": { "type": "MultiPolygon", "coordinates": [ [ [ [ -7.956645526985722, 52.564073067248295 ], [ -7.957081484021114, 52.568300784543084 ], [ -7.957151268674709, 52.568977525054102 ], [ -7.960341854626876, 52.599918407561916 ], [ -7.958068782967674, 52.577875170302754 ], [ -7.960341854626891, 52.599918407561908 ], [ -7.989096997759142, 53.064786314294153 ], [ -8.054131953, 53.122514931600001 ], [ -8.039424149024979, 53.129124445904758 ], [ -7.8648133266, 53.200360673900001 ], [ -7.6548103101, 53.283320447 ], [ -7.051773219439644, 52.881969638329394 ], [ -6.9834518423, 52.835108910300001 ], [ -7.016572419660998, 52.778722936899392 ], [ -7.258097453840584, 52.441452332207653 ], [ -7.304267138190436, 52.46806948546844 ], [ -7.331219510935604, 52.471616005504444 ], [ -7.630443052498442, 52.331632886388675 ], [ -7.932116966927994, 52.340925132493744 ], [ -7.933730720518343, 52.341855472981109 ], [ -7.956645526985722, 52.564073067248295 ] ] ] ] } },
{ "type": "Feature", "properties": { "STATE": "AUSTINAS", "County": "Thaleburg" }, "geometry": { "type": "MultiPolygon", "coordinates": [ [ [ [ -4.776324825933489, 49.490627789931757 ], [ -4.3267059042, 49.867313617299999 ], [ -3.428515757106198, 49.357983296483688 ], [ -3.4517257921, 49.348011947 ], [ -3.661050325992939, 49.249947215206753 ], [ -4.049588659609752, 49.07301062638993 ], [ -4.843332545961506, 49.43161462745266 ], [ -4.845020436681665, 49.432377196306433 ], [ -4.776324825933489, 49.490627789931757 ] ] ] ] } },
{ "type": "Feature", "properties": { "STATE": "BAYBAR", "County": "North Howard" }, "geometry": { "type": "MultiPolygon", "coordinates": [ [ [ [ 1.472426904343547, 46.3362693702 ], [ 1.462644056169412, 46.40046400275795 ], [ 1.437473110303016, 46.409912431600468 ], [ 1.458132499263276, 46.466609995615237 ], [ 1.688714820069899, 46.813754053038053 ], [ 1.688714820069922, 46.813754053038046 ], [ 1.688714820069933, 46.813754053038046 ], [ 1.688714820070193, 46.813754053038011 ], [ 2.184356480773656, 46.744349423199999 ], [ 1.7412361006, 46.292626258799999 ], [ 1.686444887946138, 46.326343928137341 ], [ 1.6703160446, 46.3362693702 ], [ 1.472426904343547, 46.3362693702 ] ] ] ] } },
{ "type": "Feature", "properties": { "STATE": "NEW ZALES", "County": "Oakridge" }, "geometry": { "type": "MultiPolygon", "coordinates": [ [ [ [ 0.956641757302964, 59.110356807411712 ], [ 1.1522038467, 59.2100473546 ], [ 1.2700788056, 59.272913999300002 ], [ 1.2749228439, 59.270101332 ], [ 1.5984203578, 59.082264065799997 ], [ 1.3938543707, 58.897180553699997 ], [ 1.367738334832728, 58.907626968024196 ], [ 1.312722716314772, 58.929633215383539 ], [ 1.303611834742558, 58.933277568004506 ], [ 1.3018537945, 58.933980784100001 ], [ 1.296397738319711, 58.935884677211909 ], [ 1.2984193691, 58.930389056899998 ], [ 1.284618234333156, 58.939171597210809 ], [ 1.271353728, 58.947612646700001 ], [ 1.263259042679761, 58.95335516962848 ], [ 1.260206024632656, 58.955521038398288 ], [ 1.2594871426, 58.9551641101 ], [ 1.188142855941337, 58.926097919233314 ], [ 0.9837820591, 58.842839816800002 ], [ 0.9830510831, 58.852342505 ], [ 0.9832019408, 58.852622669399999 ], [ 0.9829605685, 58.853519195300002 ], [ 0.9735122423, 58.976347436 ], [ 0.9627550846, 58.973120288700002 ], [ 0.9627469455, 58.973222027299997 ], [ 0.9523289163, 59.103447391700001 ], [ 0.956641757302964, 59.110356807411712 ] ] ] ] } },
{ "type": "Feature", "properties": { "STATE": "PORTLAND", "County": "Los Aves" }, "geometry": { "type": "MultiPolygon", "coordinates": [ [ [ [ 3.9921858985, 55.876128941700003 ], [ 4.2744344477, 55.923170366500003 ], [ 4.3032827258, 55.933473323 ], [ 4.3220591826, 55.933473323 ], [ 4.4139957041, 55.966904785399997 ], [ 4.6062266129, 55.966904785399997 ], [ 4.8402468497, 55.975262651 ], [ 4.8402468497, 56.0174753959 ], [ 6.5480193791, 56.305950485399997 ], [ 6.6970678281, 56.0995757098 ], [ 6.7299417363, 56.084234552600002 ], [ 5.6739168373, 55.817327160600001 ], [ 5.0506179579, 55.829087516800001 ], [ 4.4273190785, 55.593880392499997 ], [ 4.0392273233, 55.640921817399999 ], [ 3.8794850104, 55.846304791100003 ], [ 3.8882397856, 55.859436953900001 ], [ 3.9216237612, 55.876128941700003 ], [ 3.9921858985, 55.876128941700003 ] ] ] ] } },
{ "type": "Feature", "properties": { "STATE": "WEST VILLE", "County": "Aurenois" }, "geometry": { "type": "MultiPolygon", "coordinates": [ [ [ [ -8.509918741759606, 53.67277845637205 ], [ -8.595627589799999, 54.4473166621 ], [ -8.613892203436489, 54.446022240713624 ], [ -8.614974392100001, 54.454097906599998 ], [ -8.57922756764731, 54.454721869741853 ], [ -6.693917594260043, 54.43219693647962 ], [ -6.682466511500001, 54.432060123500008 ], [ -7.6000413002, 54.0118540263 ], [ -7.58943246003651, 54.0034236963591 ], [ -8.509918741759606, 53.67277845637205 ] ] ] ] } },
{ "type": "Feature", "properties": { "STATE": "NEW ZALES", "County": "Stone Haven" }, "geometry": { "type": "MultiPolygon", "coordinates": [ [ [ [ 2.493524120856937, 57.68881816565888 ], [ 2.689915068617006, 57.763010301444552 ], [ 2.689577105761212, 57.772879429075218 ], [ 2.689538255096013, 57.773454327479179 ], [ 3.0812531743, 57.921742475482226 ], [ 3.082782011028354, 57.922321234053655 ], [ 3.045098486540076, 57.547702667081943 ], [ 2.821796358924147, 57.438504046939201 ], [ 1.217315694145258, 56.653885124987355 ], [ 1.216577059843564, 56.663194045275219 ], [ 1.132289237902992, 57.725463444194858 ], [ 1.131327353848666, 57.737585954572928 ], [ 1.2629054311, 57.710443526299997 ], [ 1.99087237459482, 57.612460725756456 ], [ 2.212929312112774, 57.582572334789589 ], [ 2.493524120856937, 57.68881816565888 ] ] ] ] } },
{ "type": "Feature", "properties": { "STATE": "ORLAY", "County": "Orlinton" }, "geometry": { "type": "MultiPolygon", "coordinates": [ [ [ [ -11.8773218106, 49.795163281100002 ], [ -11.8701543015456, 49.779084049222639 ], [ -11.727912818825887, 49.459986610228 ], [ -11.7214592434, 49.445508981400003 ], [ -12.553367522034169, 49.893053556943968 ], [ -13.2599274197, 50.2731640302 ], [ -13.246487690405031, 50.277353604547834 ], [ -13.223931817230541, 50.284384959538009 ], [ -12.9006978242, 50.385146873399997 ], [ -11.8773218106, 49.795163281100002 ] ] ] ] } },
{ "type": "Feature", "properties": { "STATE": "FRELANDIA", "County": "Arlornia" }, "geometry": { "type": "MultiPolygon", "coordinates": [ [ [ [ -5.8227193655, 41.235771748399998 ], [ -5.8212022694, 41.148857374 ], [ -5.6246878906, 40.959085644200002 ], [ -5.2472161036, 40.917373963499998 ], [ -4.5888440568, 40.8322649399 ], [ -4.5646413308, 40.552544643600001 ], [ -5.1544019112, 40.580890714600002 ], [ -6.2963058586, 40.696200037700002 ], [ -6.3033856402, 41.101800451700001 ], [ -5.8227193655, 41.235771748399998 ] ] ] ] } },
{ "type": "Feature", "properties": { "STATE": "AUSTINAS", "County": "New Alcroft" }, "geometry": { "type": "MultiPolygon", "coordinates": [ [ [ [ -4.9133829965, 50.252505696299998 ], [ -4.918170846482985, 50.257549195392826 ], [ -5.015837225335406, 50.360430508485884 ], [ -5.0183033662, 50.363028329899997 ], [ -4.8149977917, 50.516382409099997 ], [ -4.454223674608388, 50.769656536738552 ], [ -4.42152767334876, 50.792610099103442 ], [ -3.79175491497786, 50.16514019720713 ], [ -4.3267059042, 49.867313617299999 ], [ -4.9133829965, 50.252505696299998 ] ] ] ] } },
{ "type": "Feature", "properties": { "STATE": "ORLAY", "County": "Ravenspire" }, "geometry": { "type": "MultiPolygon", "coordinates": [ [ [ [ -12.580911233112575, 51.006282385525822 ], [ -12.584306541006288, 51.006537088912907 ], [ -13.278116697586755, 51.070991489987783 ], [ -13.331802386127409, 51.797792503708713 ], [ -13.334098946349254, 51.825713398600492 ], [ -12.505351119181698, 51.772761035720549 ], [ -12.580911233112575, 51.006282385525822 ] ] ] ] } },
{ "type": "Feature", "properties": { "STATE": "ORVILLE", "County": "Silvernor" }, "geometry": { "type": "MultiPolygon", "coordinates": [ [ [ [ -10.805997534543726, 57.883587071118228 ], [ -10.674856766276323, 57.889417685417278 ], [ -9.845714458886034, 57.631052127170555 ], [ -8.805238493308661, 57.297336413586443 ], [ -8.744506888771149, 56.642046325789835 ], [ -8.74428241163303, 56.639624231977791 ], [ -8.774760679634431, 56.639172146607386 ], [ -10.74281767412498, 56.609979878355851 ], [ -10.781732360723916, 56.609402655250371 ], [ -10.8050549668, 56.609056710099999 ], [ -10.805916548798914, 57.774078984021976 ], [ -10.805997534543726, 57.883587071118228 ] ] ] ] } },
{ "type": "Feature", "properties": { "STATE": "AUSTINAS", "County": "Orvalen" }, "geometry": { "type": "MultiPolygon", "coordinates": [ [ [ [ -6.030615369762045, 50.1467782746574 ], [ -6.0294686591, 50.152625940100002 ], [ -6.045064365955124, 50.16199878060371 ], [ -6.1089502622, 50.200393469700003 ], [ -6.1298070644, 50.2688462534 ], [ -6.122607883009416, 50.295816751773984 ], [ -6.1113519353, 50.337985229399997 ], [ -6.109989844442942, 50.33959784963988 ], [ -5.9765049448, 50.497634628 ], [ -5.958802819748144, 50.495518984946436 ], [ -5.566548988083066, 50.464677698844078 ], [ -5.2868306651, 50.411363165099999 ], [ -5.140440211, 50.472904283299997 ], [ -5.0204458399, 50.357027066199997 ], [ -5.015837225335406, 50.360430508485884 ], [ -4.918170846482985, 50.257549195392826 ], [ -5.1920315406, 50.049271732699999 ], [ -5.320653058, 50.0961815219 ], [ -5.34770742775088, 50.06913195481652 ], [ -5.3622271068, 50.076077732900004 ], [ -5.507304551184354, 49.909563162920932 ], [ -5.6542636766, 49.804904543600003 ], [ -6.0565509345, 50.014519536100003 ], [ -6.030615369762045, 50.1467782746574 ] ] ] ] } },
{ "type": "Feature", "properties": { "STATE": "NOVA", "County": "Margartia" }, "geometry": { "type": "MultiPolygon", "coordinates": [ [ [ [ -7.65474547343371, 43.820581793599757 ], [ -7.656901699226531, 43.817571762918377 ], [ -7.987209860762968, 43.230086636097951 ], [ -7.9886680229, 43.227493153200001 ], [ -7.947647190494606, 43.208560461317411 ], [ -7.7902546034, 43.135917728800003 ], [ -7.719947305330375, 43.08466822926362 ], [ -7.67993993858579, 43.055505431378855 ], [ -7.674394954621891, 43.059883050296577 ], [ -7.47872523662619, 43.214359143410633 ], [ -7.422228565373751, 43.257841483569734 ], [ -7.738464941475028, 42.790331896129985 ], [ -8.472250627631539, 42.770765409953015 ], [ -8.456683056799999, 43.240193394599999 ], [ -8.404483012705853, 43.806509981125089 ], [ -7.654367472193099, 43.820892003202758 ], [ -7.65474547343371, 43.820581793599757 ] ] ], [ [ [ -8.404483012705853, 43.806509981125089 ], [ -8.4313486618, 43.805994884 ], [ -8.425736112530824, 43.807566655793906 ], [ -8.403819887380774, 43.813704206284349 ], [ -8.404351563194577, 43.807936072612513 ], [ -8.404483012705853, 43.806509981125089 ] ] ], [ [ [ -7.654367472193099, 43.820892003202758 ], [ -7.647158840112396, 43.83005987546376 ], [ -7.64531218786159, 43.832780607881602 ], [ -7.646768579420429, 43.830454598988752 ], [ -7.654367472193099, 43.820892003202758 ] ] ] ] } },
{ "type": "Feature", "properties": { "STATE": "DENBURG", "County": "Ebony St" }, "geometry": { "type": "MultiPolygon", "coordinates": [ [ [ [ -21.2003183574, 45.803565906899998 ], [ -21.199212300666598, 45.811861332903476 ], [ -21.199108885899999, 45.812636943699999 ], [ -21.6683838543, 46.420561334600002 ], [ -20.676222080399999, 46.528182786099997 ], [ -20.9118661489, 46.384178077599998 ], [ -21.026415348899999, 46.313686262200001 ], [ -21.054032439, 46.297554459 ], [ -21.0922569399, 46.2659203893 ], [ -21.1168612164, 46.2446113285 ], [ -21.133947437900002, 46.229997417500002 ], [ -21.1593796979, 46.208482996 ], [ -21.159843667885486, 46.200558212019146 ], [ -21.166977373400002, 46.078711806100003 ], [ -21.177316034276405, 45.987426738976225 ], [ -21.184196022810607, 45.926679972768902 ], [ -21.1972804657, 45.811151060299999 ], [ -21.198093957442552, 45.809119895180821 ], [ -21.2003183574, 45.803565906899998 ] ] ] ] } },
{ "type": "Feature", "properties": { "STATE": "NEW CALIPHATE", "County": "Ardellin" }, "geometry": { "type": "MultiPolygon", "coordinates": [ [ [ [ 5.829194576, 46.383668775399997 ], [ 5.9318883396, 46.504222323900002 ], [ 5.9540749675, 46.530267495799997 ], [ 5.9573149507, 46.528205688299998 ], [ 5.9864827601, 46.568311426299999 ], [ 6.0344013042, 46.624563630300003 ], [ 6.3042035417, 46.2198602741 ], [ 6.1018518636, 45.921150654 ], [ 5.1786195237, 46.354504609499998 ], [ 5.1575440324, 46.364397187 ], [ 5.4466178583, 46.364397187 ], [ 5.677876919, 46.287310833399999 ], [ 5.6867714983, 46.311029711499998 ], [ 5.7067843016, 46.364397187 ], [ 5.8127780377, 46.364397187 ], [ 5.829194576, 46.383668775399997 ] ] ] ] } },
{ "type": "Feature", "properties": { "STATE": "WEST NOKRAS", "County": "Glowham" }, "geometry": { "type": "MultiPolygon", "coordinates": [ [ [ [ 6.0429180486, 49.480510645499997 ], [ 6.0429180486, 49.296963561399998 ], [ 6.0252200733, 48.841240698199996 ], [ 4.9492735246, 48.691425356 ], [ 4.9077427199, 49.314387426700002 ], [ 4.7693067042, 49.466667043900003 ], [ 4.741619501, 49.591259458099998 ], [ 5.1846147513, 49.895818692600002 ], [ 5.2123019544, 49.895818692600002 ], [ 6.0429180486, 49.480510645499997 ] ] ] ] } },
{ "type": "Feature", "properties": { "STATE": "AQUALAND", "County": "Hohenvale" }, "geometry": { "type": "MultiPolygon", "coordinates": [ [ [ [ -17.0423075667, 47.668434208100003 ], [ -17.046152124, 47.67076761 ], [ -17.051675178899998, 47.674119753100001 ], [ -17.048404920175102, 47.673975781758614 ], [ -17.042198865233633, 47.673546791785704 ], [ -17.042164207114833, 47.673545252384883 ], [ -17.023259758132511, 47.672211424234163 ], [ -16.408201959338598, 47.645023829551107 ], [ -16.407346938482373, 47.645348735751497 ], [ -16.406971941168266, 47.645332079591483 ], [ -16.212319098855289, 47.719458921347297 ], [ -15.836784796813504, 47.862161198494618 ], [ -15.836548016852952, 47.861670099317202 ], [ -15.830969768943044, 47.822516702933328 ], [ -15.815001595255159, 47.710437024147815 ], [ -15.836402032, 47.655396401600001 ], [ -15.8391829313, 47.643345838199998 ], [ -15.856795293199999, 47.599314933499997 ], [ -15.871676505849768, 47.554747513846735 ], [ -15.876777709700001, 47.544363287899998 ], [ -15.8780049795, 47.532090590400003 ], [ -15.874293201644718, 47.520730468512376 ], [ -15.874978165962442, 47.514471487715738 ], [ -15.884386171139532, 47.428504201224584 ], [ -15.856739709916699, 47.238788355994458 ], [ -15.862533607777113, 47.230499560365871 ], [ -15.9072465248, 47.166532911300003 ], [ -15.913040327099999, 47.157117982599999 ], [ -15.90977306671463, 47.142174929074294 ], [ -15.911319671010473, 47.142474437100503 ], [ -17.0423075667, 47.668434208100003 ] ] ] ] } },
{ "type": "Feature", "properties": { "STATE": "NORTH ORLE", "County": "North Hansen" }, "geometry": { "type": "MultiPolygon", "coordinates": [ [ [ [ -18.755564040700001, 56.516747591799998 ], [ -19.327100909199999, 56.475923529799999 ], [ -19.330076566799999, 56.475710982800003 ], [ -19.3359389395, 57.038498763500002 ], [ -19.334091245300002, 57.038537257100003 ], [ -19.259549172, 57.040090217 ], [ -18.773151158800001, 57.050223508899997 ], [ -18.760207525199998, 56.657599957099997 ], [ -18.7558505256, 56.525437633700001 ], [ -18.755580348, 56.517242248199999 ], [ -18.755564040700001, 56.516747591799998 ] ] ] ] } },
{ "type": "Feature", "properties": { "STATE": "BAYBAR", "County": "Yellowfield" }, "geometry": { "type": "MultiPolygon", "coordinates": [ [ [ [ 0.6337168397, 46.352586452699995 ], [ 0.6333975953, 46.352408151299997 ], [ 0.554816174856797, 46.456787036961209 ], [ 0.325950827477449, 46.598865599222705 ], [ 0.348270211411069, 46.597268018806098 ], [ 0.7594696512, 46.899175501400002 ], [ 0.8096933797, 46.936843297800003 ], [ 1.361178485829366, 46.859618918401061 ], [ 1.688714820069898, 46.813754053038053 ], [ 1.458132499263276, 46.466609995615237 ], [ 1.437473110303016, 46.409912431600468 ], [ 1.462644056169412, 46.40046400275795 ], [ 1.472426904343547, 46.3362693702 ], [ 1.4595977647, 46.3362693702 ], [ 0.9695249393, 46.097209455399998 ], [ 0.9689609312, 46.0969343294 ], [ 0.9551824234, 46.090213106199997 ], [ 0.8258327714, 46.195609118900002 ], [ 0.803642710005168, 46.213689909661831 ], [ 0.807874169237315, 46.217070850613901 ], [ 0.7992157269, 46.234191532899999 ], [ 0.6337168397, 46.352586452699995 ] ] ] ] } },
{ "type": "Feature", "properties": { "STATE": "FRELANDIA", "County": "Arlentar" }, "geometry": { "type": "MultiPolygon", "coordinates": [ [ [ [ -2.6270446483, 41.339852933300001 ], [ -2.0308785512, 40.9445350592 ], [ -2.8356738625, 40.563403693 ], [ -3.1795740255, 40.89550422 ], [ -2.6270446483, 41.339852933300001 ] ] ] ] } },
{ "type": "Feature", "properties": { "STATE": "ORLAY", "County": "Orford" }, "geometry": { "type": "MultiPolygon", "coordinates": [ [ [ [ -7.210131941761181, 51.5637573693067 ], [ -7.21013194176118, 51.5637573693067 ], [ -7.180093528044335, 51.569304230862329 ], [ -7.1616632956, 51.572707538 ], [ -7.060289353419848, 51.789125849649601 ], [ -7.058686650562407, 51.787973245868663 ], [ -6.5790152386, 51.443011557799998 ], [ -6.6412773317, 51.410142841899997 ], [ -6.8997709453, 51.012391730099999 ], [ -6.899466702798285, 51.012280024156368 ], [ -6.90675702788843, 51.001045830934956 ], [ -6.971242006, 50.891723916799997 ], [ -7.007600973410677, 50.861581179934461 ], [ -7.0393531564, 50.817668706100001 ], [ -7.4331791276, 50.626256859 ], [ -7.690214251635169, 51.013506114813332 ], [ -7.602605790591861, 51.32931866612558 ], [ -7.2274146224, 51.4576194805 ], [ -7.151018179, 51.536730313600003 ], [ -7.210131941761181, 51.5637573693067 ] ] ] ] } },
{ "type": "Feature", "properties": { "STATE": "HILLTON", "County": "Valenridge" }, "geometry": { "type": "MultiPolygon", "coordinates": [ [ [ [ -14.049268233199999, 52.101195868 ], [ -14.048889225427226, 52.098698096356706 ], [ -13.9885048122, 51.700747220700002 ], [ -13.988674105558424, 51.700435923792128 ], [ -14.0475529518, 51.5921694038 ], [ -14.045150595152998, 51.581670614082029 ], [ -14.032029144499999, 51.524327192 ], [ -14.040021365999811, 51.515129047581901 ], [ -14.391599703535501, 51.084915797771963 ], [ -14.393470332954804, 51.087866611704655 ], [ -14.415260502602827, 51.122239393149044 ], [ -14.4599334545, 50.982707360200003 ], [ -14.473504955321385, 50.968233307665791 ], [ -14.485169320302447, 50.964207590441369 ], [ -14.455428105212414, 51.204952334717397 ], [ -14.450610929553424, 51.252761830622823 ], [ -14.450352436599999, 51.255327321 ], [ -14.476875910663122, 51.362199251951964 ], [ -14.515906366599999, 51.519465987899999 ], [ -14.515444651672986, 51.522902339549951 ], [ -14.5000955746, 51.670928001 ], [ -14.496074357099999, 51.820944114500001 ], [ -14.6414286325, 51.933123882399997 ], [ -14.609424544099999, 51.9480221329 ], [ -14.635074231600001, 51.979838554300002 ], [ -14.631739027250308, 51.987710127637413 ], [ -14.622924851890145, 52.008512879277724 ], [ -14.6213019833, 52.012343088100003 ], [ -14.337161778600001, 52.164283848300002 ], [ -14.2010381699, 52.1344541988 ], [ -14.3156029614, 52.165004809899997 ], [ -14.100361579299999, 52.134256041 ], [ -14.0961414803, 52.111467506700002 ], [ -14.069722551908836, 52.105678155544183 ], [ -14.057486701049575, 52.102996834172416 ], [ -14.049268233199999, 52.101195868 ] ] ], [ [ [ -14.395619644, 52.137378962900002 ], [ -14.354737758100001, 52.170595495100002 ], [ -14.340247975800001, 52.1685255262 ], [ -14.395619644, 52.137378962900002 ] ] ] ] } },
{ "type": "Feature", "properties": { "STATE": "FRELANDIA", "County": "Arlornis" }, "geometry": { "type": "MultiPolygon", "coordinates": [ [ [ [ -3.5038227506, 41.208627574 ], [ -3.5071863637, 41.221149061 ], [ -3.699195486, 41.230377728299999 ], [ -3.7059227122, 41.255420702199999 ], [ -3.62786922, 41.288233628599997 ], [ -3.5183199293, 41.318451266399997 ], [ -3.3734721843, 41.3083993941 ], [ -3.2980847741, 41.133592499800002 ], [ -3.4910427752, 41.017002614 ], [ -3.5267253917, 41.079280766799997 ], [ -3.6080327364, 41.0527011438 ], [ -3.5123379736, 40.975745258099998 ], [ -3.6314841808, 40.954795254700002 ], [ -3.6571857186, 40.9857971303 ], [ -3.726081337, 40.968869304 ], [ -3.7947025538, 40.936221018700003 ], [ -3.8671264263, 40.9412469548 ], [ -3.871423005, 41.0072180027 ], [ -3.7829493914, 40.983601917199998 ], [ -3.7331927256, 41.015920920699998 ], [ -3.8025822669, 41.027289920800001 ], [ -3.8100778177, 41.096350180100004 ], [ -3.6354355643, 41.181169865699999 ], [ -3.5038227506, 41.208627574 ] ] ] ] } },
{ "type": "Feature", "properties": { "STATE": "FRELANDIA", "County": "Orlentar" }, "geometry": { "type": "MultiPolygon", "coordinates": [ [ [ [ -6.303217074, 41.092143299 ], [ -6.3057944451, 40.686374318799999 ], [ -8.880159752499999, 40.960221741799998 ], [ -7.6152413132, 40.9919610703 ], [ -6.303217074, 41.092143299 ] ] ] ] } },
{ "type": "Feature", "properties": { "STATE": "ORLAY", "County": "Greyfort" }, "geometry": { "type": "MultiPolygon", "coordinates": [ [ [ [ -11.741489015624316, 52.349118685311957 ], [ -10.924357740565471, 52.571972669433393 ], [ -10.643898297830656, 52.238563534500813 ], [ -10.966296373, 51.858520616699998 ], [ -10.952735932950695, 51.858757315051648 ], [ -10.9531764837, 51.858242075200003 ], [ -11.836610698881694, 51.739872162591041 ], [ -11.741489015624316, 52.349118685311957 ] ] ] ] } },
{ "type": "Feature", "properties": { "STATE": "WESTVALE", "County": "Yaldrak" }, "geometry": { "type": "MultiPolygon", "coordinates": [ [ [ [ 0.0800170689, 49.795012468400003 ], [ 0.088241945913169, 49.867977803718404 ], [ 3.1020962528, 50.004759017 ], [ 3.099103318019409, 48.614016967794939 ], [ 3.099099406600205, 48.612199428971714 ], [ 3.0989632344, 48.548923608199999 ], [ 2.999205771295437, 48.527154847560844 ], [ 1.793260707935244, 48.263997299130189 ], [ 1.534960901, 48.207631925599998 ], [ 1.448865389637901, 48.218186845600499 ], [ 0.532871069877196, 48.330483603155358 ], [ -0.0955773492, 48.407528534800001 ], [ -0.095895427948373, 48.425751254323508 ], [ -0.097320692813403, 48.507404624801701 ], [ -0.0973206928, 48.507404624800003 ], [ -0.097320692813719, 48.50740462481982 ], [ -0.0975697419, 48.521672637599998 ], [ -0.04727955811828, 49.027797219181913 ], [ 0.0800170689, 49.795012468400003 ] ] ] ] } },
{ "type": "Feature", "properties": { "STATE": "ARDENLAND", "County": "Greylin" }, "geometry": { "type": "MultiPolygon", "coordinates": [ [ [ [ -10.924357740565471, 52.571972669433393 ], [ -11.741489015624316, 52.349118685311957 ], [ -11.764217755400001, 52.342919938100003 ], [ -11.7636832553, 52.349227039699997 ], [ -11.757495760799999, 52.347383084400001 ], [ -11.763428896100001, 52.352228478199997 ], [ -11.763162048880087, 52.355377275396854 ], [ -11.729186970400001, 52.756283201700001 ], [ -11.709660679947229, 52.958646575274344 ], [ -11.525626441522054, 52.974525119957868 ], [ -11.156577619729799, 53.009590162581816 ], [ -11.0905046306, 52.732410338400001 ], [ -10.9590845033, 52.694861730600003 ], [ -10.722200927513374, 52.624636766200069 ], [ -10.722796749960326, 52.622438415776479 ], [ -10.723227847140716, 52.62084783678106 ], [ -10.723602714574298, 52.619464723429722 ], [ -10.726193550232109, 52.609905559126766 ], [ -10.924357740565471, 52.571972669433393 ] ] ] ] } },
{ "type": "Feature", "properties": { "STATE": "TURNIPS", "County": "New Arshelle" }, "geometry": { "type": "MultiPolygon", "coordinates": [ [ [ [ 6.3378367445, 43.595665475399997 ], [ 7.0194458645, 44.076767623400002 ], [ 8.148325124899999, 42.652058072199999 ], [ 7.1471050144, 42.560980986 ], [ 6.8526777998, 43.089446990200003 ], [ 6.3378367445, 43.595665475399997 ] ] ] ] } },
{ "type": "Feature", "properties": { "STATE": "GUAVA", "County": "Luzverde" }, "geometry": { "type": "MultiPolygon", "coordinates": [ [ [ [ 4.4815751533, 55.151999338400003 ], [ 5.1781249152, 54.4793490522 ], [ 5.2138684487, 54.0835048167 ], [ 5.1418052883, 54.082246949500004 ], [ 5.0761937236, 54.124352765399998 ], [ 4.9387705719, 54.150788082 ], [ 4.7750378904, 54.032593930899999 ], [ 4.7898278826, 54.0112265562 ], [ 4.4860305284, 54.070800358500001 ], [ 4.1860432489, 54.325070480800001 ], [ 4.0032803002, 54.884144251 ], [ 3.9997582722, 55.085921100199997 ], [ 4.4815751533, 55.151999338400003 ] ] ] ] } },
{ "type": "Feature", "properties": { "STATE": "NOVA", "County": "Artterns" }, "geometry": { "type": "MultiPolygon", "coordinates": [ [ [ [ -4.7825928378, 48.114777385700002 ], [ -4.966173532818845, 48.088655618698077 ], [ -5.0086108226, 48.077107721499999 ], [ -5.008810528751783, 48.077393016002219 ], [ -5.0699775105, 48.1647744184 ], [ -5.2541728649, 48.481999751099998 ], [ -5.1789603269, 48.5989970324 ], [ -5.1498298669, 48.615180621299999 ], [ -5.137529816132536, 48.757979466358684 ], [ -5.180279107, 48.858774541599999 ], [ -5.165671459824932, 48.861249682500301 ], [ -5.150309363712272, 48.863852658321598 ], [ -4.281770388089955, 49.011019160654456 ], [ -4.021115150939732, 49.052816325383382 ], [ -4.335591892731467, 48.517877637373964 ], [ -4.336547246011467, 48.531252583284669 ], [ -4.661784683416384, 47.960967077985174 ], [ -4.667008768343542, 47.967932524554719 ], [ -4.7825928378, 48.114777385700002 ] ] ] ] } },
{ "type": "Feature", "properties": { "STATE": "ORLAY", "County": "Ortania" }, "geometry": { "type": "MultiPolygon", "coordinates": [ [ [ [ -11.836610698881694, 51.739872162591041 ], [ -10.9531764837, 51.858242075200003 ], [ -10.952735932950695, 51.858757315051648 ], [ -10.835395697199999, 51.860805496399998 ], [ -10.8624704397202, 51.512146526978078 ], [ -10.8742718565, 51.360172050800003 ], [ -10.872713391349695, 51.361113713093509 ], [ -10.893246850900001, 51.196964428699999 ], [ -10.89137595956303, 51.194261517466309 ], [ -10.90058748657796, 51.139913090540951 ], [ -10.901822513300001, 51.132626376899999 ], [ -11.241189309207719, 51.091521574741186 ], [ -11.797249767734149, 51.012518449459449 ], [ -11.836610698881694, 51.739872162591041 ] ] ] ] } },
{ "type": "Feature", "properties": { "STATE": "GUAVA", "County": "San Juan" }, "geometry": { "type": "MultiPolygon", "coordinates": [ [ [ [ 5.9610913905, 55.293054533599999 ], [ 5.9872316624, 55.1408660369 ], [ 6.8789349163, 55.179914586899997 ], [ 6.7868723202, 55.0726304752 ], [ 6.7429924018, 54.8957359598 ], [ 5.1768177304, 54.480915384299998 ], [ 4.6511110346, 55.000124905600003 ], [ 5.9610913905, 55.293054533599999 ] ] ] ] } },
{ "type": "Feature", "properties": { "STATE": "MARCENNE", "County": "Montclaire" }, "geometry": { "type": "MultiPolygon", "coordinates": [ [ [ [ -4.9499157498, 54.387714316199997 ], [ -4.923715415141022, 54.385792845157717 ], [ -4.897612512956672, 54.406729942505933 ], [ -4.839815861423615, 54.394450560474553 ], [ -4.720171019959474, 54.369031013191936 ], [ -4.667052830434806, 54.362284523937078 ], [ -4.561932256530557, 54.356041594767227 ], [ -4.3311748418, 54.342337310799998 ], [ -4.379161556529241, 54.200959784303329 ], [ -4.3848842055, 54.20095689 ], [ -4.483005795454826, 53.847975441971506 ], [ -4.566653549744982, 53.563642407793239 ], [ -4.6510946387, 53.582336355499997 ], [ -4.649590393795917, 53.571799960613937 ], [ -4.984885035200965, 53.656720902143292 ], [ -5.6354279406, 53.799662739799999 ], [ -5.643940790545544, 53.79264106302211 ], [ -5.64985814495313, 53.787760235767301 ], [ -5.660504717520585, 53.794815288712051 ], [ -4.9499157498, 54.387714316199997 ] ] ] ] } },
{ "type": "Feature", "properties": { "STATE": "UGHAMPTON", "County": "Skirnvuk" }, "geometry": { "type": "MultiPolygon", "coordinates": [ [ [ [ 0.714385390581641, 56.348321768359675 ], [ 1.439975736737055, 56.273920376955985 ], [ 1.7986098153, 56.2371463562 ], [ 1.945055952199114, 55.848641267961376 ], [ 2.165304703558495, 55.227476160521348 ], [ 2.126452418279632, 55.22864712688191 ], [ 2.0928808724, 55.229658937400004 ], [ 2.083742265082098, 55.225927875154831 ], [ 2.079393291053707, 55.224152299048086 ], [ 2.019580949269444, 55.199732432599788 ], [ 0.794852107471211, 55.146544258817819 ], [ 0.760737858095263, 55.145105845293337 ], [ 0.686367696618086, 56.351194677882049 ], [ 0.714385390581641, 56.348321768359675 ] ] ] ] } },
{ "type": "Feature", "properties": { "STATE": "ORLAY", "County": "Drayden" }, "geometry": { "type": "MultiPolygon", "coordinates": [ [ [ [ -10.280083143475384, 50.545463357693322 ], [ -9.44209602574553, 50.977318737434345 ], [ -9.4400317335, 50.978383350100003 ], [ -9.439267330775206, 50.976327692890116 ], [ -9.439247132098867, 50.976273373938469 ], [ -9.417726339460664, 50.918398943204082 ], [ -9.1755499218, 50.279371342600001 ], [ -10.020134241799999, 49.881484092800001 ], [ -10.112048444945973, 50.145752131510534 ], [ -10.280083143475384, 50.545463357693322 ] ] ] ] } },
{ "type": "Feature", "properties": { "STATE": "ORVILLE", "County": "Ravenford" }, "geometry": { "type": "MultiPolygon", "coordinates": [ [ [ [ -12.089223382796604, 56.559894663546558 ], [ -12.089324672654268, 56.562035818593287 ], [ -12.121060120133142, 56.564518358073734 ], [ -12.883942901320985, 56.536777166030539 ], [ -13.3202125371, 56.5240865727 ], [ -13.325896312888991, 56.575450015327093 ], [ -13.384411833762174, 57.104246137965468 ], [ -13.3883602325, 57.139927234399998 ], [ -13.417300965300001, 57.1537716112 ], [ -13.434004565351231, 57.16990209020566 ], [ -13.446492094, 57.1819611564 ], [ -13.449643443198889, 58.065852801030992 ], [ -13.448401058599998, 58.232143794300001 ], [ -13.19159663102835, 58.17427843461769 ], [ -13.190575022689231, 58.171668438102486 ], [ -12.153635963174199, 58.003207636210824 ], [ -12.087372374736804, 56.572786889050661 ], [ -12.0867784429, 56.559965784100001 ], [ -12.089223382796604, 56.559894663546558 ] ] ] ] } },
{ "type": "Feature", "properties": { "STATE": "HILLTON", "County": "Orlinhaven" }, "geometry": { "type": "MultiPolygon", "coordinates": [ [ [ [ -14.1185313063, 50.862375146799998 ], [ -14.108531415913783, 50.862375146799998 ], [ -14.092878352632113, 50.862375146799998 ], [ -13.929663118302253, 50.862375146799998 ], [ -13.928120697300001, 50.862375146799998 ], [ -13.928125298912009, 50.862401989536721 ], [ -13.866996785281806, 50.887125328971727 ], [ -13.858348702888065, 50.874631284885815 ], [ -13.858056382181806, 50.874208963771729 ], [ -13.85813066248777, 50.874106254351787 ], [ -13.869076354491231, 50.858971345280608 ], [ -13.974324766100001, 50.7134414748 ], [ -14.0733976266, 50.397974057500001 ], [ -14.079352913835629, 50.399188792887095 ], [ -14.112755017, 50.406002018700001 ], [ -14.112860009704384, 50.405296321920865 ], [ -14.144828194144045, 50.352603206231443 ], [ -14.518900606800001, 50.596563475400004 ], [ -14.53004470815682, 50.617975907727029 ], [ -14.520598044898209, 50.677424443989125 ], [ -14.515419897588897, 50.710010900144162 ], [ -14.489632897215024, 50.953303050041967 ], [ -14.487384730096204, 50.963419802076658 ], [ -14.485169320302447, 50.964207590441369 ], [ -14.475525703304168, 50.970141380717152 ], [ -14.473941193188919, 50.969606655538435 ], [ -14.474033455900321, 50.969145341981175 ], [ -14.47318653910513, 50.968877894572358 ], [ -14.472772586900321, 50.96847814558118 ], [ -14.434707377393829, 50.962220221809957 ], [ -14.1185313063, 50.862375146799998 ] ] ] ] } },
{ "type": "Feature", "properties": { "STATE": "ORLAVIA", "County": "North Halcrest" }, "geometry": { "type": "MultiPolygon", "coordinates": [ [ [ [ -9.4732613355, 48.980328567199997 ], [ -9.509900252656351, 48.968425623446088 ], [ -10.684957122136831, 48.586683014476904 ], [ -10.937413777575689, 48.883588365863183 ], [ -11.2219249911, 49.218191950300003 ], [ -11.214193505792341, 49.222404929734736 ], [ -10.213980015886047, 49.767433303408971 ], [ -10.213133616238311, 49.766533899641928 ], [ -10.211600408733828, 49.764904678021999 ], [ -9.865733313397319, 49.397378333612373 ], [ -9.480216942661624, 48.987719755629684 ], [ -9.4732613355, 48.980328567199997 ] ] ] ] } },
{ "type": "Feature", "properties": { "STATE": "WEST VILLE", "County": "Fayrevaux" }, "geometry": { "type": "MultiPolygon", "coordinates": [ [ [ [ -4.589773144174511, 57.290348293901147 ], [ -4.500730618174384, 57.279463183375668 ], [ -2.634804200384104, 56.993698073846723 ], [ -4.123773409470497, 56.300350804350067 ], [ -4.6275329927, 56.050070962600003 ], [ -4.6291835648, 57.295166068100002 ], [ -4.589773144174511, 57.290348293901147 ] ] ] ] } },
{ "type": "Feature", "properties": { "STATE": "ARDENLAND", "County": "Alderny" }, "geometry": { "type": "MultiPolygon", "coordinates": [ [ [ [ -11.0905046306, 52.732410338400001 ], [ -11.156577619729799, 53.009590162581816 ], [ -10.881285740572162, 53.03173115394987 ], [ -10.605861692071743, 53.053882775345542 ], [ -10.60973414230059, 53.03959495748223 ], [ -10.722200927513374, 52.624636766200069 ], [ -10.9590845033, 52.694861730600003 ], [ -11.0905046306, 52.732410338400001 ] ] ] ] } },
{ "type": "Feature", "properties": { "STATE": "NOVA", "County": "Cylexia" }, "geometry": { "type": "MultiPolygon", "coordinates": [ [ [ [ -5.9035480858666, 45.794253612648056 ], [ -5.9663774011, 45.8221301775 ], [ -6.2525506023, 45.8221301775 ], [ -6.3860980962, 45.8221301775 ], [ -6.6760869401, 45.837392748200003 ], [ -6.898345273169523, 45.875518934692906 ], [ -6.899033222543682, 45.875263114163523 ], [ -6.899048201886362, 45.875602682633279 ], [ -6.899086298109863, 45.876497536564322 ], [ -6.918099701781379, 46.323109233329973 ], [ -6.91951376662058, 46.356324638003571 ], [ -6.926769638326741, 46.520808841662337 ], [ -6.9275457977, 46.538403689200003 ], [ -6.8897629303, 47.073660977400003 ], [ -6.844780873136121, 47.124003477389927 ], [ -6.838101297671784, 47.126200711338093 ], [ -6.434510305060287, 47.80499736281827 ], [ -6.451928958673348, 47.815145665336019 ], [ -5.9587461157, 47.806264372500003 ], [ -5.9574604996, 47.801220801600003 ], [ -6.0045338279, 47.806264372500003 ], [ -5.9973750236, 47.781208557500001 ], [ -5.7908578377, 47.0583984067 ], [ -5.7640070188, 47.042287915400003 ], [ -5.7603326962, 47.0278732652 ], [ -5.714544984, 46.982085553099999 ], [ -5.714544984, 46.875247557900003 ], [ -5.6992824133, 46.875247557900003 ], [ -5.6229695596, 46.844722416499998 ], [ -5.5651324495, 46.796524824700001 ], [ -5.418706431088508, 46.629711205977983 ], [ -5.598906814057984, 46.322868369570109 ], [ -5.9035480858666, 45.794253612648056 ] ] ] ] } },
{ "type": "Feature", "properties": { "STATE": "HILLTON", "County": "Ravensmead" }, "geometry": { "type": "MultiPolygon", "coordinates": [ [ [ [ -14.144828194144045, 50.352603206231443 ], [ -14.122309821, 50.3379173107 ], [ -14.1185313063, 50.305170183599998 ], [ -14.1185313063, 50.102236606485441 ], [ -14.1185313063, 49.972058520799997 ], [ -14.107752809885655, 49.943572494556527 ], [ -14.053851113056298, 49.801118010051127 ], [ -13.8693705121, 49.313562136 ], [ -13.8641551275, 49.299778619500003 ], [ -13.8948417776, 49.295942788300003 ], [ -14.229032911699999, 49.254168896499998 ], [ -14.609113937, 49.263439165400001 ], [ -14.607797290100001, 49.257382589700001 ], [ -14.6142209304, 49.2758505555 ], [ -14.6845965659, 49.655878987100003 ], [ -14.715726226499999, 49.567678281900001 ], [ -14.7354038782, 49.624251530499997 ], [ -14.716843957, 49.691067246700001 ], [ -14.7699540811, 49.974321241600002 ], [ -14.8384963782, 50.282761578600002 ], [ -14.8407675798, 50.292981986 ], [ -14.855803419700001, 50.304008268600001 ], [ -14.8952380742, 50.527471310800003 ], [ -14.9294019996, 50.721066888199999 ], [ -14.9543387511, 50.862375146799998 ], [ -14.687849420899999, 50.4505280001 ], [ -14.55663568591088, 50.24774313687233 ], [ -14.5546047558, 50.2446044267 ], [ -14.5519205916, 50.298287711199997 ], [ -14.520265207852741, 50.599185438962579 ], [ -14.518900606800001, 50.596563475400004 ], [ -14.144828194144045, 50.352603206231443 ] ] ], [ [ [ -14.511394268646331, 50.683507444711765 ], [ -14.520265207852741, 50.599185438962579 ], [ -14.53004470815682, 50.617975907727029 ], [ -14.511394268646331, 50.683507444711765 ] ] ] ] } },
{ "type": "Feature", "properties": { "STATE": "PINELAND", "County": "Trankurste" }, "geometry": { "type": "MultiPolygon", "coordinates": [ [ [ [ 2.5412845483, 45.873055613299996 ], [ 2.5177638359, 45.884815969500004 ], [ 2.4001602737, 45.920097038199998 ], [ 2.2237549305, 46.002419531699999 ], [ 2.2066489578, 46.023801997600003 ], [ 2.1767135056, 46.061221312800001 ], [ 2.0989755578, 46.158393747600002 ], [ 2.0826306559, 46.178824874900002 ], [ 2.4589620548, 46.566916630100003 ], [ 2.6706484667, 46.037700600400001 ], [ 2.9160819877, 45.863851856300002 ], [ 2.7764916726, 45.767212407400002 ], [ 2.7776455189, 45.737212404399997 ], [ 2.7778026632, 45.733126653600003 ], [ 2.6588881105, 45.802493476 ], [ 2.5412845483, 45.873055613299996 ] ] ] ] } },
{ "type": "Feature", "properties": { "STATE": "BAYBAR", "County": "Cedarbrook" }, "geometry": { "type": "MultiPolygon", "coordinates": [ [ [ [ -2.563466013132507, 43.752159648662293 ], [ -2.557353097832507, 43.752948411862292 ], [ -2.333978907974624, 43.439467671438329 ], [ -2.3142533891, 43.389164081700002 ], [ -2.1435897065, 43.1587681102 ], [ -2.148869454, 43.154727487099997 ], [ -3.2021168046, 42.348670841299999 ], [ -3.221633306043442, 42.360317785710194 ], [ -3.862879500328827, 42.742996966183959 ], [ -4.52460608216532, 43.137898313422511 ], [ -4.5414776225, 43.147966813300002 ], [ -4.579430197058052, 43.189554521426771 ], [ -4.615926085106068, 43.47239765368716 ], [ -2.5756415833, 43.731236846900003 ], [ -2.563466013132507, 43.752159648662293 ] ] ] ] } },
{ "type": "Feature", "properties": { "STATE": "NEW ZALES", "County": "Willowdale" }, "geometry": { "type": "MultiPolygon", "coordinates": [ [ [ [ 2.361616331303702, 58.076115707284643 ], [ 2.378562991646592, 58.083529871184659 ], [ 2.567561802446909, 58.092996136750479 ], [ 2.609928454346909, 58.304829396250476 ], [ 2.607562690663157, 58.306714394386383 ], [ 3.0812531743, 58.012506105299998 ], [ 3.0812531743, 57.921742475482226 ], [ 2.689538255096013, 57.773454327479179 ], [ 2.689577105761212, 57.772879429075218 ], [ 2.6787699812, 57.768897856899997 ], [ 2.6787699812, 57.9171811386 ], [ 2.365929029567161, 58.07395449308197 ], [ 2.365928998245516, 58.073954508778129 ], [ 2.365928967462548, 58.073954524204339 ], [ 2.361616330875161, 58.076115707070379 ], [ 2.361616331303702, 58.076115707284643 ] ] ] ] } },
{ "type": "Feature", "properties": { "STATE": "BAYBAR", "County": "Ferlington" }, "geometry": { "type": "MultiPolygon", "coordinates": [ [ [ [ 0.488447442637902, 45.389888061552313 ], [ 0.488447442637904, 45.389888061552305 ], [ 0.4495421339, 45.434697917699999 ], [ 0.2641800206, 45.630963684699999 ], [ 0.255593918753358, 45.639960901489843 ], [ 0.306643521053358, 45.89520891318984 ], [ 0.803642710005168, 46.213689909661831 ], [ 0.8258327714, 46.195609118900002 ], [ 0.9551824234, 46.090213106199997 ], [ 0.9689609312, 46.0969343294 ], [ 0.9673015779, 46.078681443699999 ], [ 0.9207396283, 45.566499997599998 ], [ 0.9206322162, 45.565318465200001 ], [ 1.0781807432, 45.4996732456 ], [ 0.887370010393738, 45.114519977446477 ], [ 0.887370010393735, 45.11451997744647 ], [ 0.881731165164918, 45.102288406113267 ], [ 0.880291521577601, 45.103728049700585 ], [ 0.868602121264918, 45.115417450013268 ], [ 0.680268900450506, 45.262098112938325 ], [ 0.515765298804615, 45.335920636889725 ], [ 0.504632787479189, 45.345153721498171 ], [ 0.504632787479189, 45.345797049398172 ], [ 0.488447442637902, 45.389888061552313 ] ] ] ] } },
{ "type": "Feature", "properties": { "STATE": "FLORENTIA", "County": "Lilymere" }, "geometry": { "type": "MultiPolygon", "coordinates": [ [ [ [ -13.449643443198889, 58.065852801030992 ], [ -13.446492094, 57.1819611564 ], [ -13.434004565351231, 57.16990209020566 ], [ -13.432928318506564, 57.108243949839363 ], [ -13.4328327332, 57.102767871300003 ], [ -14.395514647046699, 57.154129108616239 ], [ -14.3951025108171, 57.208777169886105 ], [ -14.400792220174138, 57.286592625487046 ], [ -14.217802961053444, 58.142035510147451 ], [ -14.289619619100311, 58.250300525712461 ], [ -14.471140812894843, 58.275537695752661 ], [ -13.801283256702527, 58.265716229857922 ], [ -13.4501754265, 58.215063683499999 ], [ -13.449643443198889, 58.065852801030992 ] ] ] ] } },
{ "type": "Feature", "properties": { "STATE": "GUAVA", "County": "Nova Ardiente" }, "geometry": { "type": "MultiPolygon", "coordinates": [ [ [ [ 6.7305313124, 56.052010151099999 ], [ 6.742356828065702, 56.04794219922838 ], [ 6.990982704015277, 55.962415434392703 ], [ 7.0199557962, 55.952448753200002 ], [ 7.020495188901047, 55.948642941452775 ], [ 7.1318060756, 55.163262866099998 ], [ 7.0505986861, 54.946080411099999 ], [ 6.8966118889, 55.152619203699999 ], [ 6.7102377357, 56.090885920799998 ], [ 6.7305313124, 56.052010151099999 ] ] ] ] } },
{ "type": "Feature", "properties": { "STATE": "UGHAMPTON", "County": "Bhazintagraphzen" }, "geometry": { "type": "MultiPolygon", "coordinates": [ [ [ [ 0.283936449648558, 53.061137425041245 ], [ 0.3945632099, 52.9252886803 ], [ 0.3794542129, 52.86003278 ], [ 0.378663789505403, 52.832342615560663 ], [ 0.4291111941, 52.5947212652 ], [ 0.429365169816989, 52.580171006078146 ], [ 0.4115157685, 52.576500668500003 ], [ 0.432028658729163, 52.427579828072275 ], [ 0.437721415137818, 52.101442030941939 ], [ 0.2103891722, 52.137955164700003 ], [ 0.210362708833308, 52.137505867547333 ], [ -0.56406879836971, 52.287996610144276 ], [ -0.993034157281106, 52.371354937911818 ], [ -1.000091257, 52.372726302799997 ], [ -1.0477855282, 53.052605555299998 ], [ -1.009075357276537, 53.00282621802954 ], [ -0.006466233611345, 53.594339374375743 ], [ -0.003528334605673, 53.601313904187869 ], [ 0.1863043133, 53.163714010299998 ], [ 0.197299188362616, 53.149575152717595 ], [ 0.283936449648558, 53.061137425041245 ] ] ] ] } },
{ "type": "Feature", "properties": { "STATE": "ORVILLE", "County": "Veldenport" }, "geometry": { "type": "MultiPolygon", "coordinates": [ [ [ [ -10.7010094413, 55.465604062329902 ], [ -10.719317915298527, 55.465284486726723 ], [ -10.7193179153, 55.465284486729907 ], [ -11.708499264950634, 55.444939176028946 ], [ -11.706074468095105, 55.436924589056602 ], [ -12.0375280471, 55.4311390453 ], [ -12.040026767226795, 55.481896765819485 ], [ -12.040156575454107, 55.484533623646151 ], [ -12.038352164089094, 55.484533623646151 ], [ -12.089223382796604, 56.559894663546558 ], [ -12.0867784429, 56.559965784100001 ], [ -12.087372374736804, 56.572786889050661 ], [ -10.781117714600001, 56.579542635629906 ], [ -10.781732360723916, 56.609402655250371 ], [ -10.74281767412498, 56.609979878355851 ], [ -10.7010094413, 55.465604062329902 ] ] ] ] } },
{ "type": "Feature", "properties": { "STATE": "HARMINGTON", "County": "Aurgthorin" }, "geometry": { "type": "MultiPolygon", "coordinates": [ [ [ [ -16.153965030689037, 58.508787352015979 ], [ -16.140258405739186, 58.509181648778409 ], [ -16.13814393150237, 58.503684073254071 ], [ -16.072186379605892, 58.494377966833085 ], [ -16.058809579525192, 58.438986101816639 ], [ -16.153965030689037, 58.508787352015979 ] ] ], [ [ [ -16.100756330053155, 58.773982036156902 ], [ -16.20829614413001, 59.173655199907451 ], [ -15.030802646074937, 59.110180886102405 ], [ -14.5662802429, 59.154079871599997 ], [ -14.566635567807833, 59.163142184866743 ], [ -14.251627008775602, 59.156116807475108 ], [ -13.574258681464167, 59.141010017529069 ], [ -13.574605245559043, 59.149405110620329 ], [ -13.19159663102835, 58.17427843461769 ], [ -13.4501754265, 58.215063683499999 ], [ -13.801283256702527, 58.265716229857922 ], [ -14.473103996162141, 58.275566479987944 ], [ -14.479724035546639, 58.269693702194353 ], [ -16.072186379605892, 58.494377966833085 ], [ -16.087019774461581, 58.555801431385511 ], [ -16.100756330053155, 58.773982036156902 ] ] ] ] } },
{ "type": "Feature", "properties": { "STATE": "NEW ZALES", "County": "Route City" }, "geometry": { "type": "MultiPolygon", "coordinates": [ [ [ [ 0.451658631094124, 59.1311408475039 ], [ 0.625181059060531, 59.205454427443854 ], [ 0.6837221606, 59.204056236699998 ], [ 0.69952708986028, 59.204063680328083 ], [ 0.707230054254809, 59.189784143433471 ], [ 0.7315334805, 59.109150594900001 ], [ 0.750990450793173, 59.050779683920979 ], [ 0.7510873198, 59.0504890769 ], [ 0.7664269696, 59.054871834 ], [ 0.9314617594, 59.102024631 ], [ 0.956641757302964, 59.110356807411712 ], [ 0.9523289163, 59.103447391700001 ], [ 0.9627469455, 58.973222027299997 ], [ 0.961967722963195, 58.97299580140227 ], [ 0.958486178282041, 58.971985030366071 ], [ 0.6609808723, 58.885612522199999 ], [ 0.6451706901, 58.881022469299999 ], [ 0.4968874084, 59.1352223807 ], [ 0.5046265732, 59.138073651900001 ], [ 0.5018461334, 59.142522355499999 ], [ 0.463561675451637, 59.132215001473426 ], [ 0.45685426875423, 59.131609711993455 ], [ 0.451658631094124, 59.1311408475039 ] ] ] ] } },
{ "type": "Feature", "properties": { "STATE": "NORTH ORLE", "County": "Halstead" }, "geometry": { "type": "MultiPolygon", "coordinates": [ [ [ [ -17.206176631200002, 57.9137750139 ], [ -17.449733862399999, 57.904326673 ], [ -18.705654324299999, 57.855605620600002 ], [ -18.771671969100002, 57.880997022400003 ], [ -18.783213515300002, 57.887921950200003 ], [ -18.783213515300002, 57.885436078700003 ], [ -18.789676781299999, 57.887921950200003 ], [ -18.783213515300002, 58.081819927799998 ], [ -18.474037053372751, 58.44158890171061 ], [ -18.427733889799999, 58.495468946599999 ], [ -17.939915270527713, 58.505475482350569 ], [ -17.167397035600001, 58.521322010200002 ], [ -17.205950289499999, 57.917321033699999 ], [ -17.206176631200002, 57.9137750139 ] ] ] ] } },
{ "type": "Feature", "properties": { "STATE": "ORVILLE", "County": "Greythorne" }, "geometry": { "type": "MultiPolygon", "coordinates": [ [ [ [ -11.99141897602925, 54.181885597425065 ], [ -11.695733826820234, 54.200650048973209 ], [ -10.676381087080973, 54.265339111465799 ], [ -10.644438923399999, 53.706232432299998 ], [ -10.642550716678143, 53.706346803957828 ], [ -10.627988346105047, 53.457812438612784 ], [ -10.6212248413, 53.070331507900001 ], [ -10.605420402884903, 53.072647851761488 ], [ -10.600666798348962, 53.073344553687718 ], [ -10.604598239661264, 53.058616083103274 ], [ -10.605861692071743, 53.053882775345542 ], [ -10.881285740572162, 53.03173115394987 ], [ -11.156577619729799, 53.009590162581816 ], [ -11.525626441522054, 52.974525119957868 ], [ -11.709660679947229, 52.958646575274344 ], [ -11.709645164299999, 52.958807373799999 ], [ -11.7120426863, 52.9585857541 ], [ -11.735545830439488, 52.956413194560795 ], [ -12.01989812047613, 52.931879169904043 ], [ -12.085106231299999, 54.141130791400002 ], [ -12.085940922397111, 54.141029691902851 ], [ -12.087706585083545, 54.175775097186481 ], [ -11.99141897602925, 54.181885597425065 ] ] ] ] } },
{ "type": "Feature", "properties": { "STATE": "NORTH ORLE", "County": "East Grinstead" }, "geometry": { "type": "MultiPolygon", "coordinates": [ [ [ [ -18.897784924281048, 53.909782338835939 ], [ -19.3109842464, 53.8593520019 ], [ -19.328307035400002, 54.812105394900001 ], [ -18.70236350109537, 54.795884962519636 ], [ -18.704527335323505, 54.633508559470521 ], [ -18.709569494240014, 54.630147120192852 ], [ -18.704574097550868, 54.629999472601071 ], [ -18.7046866327, 54.621554716299997 ], [ -18.471035058002371, 54.630694741200102 ], [ -18.42947472684121, 54.630818470377363 ], [ -18.336475276200002, 53.934765612699998 ], [ -18.3362524705, 53.9326489583 ], [ -18.39131003658299, 53.971596814003092 ], [ -18.897784924281048, 53.909782338835939 ] ] ] ] } },
{ "type": "Feature", "properties": { "STATE": "UGHAMPTON", "County": "Voldrinnak" }, "geometry": { "type": "MultiPolygon", "coordinates": [ [ [ [ 0.794852107471211, 55.146544258817819 ], [ 2.019580949269444, 55.199732432599788 ], [ 2.079393291053707, 55.224152299048086 ], [ 2.078343003039787, 54.956960165590189 ], [ 2.0485155247, 54.235200134 ], [ 2.072819084449482, 53.551681257681082 ], [ 2.1005859928, 53.304608725400001 ], [ 2.094113252831459, 53.304241659102587 ], [ 1.154123529232081, 53.175641548701904 ], [ 1.128316377922324, 53.188654248355007 ], [ 1.150581187878588, 53.248199643378989 ], [ 0.809355965418958, 53.411431534582114 ], [ 0.8074581644, 53.496998703300001 ], [ 0.72507094331865, 55.141707899856975 ], [ 0.760737858095263, 55.145105845293337 ], [ 0.794852107471211, 55.146544258817819 ] ] ] ] } },
{ "type": "Feature", "properties": { "STATE": "AQUALAND", "County": "Lavenshire" }, "geometry": { "type": "MultiPolygon", "coordinates": [ [ [ [ -9.4796830468, 44.044263795500001 ], [ -9.617743497199999, 44.044263795500001 ], [ -9.716286398799999, 44.085323337799998 ], [ -9.7614225187, 44.124011440499999 ], [ -9.845747123400001, 44.199903584799998 ], [ -9.877433674863315, 44.228421481138845 ], [ -9.8892309067, 44.239038989800001 ], [ -9.918205217891733, 44.2760386563682 ], [ -9.95017367670035, 44.294376559570424 ], [ -9.967973429, 44.359642317899997 ], [ -9.905017085600001, 44.490397800099998 ], [ -9.767247018600001, 44.776535631599998 ], [ -9.777443570699999, 44.795909080500003 ], [ -9.699505087, 44.854362943300004 ], [ -9.681130671864295, 45.006847414731944 ], [ -9.488643512344574, 44.329995931755242 ], [ -9.435095749640407, 44.055563647879779 ], [ -9.479665162537495, 44.048011767938156 ], [ -9.47652173, 44.044263795500001 ], [ -9.4796830468, 44.044263795500001 ] ] ] ] } },
{ "type": "Feature", "properties": { "STATE": "NEW ZALES", "County": "Maplehill" }, "geometry": { "type": "MultiPolygon", "coordinates": [ [ [ [ -0.694898263752431, 58.44955401788593 ], [ -0.6951818763, 58.452342874599999 ], [ -0.1462025571, 58.379836172099999 ], [ 0.4040115024, 58.475065528499997 ], [ 0.405472510555788, 58.47130865039108 ], [ 0.447167140268582, 58.373286306056421 ], [ 0.463355221689586, 58.335228798360646 ], [ 0.467838855560538, 58.317742626287718 ], [ 0.474056865764786, 58.293492386524129 ], [ 0.489154192624546, 58.260469572778412 ], [ 0.630238461027653, 58.312347378218654 ], [ 0.63181972350262, 58.312422728925206 ], [ 0.722251355989503, 58.330234524814088 ], [ 0.749098091841573, 58.336052821590883 ], [ 0.749099287751182, 58.335799604528901 ], [ 0.757263069659403, 58.331260356020955 ], [ 0.8483038262, 58.232615356499998 ], [ 0.848112008229159, 58.230543722401393 ], [ 0.8383723992, 58.125355944200003 ], [ 0.8060910075, 57.7767169145 ], [ 0.7995859117, 57.777195230300002 ], [ -0.6329303791, 57.882527310500002 ], [ -0.633819795697338, 57.889388524272526 ], [ -0.6529035774, 58.036606269300002 ], [ -0.694898263752431, 58.44955401788593 ] ] ] ] } },
{ "type": "Feature", "properties": { "STATE": "UGHAMPTON", "County": "Thirwellen" }, "geometry": { "type": "MultiPolygon", "coordinates": [ [ [ [ 2.093967298894622, 53.2816927146933 ], [ 2.087621584017983, 52.731069829018203 ], [ 0.9826966121, 52.693951471299997 ], [ 0.940062459193677, 52.685184693594387 ], [ 1.150581187878588, 53.248199643378989 ], [ 1.1520865731, 53.252225671799998 ], [ 1.161097784032081, 53.158760671701906 ], [ 2.093967298894622, 53.2816927146933 ] ] ] ] } },
{ "type": "Feature", "properties": { "STATE": "MARCENNE", "County": "Aux City" }, "geometry": { "type": "MultiPolygon", "coordinates": [ [ [ [ -3.023721962228354, 55.390540632956089 ], [ -2.7888835288844, 55.363091385085461 ], [ -2.569987098442513, 55.33750552892198 ], [ -2.632232078811153, 54.671604030364705 ], [ -2.63316276819147, 54.671587785120991 ], [ -2.80800155530026, 54.668535962711246 ], [ -2.85790232803427, 54.668037714354526 ], [ -2.84884762912194, 54.707145044288168 ], [ -2.850538289270443, 54.804002899049742 ], [ -2.865558619870237, 54.811858829926777 ], [ -2.89698074085298, 54.82829322255283 ], [ -3.0011892136, 54.852421086699998 ], [ -3.2189201269, 54.989063499799997 ], [ -3.216260624964229, 55.010324181209285 ], [ -3.227976941179848, 55.017206232438149 ], [ -3.2341711597, 55.0208446567 ], [ -3.194796742466146, 55.090013671329984 ], [ -3.0574652766, 55.394484742899998 ], [ -3.023721962228354, 55.390540632956089 ] ] ] ] } },
{ "type": "Feature", "properties": { "STATE": "WEST VILLE", "County": "Lysaraine" }, "geometry": { "type": "MultiPolygon", "coordinates": [ [ [ [ -8.809779755076477, 57.345792012662699 ], [ -7.841321888317369, 56.989690401345435 ], [ -7.842530941542907, 56.987917430962277 ], [ -7.866313954739535, 56.95304173059678 ], [ -7.876054755754701, 56.938757701289134 ], [ -7.875744658366205, 56.938162019725389 ], [ -7.721456810108838, 56.614640057416857 ], [ -7.960105091501929, 56.60825237246668 ], [ -8.733307157600001, 56.560801078499999 ], [ -8.733572118370041, 56.563520899838032 ], [ -8.809779755076477, 57.345792012662699 ] ] ] ] } },
{ "type": "Feature", "properties": { "STATE": "HARMINGTON", "County": "Greywick" }, "geometry": { "type": "MultiPolygon", "coordinates": [ [ [ [ -9.126615493299999, 57.994096728700001 ], [ -9.658226752199999, 58.006958534399999 ], [ -9.667499317400001, 58.538183436399997 ], [ -9.4946742757, 58.7847523716 ], [ -9.523763070499999, 59.182784691199998 ], [ -10.146229954400001, 59.326907295 ], [ -10.234767438, 59.3253618675 ], [ -10.090644834300001, 59.947828751300001 ], [ -8.630549067500001, 60.017597047300001 ], [ -8.637677625493211, 59.968195629703118 ], [ -8.7490600884, 59.1963071821 ], [ -8.763624749014543, 59.140561127806848 ], [ -9.039623437099999, 58.0841796399 ], [ -9.126615493299999, 57.994096728700001 ] ] ] ] } },
{ "type": "Feature", "properties": { "STATE": "GUAVA", "County": "Corval" }, "geometry": { "type": "MultiPolygon", "coordinates": [ [ [ [ 5.7532662139, 53.954240328200001 ], [ 5.7508467839, 54.092849382600001 ], [ 5.7253258448, 54.231055198699998 ], [ 6.0234948582, 54.359505345499997 ], [ 6.208172518, 54.370431755200002 ], [ 6.3729745754, 54.196142854100003 ], [ 5.7532662139, 53.954240328200001 ] ] ] ] } },
{ "type": "Feature", "properties": { "STATE": "PORTLAND", "County": "Santa Valerio" }, "geometry": { "type": "MultiPolygon", "coordinates": [ [ [ [ 5.3813423346, 57.391150487499999 ], [ 5.1917422325, 57.428495962200003 ], [ 4.7179617067, 57.112642278300001 ], [ 4.60877156595217, 57.035511703614937 ], [ 4.607859233971048, 57.034867243505943 ], [ 4.304410785255758, 57.206721597526659 ], [ 4.4805644052, 57.699951733200002 ], [ 4.5059322257, 57.7136986955 ], [ 4.559599624, 57.7338239698 ], [ 4.605553522404676, 57.751056681680232 ], [ 4.6396580753, 57.763845889 ], [ 4.6730895377, 57.8975717386 ], [ 4.655900263327807, 58.011995067614073 ], [ 4.8299328525, 57.982989636100001 ], [ 4.9301703301, 57.966283389899999 ], [ 4.927671742, 57.974612017 ], [ 4.933025098300001, 57.974153157899998 ], [ 5.0909828176, 57.905929604199997 ], [ 5.3918659791, 57.9811503946 ], [ 5.5423075599, 57.914287469800001 ], [ 5.5407024226, 57.909070773700002 ], [ 5.3813423346, 57.391150487499999 ] ] ] ] } },
{ "type": "Feature", "properties": { "STATE": "PORTLAND", "County": "Valle Rica" }, "geometry": { "type": "MultiPolygon", "coordinates": [ [ [ [ 4.019877176, 58.014279906600002 ], [ 3.9735353788, 58.566505561900001 ], [ 4.3921596064, 58.583999720900003 ], [ 4.4934885455, 58.347565529599997 ], [ 4.6043311235, 58.088932847800002 ], [ 4.6081532813, 58.0723701637 ], [ 4.6316236988, 58.016041161700002 ], [ 4.655900263327807, 58.011995067614073 ], [ 4.6730895377, 57.8975717386 ], [ 4.6396580753, 57.763845889 ], [ 4.605553522404676, 57.751056681680232 ], [ 4.559599624, 57.7338239698 ], [ 4.5059322257, 57.7136986955 ], [ 4.4805644052, 57.699951733200002 ], [ 4.2860738479, 57.699951733200002 ], [ 4.1446261698, 57.664589813699997 ], [ 3.9854975321, 57.682270773399999 ], [ 4.0208594516, 57.906229597 ], [ 4.0208594516, 57.9828470892 ], [ 4.019877176, 58.014279906600002 ] ] ] ] } },
{ "type": "Feature", "properties": { "STATE": "NOVA", "County": "Noel" }, "geometry": { "type": "MultiPolygon", "coordinates": [ [ [ [ -9.9422770765, 47.241549255499997 ], [ -9.8812267936, 47.241549255499997 ], [ -9.484399954600001, 47.0583984067 ], [ -9.135965539673727, 47.21240803491574 ], [ -9.123969034770271, 47.202810830974741 ], [ -9.118098257, 47.149973831099999 ], [ -9.0875731156, 47.119448689599999 ], [ -8.782321700900001, 46.875247557900003 ], [ -8.5463388766, 46.875247557900003 ], [ -8.5381205692, 46.875247557900003 ], [ -8.490084391920085, 46.863085169893559 ], [ -8.499074628632334, 46.746103900205341 ], [ -8.2786568668, 46.295269870200002 ], [ -8.11970122766796, 45.912832031131586 ], [ -8.123264718317097, 45.912973782434072 ], [ -8.295194610681332, 45.989351885752022 ], [ -8.2939194375, 45.9900184555 ], [ -8.305257152163451, 45.988705667492368 ], [ -8.687354397327503, 45.891607461952809 ], [ -9.774799634781147, 45.925096297665299 ], [ -9.774787279524141, 45.924975177492826 ], [ -9.798546798044077, 45.925704234769206 ], [ -9.851258928429315, 46.180302198178452 ], [ -10.043149254305337, 47.10712655167972 ], [ -10.0651035507, 47.213165125899998 ], [ -10.0338525009, 47.272074396900003 ], [ -9.95535928, 47.241549255499997 ], [ -9.9422770765, 47.241549255499997 ] ] ] ] } },
{ "type": "Feature", "properties": { "STATE": "DENBURG", "County": "Haverly" }, "geometry": { "type": "MultiPolygon", "coordinates": [ [ [ [ -19.193757859663883, 44.951505262840378 ], [ -18.930562610399999, 44.950547537399999 ], [ -18.235185506699999, 45.280466390599997 ], [ -18.104543355200001, 45.020451328699998 ], [ -17.832418642699999, 45.035289568899998 ], [ -17.610103862, 45.013949373499997 ], [ -17.570467162300002, 45.054994377699998 ], [ -17.477261234899998, 44.627869149299997 ], [ -17.899167818700001, 44.524666028 ], [ -17.934730121200001, 44.539177714300003 ], [ -18.050357994399999, 44.516982850799998 ], [ -18.359365294700002, 44.592295394200001 ], [ -18.349456119799999, 44.602556645200004 ], [ -18.4482582899, 44.772332904499997 ], [ -18.6434236196, 44.683175852200002 ], [ -18.977405417500002, 44.455403892 ], [ -18.982624062, 44.465401086 ], [ -19.078653320000136, 44.40764454636534 ], [ -19.095882122313874, 44.474397320308306 ], [ -19.1030897136317, 44.497049750164329 ], [ -19.103452325656406, 44.49831384609157 ], [ -19.115052116200001, 44.538751688700003 ], [ -19.186946551683494, 44.915784976241902 ], [ -19.193757859663883, 44.951505262840378 ] ] ] ] } },
{ "type": "Feature", "properties": { "STATE": "ARDENLAND", "County": "Hartwell" }, "geometry": { "type": "MultiPolygon", "coordinates": [ [ [ [ -12.342336385499999, 52.804622118200001 ], [ -12.278535590100001, 52.772721720500002 ], [ -12.2147347947, 52.682337260399997 ], [ -12.161567465099999, 52.618536464899996 ], [ -12.076499737900001, 52.602586266099998 ], [ -11.768129226799999, 52.352699817400001 ], [ -11.7678280485, 52.355821119300003 ], [ -11.763428896100001, 52.352228478199997 ], [ -11.7636832553, 52.349227039699997 ], [ -12.445575178089626, 52.552439864369568 ], [ -12.48526989305264, 52.564269415186196 ], [ -13.3576949458, 52.824263636200001 ], [ -13.3576949458, 52.826317387700001 ], [ -12.3476531184, 52.9056400443 ], [ -12.3476531184, 52.8950065784 ], [ -12.342336385499999, 52.863106180700001 ], [ -12.342336385499999, 52.804622118200001 ] ] ] ] } },
{ "type": "Feature", "properties": { "STATE": "HILLTON", "County": "Orvandel" }, "geometry": { "type": "MultiPolygon", "coordinates": [ [ [ [ -14.463756120499999, 52.806535942300002 ], [ -14.009512944, 52.7883662152 ], [ -13.973173489900001, 52.424971674 ], [ -14.061986037500001, 52.1052465024 ], [ -14.070486241699999, 52.109496604500002 ], [ -14.069722551908836, 52.105678155544183 ], [ -14.068403934699999, 52.099085069499999 ], [ -14.095170228700001, 52.106222747799997 ], [ -14.100361579299999, 52.134256041 ], [ -14.3156029614, 52.165004809899997 ], [ -14.336568031100001, 52.170595495100002 ], [ -14.340247975800001, 52.1685255262 ], [ -14.354737758100001, 52.170595495100002 ], [ -14.395619644, 52.137378962900002 ], [ -14.6226691302, 52.0096636269 ], [ -14.5546047558, 52.315953311599998 ], [ -14.627283664, 52.588499217500001 ], [ -14.642584486800001, 52.619100863100002 ], [ -14.6869709199, 52.729152976100004 ], [ -14.595327361795121, 52.761318543411491 ], [ -14.5182653017, 52.7883662152 ], [ -14.502922630248671, 52.793480439026496 ], [ -14.463756120499999, 52.806535942300002 ] ] ] ] } },
{ "type": "Feature", "properties": { "STATE": "MARCENNE", "County": "La Rochevale" }, "geometry": { "type": "MultiPolygon", "coordinates": [ [ [ [ -2.632232078811153, 54.671604030364705 ], [ -2.569987098442513, 55.33750552892198 ], [ -2.545448713957692, 55.600019018424973 ], [ -2.535207440906119, 55.709580930595045 ], [ -1.978419538392628, 55.712965471455064 ], [ -1.963676196834442, 55.659487901677863 ], [ -1.952882098033592, 55.199558623289391 ], [ -1.944668137913465, 54.570516935658077 ], [ -1.945255836674955, 54.573587784060528 ], [ -1.945123039944001, 54.570491886982701 ], [ -2.187884581677094, 54.557124492151004 ], [ -2.497531095648834, 54.559787367656085 ], [ -2.5348857738, 54.536351688 ], [ -2.6327475365, 54.6660896251 ], [ -2.632310527029961, 54.670764785398219 ], [ -2.632232078811153, 54.671604030364705 ] ] ] ] } },
{ "type": "Feature", "properties": { "STATE": "ORLAVIA", "County": "North Althorn" }, "geometry": { "type": "MultiPolygon", "coordinates": [ [ [ [ -10.694191261965242, 48.582791054402982 ], [ -10.692239679894858, 48.583461453167089 ], [ -9.540337504, 48.979157748399999 ], [ -9.508631588512351, 48.966046186143259 ], [ -8.962307159906315, 48.213132020108283 ], [ -8.956966777085551, 48.205772199336472 ], [ -9.788059913682801, 48.047767317840808 ], [ -9.99663837321166, 48.008113019989977 ], [ -10.191930294896599, 47.970984718017434 ], [ -10.1939074378901, 47.973393084764353 ], [ -10.694191261965242, 48.582791054402982 ] ] ] ] } },
{ "type": "Feature", "properties": { "STATE": "WESTVALE", "County": "Halqarn" }, "geometry": { "type": "MultiPolygon", "coordinates": [ [ [ [ -1.758704733384888, 52.468406044898437 ], [ -1.727644152965047, 52.43841119108837 ], [ -1.725343426, 52.433340369900002 ], [ -1.722076985732601, 52.433035040191761 ], [ -1.7215206914, 52.432497833 ], [ -0.564356597058065, 52.285765671220673 ], [ -0.5342870359, 52.281952753299997 ], [ -0.770638065182379, 50.7138981999747 ], [ -0.786648600778175, 50.71912923686628 ], [ -1.888138592457895, 51.118960044778746 ], [ -1.882896686959453, 51.176855920344963 ], [ -1.775384323455879, 52.36431006675862 ], [ -1.765847581941729, 52.469641610826827 ], [ -1.758704733384888, 52.468406044898437 ] ] ] ] } },
{ "type": "Feature", "properties": { "STATE": "ORLAY", "County": "North Couries" }, "geometry": { "type": "MultiPolygon", "coordinates": [ [ [ [ -9.738619495996158, 52.346285511715571 ], [ -9.468321744400001, 52.5026856466 ], [ -9.433295192706007, 52.527677705243299 ], [ -9.337557004144974, 52.583675513652679 ], [ -9.192528927224663, 52.423652849928949 ], [ -9.0123741089, 52.21539388 ], [ -8.732494232282763, 52.301304655279168 ], [ -8.732415568366168, 52.301220422173664 ], [ -8.726009008860821, 52.294360295878413 ], [ -8.717354969199805, 52.27609065659405 ], [ -8.715707980397095, 52.264081480706722 ], [ -8.714688763422529, 52.262770818823618 ], [ -8.656449584565905, 52.212951762211326 ], [ -8.604157238302541, 52.16821975516676 ], [ -9.10385496010189, 51.836840217613272 ], [ -9.38579554345813, 51.703908841869179 ], [ -9.6462753787, 51.912558455499997 ], [ -9.647052196625657, 51.911516813281736 ], [ -9.680655252164705, 51.866458170637252 ], [ -9.772356850481156, 51.728932224964296 ], [ -9.755600981303127, 51.765962761133352 ], [ -9.7591970624, 51.761140743299997 ], [ -9.71583350977151, 51.853849028163573 ], [ -9.6847714072, 51.920257661199997 ], [ -9.68562308771194, 51.920614178623588 ], [ -9.874473652700001, 51.999667903499997 ], [ -9.872148334275172, 52.004934065817558 ], [ -9.76121297500438, 52.256170026638699 ], [ -9.727268165061094, 52.333045037429216 ], [ -9.7244765284, 52.339367273400001 ], [ -9.738619495996158, 52.346285511715571 ] ] ] ] } },
{ "type": "Feature", "properties": { "STATE": "FLORENTIA", "County": "Lavender" }, "geometry": { "type": "MultiPolygon", "coordinates": [ [ [ [ -15.845043737569025, 57.265931478882827 ], [ -15.8230959801, 56.834041750799997 ], [ -15.806619186864554, 56.830226803520347 ], [ -15.804689909536489, 56.808350291329631 ], [ -15.8225637253, 56.803548896599999 ], [ -15.804240834688025, 56.803258130003719 ], [ -15.7884306846, 56.5265805031 ], [ -15.788474558058828, 56.526570753442442 ], [ -15.786748323699999, 56.499152609600003 ], [ -15.862980459099999, 56.497821972799997 ], [ -15.863185287738458, 56.449992088181432 ], [ -15.877338070391149, 56.440889709725113 ], [ -15.877343847858716, 56.441361831001913 ], [ -16.051093192218961, 56.471392581885688 ], [ -16.5803609144, 56.531053267399997 ], [ -16.594112700486587, 56.608139019955516 ], [ -16.593568337916476, 56.671285078088523 ], [ -16.605928973364271, 56.6743752369416 ], [ -16.6062624341, 56.676244453899997 ], [ -16.586963662599999, 57.252981218400002 ], [ -15.845043737569025, 57.265931478882827 ] ] ] ] } },
{ "type": "Feature", "properties": { "STATE": "AQUALAND", "County": "Nanzal" }, "geometry": { "type": "MultiPolygon", "coordinates": [ [ [ [ -12.316059690814244, 44.529978130165446 ], [ -12.364481616622113, 44.537669206454147 ], [ -12.333986225560285, 44.554472703511536 ], [ -12.306674494835958, 44.545620123462591 ], [ -12.316059690814244, 44.529978130165446 ] ] ], [ [ [ -12.39896225528911, 44.565954714748884 ], [ -12.384884461321679, 44.57690411005688 ], [ -12.359857272046249, 44.595674502013459 ], [ -12.331701684111389, 44.589417704694597 ], [ -12.331988614298998, 44.5538252156692 ], [ -12.333986225560285, 44.554472703511536 ], [ -12.344215278749104, 44.56439051541917 ], [ -12.363758982733852, 44.578767089033846 ], [ -12.370560613527104, 44.549293355596419 ], [ -12.373935066013679, 44.534670728154595 ], [ -12.364481616622113, 44.537669206454147 ], [ -12.356728873386819, 44.50964353887916 ], [ -12.416168447915968, 44.515900336198023 ], [ -12.41098530220804, 44.536160882545623 ], [ -12.422425245234827, 44.54092752547345 ], [ -12.403654853278253, 44.533106528824881 ], [ -12.403654853278253, 44.548748522122025 ], [ -12.39896225528911, 44.565954714748884 ] ] ] ] } },
{ "type": "Feature", "properties": { "STATE": "AQUALAND", "County": "Nanzal" }, "geometry": { "type": "MultiPolygon", "coordinates": [ [ [ [ -12.179255283020245, 44.553174127174167 ], [ -12.143339456592592, 44.542912462480551 ], [ -12.184386115367053, 44.501865803706089 ], [ -12.218591664345771, 44.489893861563537 ], [ -12.220301941794707, 44.508706913501833 ], [ -12.196358057509604, 44.52238913309332 ], [ -12.179255283020245, 44.553174127174167 ] ] ] ] } },
{ "type": "Feature", "properties": { "STATE": "NEW ZALES", "County": "Hillcrest" }, "geometry": { "type": "MultiPolygon", "coordinates": [ [ [ [ 1.276406426042802, 58.488899430756284 ], [ 1.27640608032447, 58.488889191084446 ], [ 1.276912993515802, 58.489046508970205 ], [ 1.442800242570827, 58.512445950410061 ], [ 1.458108822005775, 58.507466320028271 ], [ 1.473812947327948, 58.516810018313862 ], [ 1.9764142248, 58.339194657500002 ], [ 1.937353573, 58.319664331600002 ], [ 2.1990461942, 58.266911550499998 ], [ 2.329307016138904, 58.097053669897853 ], [ 2.059010130310289, 58.006156164479009 ], [ 1.455737470984293, 58.037576615468602 ], [ 1.45573747098372, 58.03757661546863 ], [ 1.168204364988736, 58.053305001333413 ], [ 1.122686901566782, 58.054922999283065 ], [ 0.857820447414835, 58.151381453159196 ], [ 0.851004877932653, 58.206955365306001 ], [ 0.848112008229159, 58.230543722401393 ], [ 0.8483038262, 58.232615356499998 ], [ 0.757263069659403, 58.331260356020955 ], [ 0.749099287751182, 58.335799604528901 ], [ 1.051351526400443, 58.423556363073764 ], [ 1.276406426042802, 58.488899430756284 ] ] ] ] } },
{ "type": "Feature", "properties": { "STATE": "NEW ZALES", "County": "Roseville" }, "geometry": { "type": "MultiPolygon", "coordinates": [ [ [ [ 0.351216067165757, 58.684240962884594 ], [ 0.334499826847155, 58.749421902566304 ], [ 0.330384915969641, 58.760347700414151 ], [ 0.328855800808259, 58.764407764808411 ], [ 0.628998583423568, 58.7617673677101 ], [ 0.63163080934977, 58.765883165595916 ], [ 0.723976822148108, 58.766333161058427 ], [ 0.806917713395006, 58.766737326041699 ], [ 0.870783936136422, 58.767048541540568 ], [ 0.875578953797767, 58.75078324717466 ], [ 0.888651231245251, 58.750457481796658 ], [ 0.894381673545758, 58.724617700820289 ], [ 0.919556038342676, 58.722846447488799 ], [ 0.9837820591, 58.842839816800002 ], [ 1.2594871426, 58.9551641101 ], [ 1.263259042679761, 58.95335516962848 ], [ 1.271353728, 58.947612646700001 ], [ 1.284618234333156, 58.939171597210809 ], [ 1.2984193691, 58.930389056899998 ], [ 1.296397738319711, 58.935884677211909 ], [ 1.3018537945, 58.933980784100001 ], [ 1.303611834742558, 58.933277568004506 ], [ 1.312722716314772, 58.929633215383539 ], [ 1.276586861783286, 58.494243673733294 ], [ 1.051351526400443, 58.423556363073764 ], [ 0.749099287751182, 58.335799604528901 ], [ 0.749098091841573, 58.336052821590883 ], [ 0.722251355989503, 58.330234524814088 ], [ 0.63181972350262, 58.312422728925206 ], [ 0.630238461027653, 58.312347378218654 ], [ 0.489154192624546, 58.260469572778412 ], [ 0.467838855560538, 58.317742626287718 ], [ 0.463355221689586, 58.335228798360646 ], [ 0.447167140268582, 58.373286306056421 ], [ 0.410372427968222, 58.472151527849995 ], [ 0.351216067165757, 58.684240962884594 ] ] ] ] } },
{ "type": "Feature", "properties": { "STATE": "NEW ZALES", "County": "Gel Tower" }, "geometry": { "type": "MultiPolygon", "coordinates": [ [ [ [ 0.6602482951, 58.882368251899997 ], [ 0.9735122423, 58.976347436 ], [ 0.9837820591, 58.842839816800002 ], [ 0.919556038342676, 58.722846447488799 ], [ 0.894381673545758, 58.724617700820289 ], [ 0.888651231245251, 58.750457481796658 ], [ 0.875578953797767, 58.75078324717466 ], [ 0.870783936136422, 58.767048541540568 ], [ 0.63163080934977, 58.765883165595916 ], [ 0.63520835305406, 58.771477080110607 ], [ 0.6439765598, 58.810307709699998 ], [ 0.646996798205946, 58.828429140238178 ], [ 0.6602482951, 58.882368251899997 ] ] ] ] } },
{ "type": "Feature", "properties": { "STATE": "AQUALAND", "County": "Eisenreach" }, "geometry": { "type": "MultiPolygon", "coordinates": [ [ [ [ -13.892804214808349, 48.194566983106903 ], [ -13.812560850400001, 48.258107420899996 ], [ -13.733769209802089, 48.330882036652746 ], [ -12.537765052099999, 48.24593445 ], [ -12.537023063884844, 48.241895188143381 ], [ -12.18247518518038, 48.198591630443708 ], [ -12.151696081899686, 48.211687827520898 ], [ -12.401236974417802, 47.335578812172287 ], [ -12.626774172048794, 47.339899933472608 ], [ -12.681391718382086, 47.354661432481606 ], [ -12.738961564517176, 47.335471483769915 ], [ -12.805388310057664, 47.335471483769915 ], [ -12.811292909661262, 47.317757684959112 ], [ -12.830035834480464, 47.313499713214455 ], [ -13.488737827876266, 47.30427020322729 ], [ -13.71941848143851, 47.382667732483355 ], [ -13.932447151738836, 47.453362154 ], [ -13.9375092072, 47.453362154 ], [ -13.8999910036, 48.081792064799998 ], [ -13.894231677100001, 48.178260782599999 ], [ -13.8958871217, 48.177207317899999 ], [ -13.892804214808349, 48.194566983106903 ] ] ] ] } },
{ "type": "Feature", "properties": { "STATE": "NOVA", "County": "Phaula Tërns" }, "geometry": { "type": "MultiPolygon", "coordinates": [ [ [ [ -9.681130671864295, 45.006847414731944 ], [ -9.682807139756857, 45.023282044962507 ], [ -9.774787279524141, 45.924975177492826 ], [ -8.952523865940977, 45.899744147483894 ], [ -8.687354397327503, 45.891607461952809 ], [ -8.2939194375, 45.9900184555 ], [ -8.295194610681332, 45.989351885752022 ], [ -8.123264718317097, 45.912973782434072 ], [ -8.240333116926935, 45.922552386623749 ], [ -8.338059039563436, 45.930548378224572 ], [ -8.1630974027, 45.597552351 ], [ -8.110768588799999, 45.348990484799998 ], [ -8.2633942961, 45.3184653434 ], [ -8.400757432700001, 44.906375933600003 ], [ -8.812846842400001, 44.417973670199999 ], [ -9.0875731156, 44.524811665400001 ], [ -9.135966632500001, 44.437703334799998 ], [ -9.2029730406, 44.378142083199997 ], [ -9.488643512344574, 44.329995931755242 ], [ -9.681130671864295, 45.006847414731944 ] ] ] ] } },
{ "type": "Feature", "properties": { "STATE": "NOVA", "County": "Chylesten" }, "geometry": { "type": "MultiPolygon", "coordinates": [ [ [ [ -8.490084391920085, 46.863085169893559 ], [ -8.3854948619, 46.936297840899996 ], [ -8.376140383099999, 46.964361277400002 ], [ -8.370427934746179, 46.981498622461459 ], [ -8.3549697205, 47.0278732652 ], [ -8.35134963477736, 47.045522543780393 ], [ -8.2939194375, 47.0278732652 ], [ -8.110768588799999, 47.073660977400003 ], [ -6.905025501, 47.104186118900003 ], [ -6.844780873136121, 47.124003477389927 ], [ -6.8897629303, 47.073660977400003 ], [ -6.9275457977, 46.538403689200003 ], [ -6.899086298109863, 45.876497536564322 ], [ -6.899048201886362, 45.875602682633279 ], [ -6.944164086282013, 45.866070600466522 ], [ -8.11970122766796, 45.912832031131586 ], [ -8.2786568668, 46.295269870200002 ], [ -8.499074628632334, 46.746103900205341 ], [ -8.490084391920085, 46.863085169893559 ] ] ] ] } },
{ "type": "Feature", "properties": { "STATE": "NOVA", "County": "Chylesten" }, "geometry": { "type": "MultiPolygon", "coordinates": [ [ [ [ -2.527170288088893, 45.388553509071095 ], [ -2.521488371550278, 45.382051348294638 ], [ -2.527974149286563, 45.388060230608886 ], [ -2.527170288088893, 45.388553509071095 ] ] ], [ [ [ -1.7419130005, 46.476376467100003 ], [ -2.031962991, 46.337579256399998 ], [ -2.426524562, 45.982906454599998 ], [ -2.4672073949, 45.386224906 ], [ -2.491088980320482, 45.354004928344921 ], [ -2.491088980318402, 45.354004928342107 ], [ -2.491088980320384, 45.354004928313032 ], [ -2.491088980338547, 45.354004928337609 ], [ -2.491089024570955, 45.35400428009055 ], [ -2.49630711245276, 45.358721652367016 ], [ -2.521488371550278, 45.382051348294638 ], [ -2.527170288088892, 45.388553509071095 ], [ -2.527170288088893, 45.388553509071095 ], [ -2.527170288088893, 45.388553509071095 ], [ -2.527974149286563, 45.388060230608886 ], [ -2.528378851341398, 45.387715861609621 ], [ -3.877091073420482, 46.60700878834492 ], [ -3.8905277438, 46.550487017499997 ], [ -3.9245019071, 46.579291199399997 ], [ -3.9076657606, 46.865505689899997 ], [ -3.5928820189, 47.168788090200003 ], [ -3.032694714592391, 47.402199466994837 ], [ -2.828076923992347, 47.263261461015844 ], [ -1.7644002415, 46.479499695 ], [ -1.7419130005, 46.476376467100003 ] ] ] ] } },
{ "type": "Feature", "properties": { "STATE": "HAMPTON", "County": "Oasis" }, "geometry": { "type": "MultiPolygon", "coordinates": [ [ [ [ -6.681136244132993, 44.559115640878524 ], [ -6.5746872448, 44.789755139599997 ], [ -6.533780272, 44.757029561400003 ], [ -6.520129681690634, 44.746109089147737 ], [ -6.447669358033628, 44.688140830196794 ], [ -6.375663445497401, 44.586227936209959 ], [ -6.234309331880795, 44.640816015690397 ], [ -6.152720605721167, 44.632790883576838 ], [ -6.07799114411499, 44.625440434190097 ], [ -5.488028664897195, 44.594269626460992 ], [ -5.2996972884, 44.641006311300004 ], [ -5.224184450351856, 44.625782365925183 ], [ -5.224184450351785, 44.625782365925197 ], [ -4.931578648040381, 44.844902831124884 ], [ -4.9284031422, 44.847280837 ], [ -4.29929080248328, 44.152635961952697 ], [ -4.515893654625813, 44.02068250032017 ], [ -4.554734568914096, 43.990727610062592 ], [ -5.214745286006528, 43.48171413904619 ], [ -5.670761844844354, 43.695865591611344 ], [ -6.085277610283117, 43.890527718587826 ], [ -6.802764071742272, 44.226873531729218 ], [ -6.80455635340915, 44.223886395618067 ], [ -6.816793640858029, 44.230402577048466 ], [ -6.81679364085803, 44.230402577048466 ], [ -6.82944894140148, 44.237141344503414 ], [ -6.699329381027015, 44.519697177604144 ], [ -6.6816008292, 44.558109039900003 ], [ -6.6811421034, 44.559102945799999 ], [ -6.681136244132993, 44.559115640878524 ] ] ] ] } },
{ "type": "Feature", "properties": { "STATE": "BAYBAR", "County": "New Hartford" }, "geometry": { "type": "MultiPolygon", "coordinates": [ [ [ [ 0.499179482479189, 45.34100878159817 ], [ 0.504632787479189, 45.345797049398172 ], [ 0.504632787479189, 45.345153721498171 ], [ 0.499179482479189, 45.34100878159817 ] ] ], [ [ [ 0.807874169237315, 46.217070850613901 ], [ 0.306643521053358, 45.89520891318984 ], [ 0.255593918753358, 45.639960901489843 ], [ 0.488447442637834, 45.389888061552384 ], [ 0.488447442637904, 45.389888061552305 ], [ 0.488447442637902, 45.389888061552313 ], [ 0.504632787479189, 45.345797049398172 ], [ 0.2753111906, 45.169695803800003 ], [ 0.10663899561167, 45.046697249609799 ], [ -0.026352053392896, 45.169324093787822 ], [ -0.256715429171914, 45.28002357925206 ], [ -0.763515673201113, 45.421805626435344 ], [ -0.951228837313098, 45.410818531918544 ], [ 0.6337168397, 46.352586452699995 ], [ 0.807874169237315, 46.217070850613901 ] ] ] ] } },
{ "type": "Feature", "properties": { "STATE": "BAYBAR", "County": "North Horward" }, "geometry": { "type": "MultiPolygon", "coordinates": [ [ [ [ 2.423611338022512, 46.814258056482352 ], [ 2.357727634212724, 46.87684757510165 ], [ 2.390045174694352, 46.866027943653897 ], [ 2.430199708403491, 46.860376649149202 ], [ 2.463141560308385, 46.830728982434792 ], [ 2.498164136156656, 46.74669458317328 ], [ 2.529025264118173, 46.718726685958153 ], [ 2.614674079070897, 46.748374352672563 ], [ 2.611379893880408, 46.656137167338855 ], [ 2.568555486404045, 46.626489500624452 ], [ 2.525731078927683, 46.675902278481793 ], [ 2.466435745498874, 46.689079019243749 ], [ 2.403846226879576, 46.702255760005706 ], [ 2.38078693054615, 46.745080167482072 ], [ 2.397257856498597, 46.787904574958432 ], [ 2.423611338022512, 46.814258056482352 ] ] ] ] } }
]
}
